username,user_id,title,text,tags,sentiment,developer,narrativa,jugabilidad,atmósfera,dificultad,tono_emocional
DoktoR_F4usT,76561198118032788,LawBreakers,"Honestly dont know how I feel about LawBreakers anymore nor dont know if its worth reccomending at this point. The reason I say this is because LawBreakers is a good game, its fast paced and way better than a lot of shooters Ive played in a while plus a better alternative to Overwatch since Paladins really failed on that for me (note: Im not comparing it to Overwatch, just saying its better team shooter). Best of all it plays like an arena shooter where skill matters and not having to rely on teammates to get their♥♥♥♥♥♥together. Regardless of how I feel about the game, the main issue is the playerbase which been dropping massively to the point where its just sad to even look at but also since Nexon is the publisher there is worry of this game possibly getting shut down just like Ghost in the Shell. So far there have been many updates and I admire BossKey for sticking with this game and listening to the community. But still no real progress hasnt been made to the growth of the game no matter what. Many reasons can be argued such as over saturation which might be the case at least imo or the game is just too hard for some people. It really depresses me that a game like this is bombing this hard because its really fun and all the times I played I had a blast even during the betas. Im not like one of those people who think it should be free to play because that will do nothing and I guarantee that, just look at Evolve or even Battleborn, nothing has happened to either since they went free to play. Overall I give the game an 8/10 but I cant reccommend until something big happens to the growth of the playerbase which i have yet to see and I dont see a good future for this game if even a free weekend cant bring in more players. Note: I havent played the game during the 1.4 update but have heard bad things about it so yeah I guess that really puts another nail in the coffin for this game.","['Action', 'FPS', 'Multiplayer', 'Shooter', 'Arena Shooter', 'First-Person', 'Fast-Paced', 'Sci-fi', 'Online Co-Op', 'Futuristic', 'Team-Based', 'Competitive', 'Co-op', 'Difficult', 'Class-Based', 'Great Soundtrack', 'MOBA', 'Memes', 'Strategy', 'Indie']",Mostly Positive,Boss Key Productions,2,4,4,3,negativo
Business Fish,76561198075594850,LawBreakers,More people play Bioshock 2's multiplayer,"['Action', 'FPS', 'Multiplayer', 'Shooter', 'Arena Shooter', 'First-Person', 'Fast-Paced', 'Sci-fi', 'Online Co-Op', 'Futuristic', 'Team-Based', 'Competitive', 'Co-op', 'Difficult', 'Class-Based', 'Great Soundtrack', 'MOBA', 'Memes', 'Strategy', 'Indie']",Mostly Positive,Boss Key Productions,1,2,2,3,negativo
Cmnickgaming,76561198004711136,LawBreakers,"I only played about a hour or so of the game so i have alot of discover about it yet But, from the little i did play, i am finding it to be better than when the game was in Beta & Alpha, I am not entirely sure if they tweaked alot since beta but i am finding it easier to get into now I hope Cliffy B & his studio: Boss Key Productions continues to deliver & Lawbreakers influences him to make more games at his new place 9/10","['Action', 'FPS', 'Multiplayer', 'Shooter', 'Arena Shooter', 'First-Person', 'Fast-Paced', 'Sci-fi', 'Online Co-Op', 'Futuristic', 'Team-Based', 'Competitive', 'Co-op', 'Difficult', 'Class-Based', 'Great Soundtrack', 'MOBA', 'Memes', 'Strategy', 'Indie']",Mostly Positive,Boss Key Productions,3,4,4,3,positivo
HE COOKIN'!!!!!,76561198122944652,LawBreakers,"The game is AMAZING. The gunplay, the abilities, the pacing ugh, probably the most fun I've ever had in an FPS. Unfortunately Boss Key is managed by a bunch of coked  out gibbons and the marketing fell completely flat. Between that and how oversatureted the multiplayer FPS genre is the playerbase is nonexistant. If, by some miracle the game revives itself then by all means, pick it up and revel in the breaknek manic gunfest, but as of now I'm not sure of there are enough active players to host a single game. Boss Key, I both bless you and curse you in one breath for killing this beautiful, marvelously fun game that you made.","['Action', 'FPS', 'Multiplayer', 'Shooter', 'Arena Shooter', 'First-Person', 'Fast-Paced', 'Sci-fi', 'Online Co-Op', 'Futuristic', 'Team-Based', 'Competitive', 'Co-op', 'Difficult', 'Class-Based', 'Great Soundtrack', 'MOBA', 'Memes', 'Strategy', 'Indie']",Mostly Positive,Boss Key Productions,2,5,4,3,positivo
secondri,76561198094717193,LawBreakers,"Quite the amazing game, high skill ceiling with fluent and satisfying combat.","['Action', 'FPS', 'Multiplayer', 'Shooter', 'Arena Shooter', 'First-Person', 'Fast-Paced', 'Sci-fi', 'Online Co-Op', 'Futuristic', 'Team-Based', 'Competitive', 'Co-op', 'Difficult', 'Class-Based', 'Great Soundtrack', 'MOBA', 'Memes', 'Strategy', 'Indie']",Mostly Positive,Boss Key Productions,2,5,4,4,positivo
DANGerousTony,76561198113281913,LawBreakers,"Really good, it just need a bigger player base.","['Action', 'FPS', 'Multiplayer', 'Shooter', 'Arena Shooter', 'First-Person', 'Fast-Paced', 'Sci-fi', 'Online Co-Op', 'Futuristic', 'Team-Based', 'Competitive', 'Co-op', 'Difficult', 'Class-Based', 'Great Soundtrack', 'MOBA', 'Memes', 'Strategy', 'Indie']",Mostly Positive,Boss Key Productions,2,4,3,3,positivo
Edgeworth,76561198025321433,LawBreakers,"I have not played it in this free weekend, but considering that it being free right now enables me to finally make a review from my playtime in the beta, I will do so. The game is bad. I am sorry. There is a reason this game has a low player number, and sure, partly it is because of the bad release timing, but the game itself is NOT what I want in an arena shooter. The enviroments are too flashy, the characters have absolutely zero personality or are in any way likeable. The game tries to be edgy and cool around every single corner and it is irritating to no end. Balance is nonexistent; the game has classes, but some are useless while some are way too present and ruin every game. While the game captures the fast-paced feel of old arena shooters like Quake or UT very well when just moving around, it certainly does not capture the gameplay. EVERY GAMEMODE but one revolves around capturing or holding objectives. Wanna have fun standing in a circle for 15 seconds in a fast-paced game? Imagine doing that in Quake. Fun? Not in the slightest. While Quake had modes like this, they were still faster and worked better; and still deathmach was more popular. The game launched without a deathmatch mode as well which, in my opinion, would've been the only fun thing to do in the game, and the lack of a deathmatch mode at launch certainly contributed to the rapid death. The only good modes in this game are the new skirmish kinda mode because it is the closest thing to deathmatch, and blitzball because you actually get to use the movement options in the game. Turf Wars sucks (holding three objectives at a time because ???), and the Battery/Uplink modes, which are both essentially the same modes but with different names(?), suck as well. Long story short, the game's biggest problems are the lack of balance between classes, the uninspired and for an fast paced arena shooter (largely) thematically stupid objectives, and the extremely boring aesthetic. Everything looks the same, future-y I guess, but still extremely boring. The graphics are great thanks to the engine, but that does not save the boring aesthetic. I had fun playing it in the free weekend on my first day, but on the second I began realizing the many glaring flaws and problems. It is a shame, too - with some rebalancing, a new vision and a different aesthetic, this could have been THE new modern day quake, just with classes. Sadly, they ruined it and the lead developers rude comments towards skeptics don't help. I would say definitely skip this one until it becomes fully free to play. Then, it won't hurt checking it out, but for now, stay away - this does not emulate the old glory days of arena shooters, it is a boring, uninspired and unbalanced mess.","['Action', 'FPS', 'Multiplayer', 'Shooter', 'Arena Shooter', 'First-Person', 'Fast-Paced', 'Sci-fi', 'Online Co-Op', 'Futuristic', 'Team-Based', 'Competitive', 'Co-op', 'Difficult', 'Class-Based', 'Great Soundtrack', 'MOBA', 'Memes', 'Strategy', 'Indie']",Mostly Positive,Boss Key Productions,1,2,1,3,negativo
Pan Dings,76561197974770053,LawBreakers,"This game is absolutely dead. On top of the dwindling playerbase, boss key decided to release a patch that absolutely destroyed the pace of the game. At this point its quite clear Bosskey is desperate to get players which means they are willing to ruin their game in the process. Oh well. My old positive review is now a negative one. Stay away from this game.","['Action', 'FPS', 'Multiplayer', 'Shooter', 'Arena Shooter', 'First-Person', 'Fast-Paced', 'Sci-fi', 'Online Co-Op', 'Futuristic', 'Team-Based', 'Competitive', 'Co-op', 'Difficult', 'Class-Based', 'Great Soundtrack', 'MOBA', 'Memes', 'Strategy', 'Indie']",Mostly Positive,Boss Key Productions,1,1,2,3,negativo
Maverick,76561198260344758,LawBreakers,Its like Overwatch and Destiny had a baby,"['Action', 'FPS', 'Multiplayer', 'Shooter', 'Arena Shooter', 'First-Person', 'Fast-Paced', 'Sci-fi', 'Online Co-Op', 'Futuristic', 'Team-Based', 'Competitive', 'Co-op', 'Difficult', 'Class-Based', 'Great Soundtrack', 'MOBA', 'Memes', 'Strategy', 'Indie']",Mostly Positive,Boss Key Productions,2,4,3,3,positivo
Sergent_dbdb,76561198168314344,LawBreakers,Dead sadly...,"['Action', 'FPS', 'Multiplayer', 'Shooter', 'Arena Shooter', 'First-Person', 'Fast-Paced', 'Sci-fi', 'Online Co-Op', 'Futuristic', 'Team-Based', 'Competitive', 'Co-op', 'Difficult', 'Class-Based', 'Great Soundtrack', 'MOBA', 'Memes', 'Strategy', 'Indie']",Mostly Positive,Boss Key Productions,1,2,2,3,negativo
Spartan II 777,76561198032017147,LawBreakers,game dead?  stop cheating. edit.  Look at all the cheaters downvoting my review,"['Action', 'FPS', 'Multiplayer', 'Shooter', 'Arena Shooter', 'First-Person', 'Fast-Paced', 'Sci-fi', 'Online Co-Op', 'Futuristic', 'Team-Based', 'Competitive', 'Co-op', 'Difficult', 'Class-Based', 'Great Soundtrack', 'MOBA', 'Memes', 'Strategy', 'Indie']",Mostly Positive,Boss Key Productions,1,2,2,3,negativo
legodj16 BoostedBanobo,76561198122351815,LawBreakers,"Lawbreakers is a prime example of what happens when you sell a game based on your attitude instead of decent marketing campaigns... (looking at you Cliff) All in all, there's no incentive from the game to keep the players playing.","['Action', 'FPS', 'Multiplayer', 'Shooter', 'Arena Shooter', 'First-Person', 'Fast-Paced', 'Sci-fi', 'Online Co-Op', 'Futuristic', 'Team-Based', 'Competitive', 'Co-op', 'Difficult', 'Class-Based', 'Great Soundtrack', 'MOBA', 'Memes', 'Strategy', 'Indie']",Mostly Positive,Boss Key Productions,1,2,2,3,negativo
Background Music,76561198126783889,LawBreakers,Lawbreakers: The game where playing support is actually fun. Pretty kewl,"['Action', 'FPS', 'Multiplayer', 'Shooter', 'Arena Shooter', 'First-Person', 'Fast-Paced', 'Sci-fi', 'Online Co-Op', 'Futuristic', 'Team-Based', 'Competitive', 'Co-op', 'Difficult', 'Class-Based', 'Great Soundtrack', 'MOBA', 'Memes', 'Strategy', 'Indie']",Mostly Positive,Boss Key Productions,2,4,3,3,positivo
Rawshag,76561198091203454,LawBreakers,♥♥♥♥,"['Action', 'FPS', 'Multiplayer', 'Shooter', 'Arena Shooter', 'First-Person', 'Fast-Paced', 'Sci-fi', 'Online Co-Op', 'Futuristic', 'Team-Based', 'Competitive', 'Co-op', 'Difficult', 'Class-Based', 'Great Soundtrack', 'MOBA', 'Memes', 'Strategy', 'Indie']",Mostly Positive,Boss Key Productions,2,4,3,4,positivo
Proxidist,76561198049638242,LawBreakers,ah,"['Action', 'FPS', 'Multiplayer', 'Shooter', 'Arena Shooter', 'First-Person', 'Fast-Paced', 'Sci-fi', 'Online Co-Op', 'Futuristic', 'Team-Based', 'Competitive', 'Co-op', 'Difficult', 'Class-Based', 'Great Soundtrack', 'MOBA', 'Memes', 'Strategy', 'Indie']",Mostly Positive,Boss Key Productions,1,4,3,4,neutral
[PCREW]Lockd0wnn,76561198056005404,LawBreakers,Really easy to pick up and easy to play longer. Good and fast gameplay and good difference between characters,"['Action', 'FPS', 'Multiplayer', 'Shooter', 'Arena Shooter', 'First-Person', 'Fast-Paced', 'Sci-fi', 'Online Co-Op', 'Futuristic', 'Team-Based', 'Competitive', 'Co-op', 'Difficult', 'Class-Based', 'Great Soundtrack', 'MOBA', 'Memes', 'Strategy', 'Indie']",Mostly Positive,Boss Key Productions,2,4,3,2,positivo
Pagefile21,76561198116756594,LawBreakers,Feels like Quake.....I like it.,"['Action', 'FPS', 'Multiplayer', 'Shooter', 'Arena Shooter', 'First-Person', 'Fast-Paced', 'Sci-fi', 'Online Co-Op', 'Futuristic', 'Team-Based', 'Competitive', 'Co-op', 'Difficult', 'Class-Based', 'Great Soundtrack', 'MOBA', 'Memes', 'Strategy', 'Indie']",Mostly Positive,Boss Key Productions,1,4,3,3,positivo
Apple On A Tree,76561198061910271,LawBreakers,Fun game I enjoy it,"['Action', 'FPS', 'Multiplayer', 'Shooter', 'Arena Shooter', 'First-Person', 'Fast-Paced', 'Sci-fi', 'Online Co-Op', 'Futuristic', 'Team-Based', 'Competitive', 'Co-op', 'Difficult', 'Class-Based', 'Great Soundtrack', 'MOBA', 'Memes', 'Strategy', 'Indie']",Mostly Positive,Boss Key Productions,2,4,3,3,positivo
[SsT] Salty,76561197994319342,LawBreakers,"Lawbreakers is the first game that has effectively evolved the arena shooter into the modern era of gaming. This game has Cliffy B written all over it and if you're a fan of high-mobility, creative combat, and skill-based shooters - this game is for you. Lawbreakers does for online multiplayer what DOOM (2016) did for single player. It's a breath of fresh air and I can't get enough of it. Two thumbs way way up, highly recommend.","['Action', 'FPS', 'Multiplayer', 'Shooter', 'Arena Shooter', 'First-Person', 'Fast-Paced', 'Sci-fi', 'Online Co-Op', 'Futuristic', 'Team-Based', 'Competitive', 'Co-op', 'Difficult', 'Class-Based', 'Great Soundtrack', 'MOBA', 'Memes', 'Strategy', 'Indie']",Mostly Positive,Boss Key Productions,3,5,4,4,positivo
SuicidalMuffin | CSGOatse.com,76561198125269735,LawBreakers,"Lawbreakers is a great alternative if u already tired of other shooters and want something new to play with. The combat is fast paced and every class has their own very unique skills and movesets, which would require a lot of learning, its something that you have to take time to get use to it. However, the game tutorial is lazy. They just shove some Youtube videos to your face and expect you to know everything about the game. Hell, they doesnt even teach you that you can blindfire behind you by pressing Ctrl, which you can use to blindfire at whoever chasing you or use the momentum of the gunfire to propel yourself through the zero-g areas in the game. That is why you see a bunch new players coming in, didnt know what they can do, die a lot, they get frustrated and they are done with the game. Even I know that by accidentally pressing Ctrl. Make an actual tutorial. Not just some Youtube ♥♥♥♥ing video. Teach them every combo that each class can do by classify it into different difficulty levels or something (if possible). This should have come out during beta but for some reason the devs overlooked this essential part of the game. If you are a new player and you are reading, I would recommend you to go into the sandbox in tutorial and try every single possible thing in there, move around, shoot around to get familiar with the game. If you have any difficulty, feel free to ask me. If you are the dev reading this, ffs make an actual tutorial. C'mon, if you want us to show how #skilledAF we are, at least teach us the basic with dedicated tutorials. Go watch this video from TotalBiscuit if u want people to stay in this game. Ouh! forgot to mention this. why the hell in game chat keep switching from left and right? and why the hell I can't see the whole chat if the sentence is too long? anyone care to enlighten me?","['Action', 'FPS', 'Multiplayer', 'Shooter', 'Arena Shooter', 'First-Person', 'Fast-Paced', 'Sci-fi', 'Online Co-Op', 'Futuristic', 'Team-Based', 'Competitive', 'Co-op', 'Difficult', 'Class-Based', 'Great Soundtrack', 'MOBA', 'Memes', 'Strategy', 'Indie']",Mostly Positive,Boss Key Productions,2,4,3,4,negativo
Iskarius,76561197974004598,LiEat,"Short and sweet is what I would describe this. LiEat is a story about a small dragon that eats lies and a man that lies. The story is divided into 3 acts, each involving its own mystery. Its not much of a game. Its incredibly easy, not too challenging, even when there is a little bit of gameplay. Luckily its a story driven experience. It was a little confusing to tell what I needed to do next, and it required a little of trial and error. You needed to do some things in order so I ended up doing same things over and over until I got it all in order. The game is short, which I think is a good thing. I liked the characters. I found all of them to be interesting and fun. The story was good, but I also wish there was more of it. Its a complex thing, because I think the game has a good length and it ends well, but I also was left feeling that we're not quite done with these characters. I should also add that the short animations were fantastic, whenever there was animation. I wish there was an anime with that style made out of this, but I somehow doubt that will happen. Overall, it is an enjoyable game that manages to tell a sweet, endearing story in short amount of time, but the gameplay holds it back. If you want a story that's sweet like candy, then I recommend this to you.","['Anime', 'RPG', 'Cute', 'Indie', 'Pixel Graphics', 'Great Soundtrack', 'Story Rich', 'JRPG', 'Singleplayer', '2D', 'RPGMaker', 'Female Protagonist', 'Adventure', 'Casual', 'Fantasy', 'Drama', 'Turn-Based', 'Atmospheric', 'Surreal', 'Nudity']",Overwhelmingly Positive,△○□× (Miwashiba),4,2,4,1,positivo
The_Cpt_FROGGY,76561198003030375,LiEat,"LiEat: ~~~~ I guess everybody in their lifetime has managed to tell a couple of lies (or embellish the truth) here and there. Well, imagine you come across “Leo,” a caretaker, and “Efina,” a demon who is a lie detector, nourishing herself by eating lies. You would probably be in a rather awkward position, wouldn’t you say? LiEat is a rich story /JRPG game where you play “Efina” and her caretaker in three very well written short stories (LiEat I, II and III). Leo is essentially a con artist who is selling information from one town to the next and keeps changing his name and appearance all the time. Efina was born from a dragon egg; she has the appearance a four year-old child but she is only two months old. She call Leo (Hal, Theo, Albert and god knows what) “Papa” (father) due to the fact that he has raised her since she hatched. In each location they visit, they will be faced with strange events, will investigate them and aim to find all the culprits. You will interact with interesting characters in each of the stories and even have the ability to read their bio’s at the end of each episode. I like that, as it really reinforces the thoughts behind all the characters in their journey. There is a combat phase, which is not the big aspect of this game; it is easy and provides you with a little bit of respite between the reading stages. The Pixel graphics lent the game a nostalgic feel, reminding me of playing on my colour Gameboy. Some people may find the low resolution a bit of an issue but all I can say is, do not worry about it. Great price point, only $2.99 for practically three games. No voice over in this game, however the soundtrack is good. Positives: ~~~~~~~ -	Three short and rich stories -	Interesting characters -	Nice Pixel graphics -	Achievements and trading cards Negatives: ~~~~~~~~ -	Combat phase could have been better LiEat series are well written and enjoyable to play (mostly reading).  Whether you already like this genre or have not yet been introduced to it, I recommend this series. 8/10 Key provided by developer/publisher for review purposes. Any opinions expressed are entirely my own!","['Anime', 'RPG', 'Cute', 'Indie', 'Pixel Graphics', 'Great Soundtrack', 'Story Rich', 'JRPG', 'Singleplayer', '2D', 'RPGMaker', 'Female Protagonist', 'Adventure', 'Casual', 'Fantasy', 'Drama', 'Turn-Based', 'Atmospheric', 'Surreal', 'Nudity']",Overwhelmingly Positive,△○□× (Miwashiba),5,3,4,2,positivo
『 Ari 』,76561198089342645,LiEat,I can't express my love for this game in words... It's just so perfect for a short story. Plus it has the greatest soundtrack ever (Lamp is such a good song.),"['Anime', 'RPG', 'Cute', 'Indie', 'Pixel Graphics', 'Great Soundtrack', 'Story Rich', 'JRPG', 'Singleplayer', '2D', 'RPGMaker', 'Female Protagonist', 'Adventure', 'Casual', 'Fantasy', 'Drama', 'Turn-Based', 'Atmospheric', 'Surreal', 'Nudity']",Overwhelmingly Positive,△○□× (Miwashiba),5,5,5,2,positivo
✄Mr. Meowgi©✄,76561198042333797,LiEat,"This game is really fun, well worth the $3. Honestly this game is probably worth more like $5 or $10.","['Anime', 'RPG', 'Cute', 'Indie', 'Pixel Graphics', 'Great Soundtrack', 'Story Rich', 'JRPG', 'Singleplayer', '2D', 'RPGMaker', 'Female Protagonist', 'Adventure', 'Casual', 'Fantasy', 'Drama', 'Turn-Based', 'Atmospheric', 'Surreal', 'Nudity']",Overwhelmingly Positive,△○□× (Miwashiba),4,5,4,2,positivo
GameJeannie,76561198054570404,LiEat,"I'm going to keep this short and sweet: This game is adorable...the characters (as in most Miwashiba titles) are interesting and likeable, and I really hope that they appear again. Tbh I would love to see a larger murder-mystery game featuring our favorite lie-eating dragon and her Papa.","['Anime', 'RPG', 'Cute', 'Indie', 'Pixel Graphics', 'Great Soundtrack', 'Story Rich', 'JRPG', 'Singleplayer', '2D', 'RPGMaker', 'Female Protagonist', 'Adventure', 'Casual', 'Fantasy', 'Drama', 'Turn-Based', 'Atmospheric', 'Surreal', 'Nudity']",Overwhelmingly Positive,△○□× (Miwashiba),4,4,5,2,positivo
Everitt,76561198112191533,LiEat,"it's a fun little game. left me wanting more, but no matter how i think about it, it seems like a sequal wouldn't be as good. P.S. gold is worthless in this game (nothing to spend it on)","['Anime', 'RPG', 'Cute', 'Indie', 'Pixel Graphics', 'Great Soundtrack', 'Story Rich', 'JRPG', 'Singleplayer', '2D', 'RPGMaker', 'Female Protagonist', 'Adventure', 'Casual', 'Fantasy', 'Drama', 'Turn-Based', 'Atmospheric', 'Surreal', 'Nudity']",Overwhelmingly Positive,△○□× (Miwashiba),4,3,4,2,positivo
Nemesis,76561198095162266,LiEat,"There isn't an RPG I know of that has held such charm and innocence above it's rather darkly surreal world like LiEat. You play as Theobald Leonhearts and his dainty companion Efina through 3 games, each taking place after one another. You follow them through 3 different settings each one sprinkling you bite-sized bits of Theo's and Efi's personality and past while foreshading a deeper meaning to your adventures. Each game plays the same way only differing in story and setting so the game will be evaluated in a general sense. Soundtrack The sound design in the game works well but isn't anything special at all. It gets moody or bright when it needs to be. Overall the music seems to give off the feeling of bittersweetness which is fitting for the game. Gameplay The gameplay here is what you expect of an RPG with a little twist where you can decide if you indeed want to engage or not in combat beased on being given an option to decided whether or not a lie is genuine or not. This makes the combat pretty much optional save for the bosses and the few unavoidable fights. However the ending you recieve can be determined by your character level but unfortunetly the enemy scaling is really bad. All the enemies save for boss characters are lies in a physical creature-like form and it is possible to get strong enough to destroy the bosses by grinding on the weakest enemies. They just give you way to much exp and this becomes more apparent each game the first being the most balanced in my opinon. I also find it odd you get money too but never use it for anything. The game progresses for the most part by speaking with characters or checking objects in a sequential matter which is sometimes boring to be honest. Sometimes this leads you to pressing 'Z' on everything you come in contact with or searching around far too long. This also led to me finding the legendary weapons in both the 2nd and 3rd games which was pretty cool because they were hidden invisibly but they really break the game and I don't recommend even picking them up unless you just want to enjoy the story. In the second game you can find the legendary weapon on the second screen right at the beginning which is very unfortunate but the thrid game fixes this. Overall the gameplay is fine if a little imbalanced and sometimes mundane. It seems comfortable not taking the idea of deciding which lies are genuine further than a plot device rather than a real  fight mechanic. I liked that Efi follows you like Pikachu would in the old Pokemon games but was dissapointed that I couldn't turn around to converse with her. Story The story is the meat of this game in my opinion but it sure takes it's time selling you on it and I really felt like most of it was in the 3rd game while the other 2 were just primers for the big drop. It's not the best but not the worst and once I was learning more about Theo and Efi I definetly wanted more and the game delivers well on that part. This game contains interesting lore where dragons are born with human appearences and each with a special ability and it delves a bit into the idea but often I found that the abilities were pretty lame. For the most part the characters you engage with are interesting and have a personality that is acceptable but they are mostly forgettable. Sometimes the dialog makes no sense given the context an example of this is the responses you get from the maids after completing the investigation on them in the 3rd game. The most enjoyable moments here are the interactions between Efi and Theo. LiEat is an RPG mostly centered around it's story and the relationship between the two main characters. The combat is almost optional and could use some work to balance out. The settings could be better since the 2nd and 3rd game's are too similar. It is thematicly cute feeling but keeps a dark and surreal tone when it comes to the plot devices which was pretty neat. Overall it is enjoyable but rough around the edges at times. You can tell if this game is going to be enjoyable for you almost immediatly. I say follow your gut on whether or not you want to play this one because it is an experience that is varied but what is appealing about it very apparent and doesn't stray far from that.  Graphics The art design is what you would expect from an RPG Maker game however LiEat sets itself apart from the others with it's brief animations which are usually used to introduce a character for the first time or during key events. The static images that are sometimes used instead of an animation in these sequences are okay, they usually feature a character posing cooly. My only gripe here is the character portraits that appear when one of them is talking. They are cool looking but are harsh on the eyes to make out the smaller details in them. For me this was a 6/10 slightly above average but could have been a 7 if the game had a little more strategy involved in the combat it was just too much of a breeze. I enjoyed it in parts but didn't in others but I'd still recommend becasue the price is very fair for what it offers.","['Anime', 'RPG', 'Cute', 'Indie', 'Pixel Graphics', 'Great Soundtrack', 'Story Rich', 'JRPG', 'Singleplayer', '2D', 'RPGMaker', 'Female Protagonist', 'Adventure', 'Casual', 'Fantasy', 'Drama', 'Turn-Based', 'Atmospheric', 'Surreal', 'Nudity']",Overwhelmingly Positive,△○□× (Miwashiba),4,3,4,2,positivo
"Senpai-chan, Magic Loli・*☆",76561198049208188,LiEat,"This game is very fun and kinda cute too. <3      The battle system is nothing too special, but the characters are likeable and the story and mysteries are interesting. It is certainly worth $3.","['Anime', 'RPG', 'Cute', 'Indie', 'Pixel Graphics', 'Great Soundtrack', 'Story Rich', 'JRPG', 'Singleplayer', '2D', 'RPGMaker', 'Female Protagonist', 'Adventure', 'Casual', 'Fantasy', 'Drama', 'Turn-Based', 'Atmospheric', 'Surreal', 'Nudity']",Overwhelmingly Positive,△○□× (Miwashiba),4,3,4,2,positivo
ProtectedByWill,76561198300335383,LiEat,"Do not recommend. The stories were weak. The lead characters were weaker. The secondary characters were decent cliches. The combat was barely there and entirely pointless. The world building was interesting, but in the end it never went anywhere.","['Anime', 'RPG', 'Cute', 'Indie', 'Pixel Graphics', 'Great Soundtrack', 'Story Rich', 'JRPG', 'Singleplayer', '2D', 'RPGMaker', 'Female Protagonist', 'Adventure', 'Casual', 'Fantasy', 'Drama', 'Turn-Based', 'Atmospheric', 'Surreal', 'Nudity']",Overwhelmingly Positive,△○□× (Miwashiba),1,1,3,1,negativo
KingLightan,76561198110066008,LiEat,"This game is an amazing visual novel played as a classic jrpg. Albeit easy, it touchs the heart strings and makes you wanna move forward with its intriguing story about a dragon that devours lies in the shape fo a little girl (VERY KAWAII) i highly recommend this very low priced game with more originality and character devolpment than our current AAA games.","['Anime', 'RPG', 'Cute', 'Indie', 'Pixel Graphics', 'Great Soundtrack', 'Story Rich', 'JRPG', 'Singleplayer', '2D', 'RPGMaker', 'Female Protagonist', 'Adventure', 'Casual', 'Fantasy', 'Drama', 'Turn-Based', 'Atmospheric', 'Surreal', 'Nudity']",Overwhelmingly Positive,△○□× (Miwashiba),5,4,5,2,positivo
Snowfox,76561198052880366,LiEat,"LiEat is a nice little detectiv game/story. It`s like playing a episode of ""Detective Conan"" only with some small battles in between. The game is split into 3 Episodes (all included when buying the game), each can be played between 1-2h. The main focus of the game are the characters and the story,  both parts are really good presentet. The battle system is a turn based system same like in any RPG-Maker game, nothing fency on this part. The music its really nice made. There are some really nice looking cut scenes and pictures an at the end of each episode you can read all infos of the characters and see all cut scenes, pictures and music again. You can see there was alote of work put into the game and I can recommend it to everyone that liks short little crime/dective storys but if you looking for a good and long RPG game with a deep battle system this is nothing for you.","['Anime', 'RPG', 'Cute', 'Indie', 'Pixel Graphics', 'Great Soundtrack', 'Story Rich', 'JRPG', 'Singleplayer', '2D', 'RPGMaker', 'Female Protagonist', 'Adventure', 'Casual', 'Fantasy', 'Drama', 'Turn-Based', 'Atmospheric', 'Surreal', 'Nudity']",Overwhelmingly Positive,△○□× (Miwashiba),4,3,4,2,positivo
Footloose20005,76561198047940086,LiEat,I have a little bit of a mixed opinion about this game. I really liked the art style and soundtrack in this game but i couldn't really get into the story and characters. Overall i liked it more than disliked it and managed to playthrough it without getting too bored so it gets the thumbs up,"['Anime', 'RPG', 'Cute', 'Indie', 'Pixel Graphics', 'Great Soundtrack', 'Story Rich', 'JRPG', 'Singleplayer', '2D', 'RPGMaker', 'Female Protagonist', 'Adventure', 'Casual', 'Fantasy', 'Drama', 'Turn-Based', 'Atmospheric', 'Surreal', 'Nudity']",Overwhelmingly Positive,△○□× (Miwashiba),3,4,5,2,positivo
Ryzen_7x THICC,76561198272012403,LiEat,Much love went into this game pretty good story Good ending.,"['Anime', 'RPG', 'Cute', 'Indie', 'Pixel Graphics', 'Great Soundtrack', 'Story Rich', 'JRPG', 'Singleplayer', '2D', 'RPGMaker', 'Female Protagonist', 'Adventure', 'Casual', 'Fantasy', 'Drama', 'Turn-Based', 'Atmospheric', 'Surreal', 'Nudity']",Overwhelmingly Positive,△○□× (Miwashiba),4,4,4,2,positivo
Ryzen_7x THICC,76561198272012403,LiEat,Much love went into this game pretty good story Good ending.,"['Anime', 'RPG', 'Cute', 'Indie', 'Pixel Graphics', 'Great Soundtrack', 'Story Rich', 'JRPG', 'Singleplayer', '2D', 'RPGMaker', 'Female Protagonist', 'Adventure', 'Casual', 'Fantasy', 'Drama', 'Turn-Based', 'Atmospheric', 'Surreal', 'Nudity']",Overwhelmingly Positive,△○□× (Miwashiba),4,4,5,2,positivo
awesoman519,76561198320118796,LiEat,"I'll be honest, I hated my first 20 minutes. It was full of me wandering around and getting frustrated. But the game started to grow on me. I realized my mistakes, payed more attention to the characters and story, and enjoyed the game a lot more. each act in the game (there are 3 acts) include different endings depending on whether you f*** up on the bosses. The game is very simple and can be completed in an hour or two, but I don't regret it at all.","['Anime', 'RPG', 'Cute', 'Indie', 'Pixel Graphics', 'Great Soundtrack', 'Story Rich', 'JRPG', 'Singleplayer', '2D', 'RPGMaker', 'Female Protagonist', 'Adventure', 'Casual', 'Fantasy', 'Drama', 'Turn-Based', 'Atmospheric', 'Surreal', 'Nudity']",Overwhelmingly Positive,△○□× (Miwashiba),4,3,4,2,positivo
Reighnvhasta,76561198030127591,LiEat,"A short collection of three cute and interesting rpgmaker stories following our two protagonists. Each story has its own set of mini-cutscenes and graphics along with several possible endings. The music is nice to listen to as well. Overall, for the low price of $2.99 (or even less during a sale), definitely worth buying if you're looking for a short story or a good rpgmaker game.","['Anime', 'RPG', 'Cute', 'Indie', 'Pixel Graphics', 'Great Soundtrack', 'Story Rich', 'JRPG', 'Singleplayer', '2D', 'RPGMaker', 'Female Protagonist', 'Adventure', 'Casual', 'Fantasy', 'Drama', 'Turn-Based', 'Atmospheric', 'Surreal', 'Nudity']",Overwhelmingly Positive,△○□× (Miwashiba),4,4,4,2,positivo
Mindshadow,76561198077434372,LiEat,"An inexplicably engaging game about a lie-consuming dragon and her con-man guardian and their adventures dealing with lie-related mysteries, a task of course made much easier by the fact that one of the two characters can make lies physically manifest so that she can eat them. The actual mechanics of the game are to put it mildly simplistic, with combat being mostly of a token nature with more effort often required if you want to lose fights for achievements than to win them, and a great deal of time is spent poking random corners of rooms to see if there is candy (or clues) there. Despite, or perhaps, because of, the simplicity of the mechanics, the game's characters and cuteness show through clearly. This is not a game to play because of Srs RPG Fites, but to be entertained by the endearing tale of someone who wants to eat all the lies in the world to make things better.","['Anime', 'RPG', 'Cute', 'Indie', 'Pixel Graphics', 'Great Soundtrack', 'Story Rich', 'JRPG', 'Singleplayer', '2D', 'RPGMaker', 'Female Protagonist', 'Adventure', 'Casual', 'Fantasy', 'Drama', 'Turn-Based', 'Atmospheric', 'Surreal', 'Nudity']",Overwhelmingly Positive,△○□× (Miwashiba),5,3,4,2,positivo
Plutie,76561198089933978,LiEat,this one has a very good story too it. and i like the style it has. i would have to say give it a go :),"['Anime', 'RPG', 'Cute', 'Indie', 'Pixel Graphics', 'Great Soundtrack', 'Story Rich', 'JRPG', 'Singleplayer', '2D', 'RPGMaker', 'Female Protagonist', 'Adventure', 'Casual', 'Fantasy', 'Drama', 'Turn-Based', 'Atmospheric', 'Surreal', 'Nudity']",Overwhelmingly Positive,△○□× (Miwashiba),4,4,4,2,positivo
♋️LunarCainEX🐶,76561198051384176,LiEat,"You get 3 games for the price of 1 and each is a different story but same main characters. Depending on your playstyle, each can be completed from half an hour, an hour or an hour and a half. Graphic style is unique, fresh and cute castlevania gameboy style. Music can be amazingly refreshing to listen, relaxing or upbeat with 1 music being evil when slowed down. Each characters has their own unique features and story. Combat is simple, easy and not necessarily required you to power level as you may overpower yourself that will one-shot kill. Steam Badge are the characters portrait, 7 Cards to collect & craft and they look cute to collect, Booster Pack cost 857Gems, Emoticons are cute while the Background are simple. Be warn as the Steam Cards are pricy as usual but worth it.","['Anime', 'RPG', 'Cute', 'Indie', 'Pixel Graphics', 'Great Soundtrack', 'Story Rich', 'JRPG', 'Singleplayer', '2D', 'RPGMaker', 'Female Protagonist', 'Adventure', 'Casual', 'Fantasy', 'Drama', 'Turn-Based', 'Atmospheric', 'Surreal', 'Nudity']",Overwhelmingly Positive,△○□× (Miwashiba),4,4,5,2,positivo
Ghlen Livid,76561198052254704,LiEat,"Sadly, can't recommend this at current price point. This is basically a VN shoehorned into RPGmaker format. Character progression is next to nonexistent, combat is a chore, and items are meaningless. Music gets repetitive really fast. So only thing this has going for it is basically story. Which is bland and uninventive. Oh, and very short. I did resonably enjoy little animatics that are put in from time to time, but that's it. Go get a free version if interested, it's out there officially. Just don't buy it before trying, or you might be disappointed. I know I am.","['Anime', 'RPG', 'Cute', 'Indie', 'Pixel Graphics', 'Great Soundtrack', 'Story Rich', 'JRPG', 'Singleplayer', '2D', 'RPGMaker', 'Female Protagonist', 'Adventure', 'Casual', 'Fantasy', 'Drama', 'Turn-Based', 'Atmospheric', 'Surreal', 'Nudity']",Overwhelmingly Positive,△○□× (Miwashiba),2,1,2,1,negativo
RandalMcdaniel,76561197968560421,Lili: Child of Geos - Complete Edition,"b1tch azz construct tryin fret tryin to play me as a foo tryn git his play on i smoked his punk azz, pull my glock and just kept squeezin till his azz wuz in splinters Got up with sum jive azz vendor hustled 6 flowers and he coughed up 120 gold pieces HA. What a b1ch. get wrecked k1d Dropped 4k on some clutch azz speed nike's, shoutout 2 them spirits good luck try outrun me shieeet","['Adventure', 'Female Protagonist', 'Indie', 'RPG', 'Singleplayer', 'Casual', 'Fantasy', 'Third Person', 'Cute', 'Family Friendly']",Very Positive,"BitMonster, Inc.",2,4,3,3,positivo
michael_kuerbis,76561198022750630,Lili: Child of Geos - Complete Edition,"Lili: Child of Geos is one of the bizarrest games I ever played: an open-world flower picking simulator with a stroke of the RPG-brush. You play Lili, who visits an inhabited island to collect flowers for a school project. But she does not pick these flowers from the fields or gardens, she only picks the ones that grow along the streets and on the monsters. Yes, this game features flower-picking based fighting. You chase a monster and then, during the actual fight, you pluck flowers off the monster. Maybe using the mouse makes it too easy, but I never lost one of these fights. To be fair, this fighting model makes more sense on a touchscreen device. This is not as surprising since earlier editions of Lili: Child of Geos were published for mobile devices. And after all, it seems new and creative to me. But the open world of Lili: Child of Geos offers a bit more than flower picking. You can explore, collect stuff, talk to people and solve sidequests which consist of exploring, collecting stuff and talking to people. Lili: Child of Geos is rather short and small. It took me about three or four hours to do the main quests, all the side quests and get all the nonrespawning collectibles. On a more negative side, this game features no voice acting, only textboxes. So, was Lili: Child of Geos any fun for me? Yes, but not 20€ worth of fun, more like 10€. Conclusion: If you need a tiny charming open-world game for inbetween with an uhmm innovative fighting mechanic and this game is on sale, then give it a try.","['Adventure', 'Female Protagonist', 'Indie', 'RPG', 'Singleplayer', 'Casual', 'Fantasy', 'Third Person', 'Cute', 'Family Friendly']",Very Positive,"BitMonster, Inc.",3,4,4,2,positivo
The Rhinopotomus,76561198218800792,Lili: Child of Geos - Complete Edition,It was cute and relaxing. Very nice style and atmosphere. Exactly the break I needed from murdering people.,"['Adventure', 'Female Protagonist', 'Indie', 'RPG', 'Singleplayer', 'Casual', 'Fantasy', 'Third Person', 'Cute', 'Family Friendly']",Very Positive,"BitMonster, Inc.",3,4,5,1,positivo
L0stLP,76561198045080783,Lili: Child of Geos - Complete Edition,"Very much a kids game. You collect flowers, break pots, open chests and occasionally do fetch quests. You defeat enemies by jumping on their back and playing a minigame similar to fruit ninja. There is some fun to have here.","['Adventure', 'Female Protagonist', 'Indie', 'RPG', 'Singleplayer', 'Casual', 'Fantasy', 'Third Person', 'Cute', 'Family Friendly']",Very Positive,"BitMonster, Inc.",2,3,4,1,positivo
Dat360NoScope @YT,76561198065873308,Lili: Child of Geos - Complete Edition,Great game!,"['Adventure', 'Female Protagonist', 'Indie', 'RPG', 'Singleplayer', 'Casual', 'Fantasy', 'Third Person', 'Cute', 'Family Friendly']",Very Positive,"BitMonster, Inc.",3,4,4,2,positivo
sara_bear,76561198035054806,Lili: Child of Geos - Complete Edition,"Ok I love this game. Sure all you do is pick flowers, kick open chests, talk to wierdos, smash vaces, and wrestle spirits; but it's really great fun. Good graphics. Easy smooth controls. It has an interesting mix of tiki and the island of misfit toys going on. Yes there is a lack of most voice acting and that is a loss but that's the only draw back. A good game for kids or any adult wanting a non violent fun time.","['Adventure', 'Female Protagonist', 'Indie', 'RPG', 'Singleplayer', 'Casual', 'Fantasy', 'Third Person', 'Cute', 'Family Friendly']",Very Positive,"BitMonster, Inc.",3,4,4,2,positivo
vonesrom,76561197990989311,Lili: Child of Geos - Complete Edition,"Steam really needs an  middle ground  button ...  i cant really recommend, but its not that bad either. (for a $ or 2) I hate giving it a thumbs down  as   Its a fun lil game for younger gamers (or those just wanting to chill) ,  but just giving a warning for people expecting  more  (due to all the positive reviews) In a way it  reminds me of a TellTale game.. where you're playing more for the story then the game....  IF this game had voice acting it would be 1000x better.   (might have recommended , even at a bit higher price) Its a short game (which actuallly is probably for the best) .   It looks pretty good,  and the the writing pretty good (voices would have sold it though). The actual gameplay is pretty weak.   find a few items (that are laid out in front of you).  trade those items for some help/cheats  items.    'fights' are repetative.","['Adventure', 'Female Protagonist', 'Indie', 'RPG', 'Singleplayer', 'Casual', 'Fantasy', 'Third Person', 'Cute', 'Family Friendly']",Very Positive,"BitMonster, Inc.",4,2,4,2,neutral
makersley,76561198048268849,Lili: Child of Geos - Complete Edition,"A beautiful, sweet little game.  Does exactly what it says on the tin.  Brilliantly sly sense of humour.  Would recommend for ages ~7 and up.  And the young at heart, too.","['Adventure', 'Female Protagonist', 'Indie', 'RPG', 'Singleplayer', 'Casual', 'Fantasy', 'Third Person', 'Cute', 'Family Friendly']",Very Positive,"BitMonster, Inc.",4,4,5,2,positivo
smelliga,76561198036338106,Lili: Child of Geos - Complete Edition,"I have mixed feelings about this game.  I thought I was getting a full ""Zelda""-like game with a female protagonist and a unique combat mechanism, but this was just ""Flower-Picking: The Game,"" with occasional optional fetch quests. I'm not even sure what demographic this was meant for; the dialogues, humor, and videogame references are older-teenager appropriate, whereas the gameplay is simplified enough for an elementary student to master.  Likewise, The main character looks like she's 15 and acts like she's 12, but is supposed to be a graduate student, and has apparently played every old school videogame on the planet except for Zero Wing... even the other characters in the game couldn't place her age. What I liked about this game: - The visuals and character designs were interesting, creative, and well-crafted.  I really enjoyed the overall look and atmosphere of the game, and the attention to detail of the artists. - The game's frequent references to other videogames and movies, the dark humor, and the sassy side comments.  It was worth it to keep talking to characters and to read all the Mayor's signs. - The balanced learning curve. - The ability to pick up wearable items like ridiculous masks, videogame hats, and flying pets. What was okay: - The core game mechanic of picking flowers off spirits' backs.  While there was an increase in difficulty as the game went on (the introduction of thorns and bombs, the movement patterns of the spirit, the need to score higher combos of non-thorn flowers), there was not enough variation for it to feel appreciably different after about the 8th enemy.  The only real distinguishing factor from that point on was how long of a combo you needed in order to win 3 stars; early enemies only need 8-12 flowers in a row, whereas the final boss takes a chain of 30-40 flowers.  As you can imagine, by the 52nd spirit this minigame had worn out its welcome. - Sometimes you will be able to complete optional side quests instead of fighting, which fall into one of four categories: ""find all the hidden things,"" ""visit that place you just visited,"" ""fetch an item from the chest you just opened,"" or ""fight that spirit you just fought""... O.o - Four Hand Monty's ""if you are short on cash and don't want to break vases"" bonus ball-and-cup minigame. - The oversimplified inventory system that consists of three tiers of armor for each of your three stats, three one-use items that I rarely ever used, two kinds of currency, two levels of keys, a cheater's map, and a bottle that summons butterflies for no reason.  That's it, unless you count the treasure trophies that only exist for flavour. What I didn't like: - Being constantly interrupted by either Mailbox, or the Mayor, or the fish, with long blocks of dialogue that you can't really skip.  I'm all about witty banter and story progression, but considering you need to play through the game twice to get all the achievements, it would have been nice to be able to bypass the excessive chatter. - The big mid-game ""choice.""  I played through the game a third time, just to see what would happen if I chose the alternate path, and it was totally not worth it.  I was expecting at least a cutscene with the Professor. - The rainbow bird poo.  Seriously?  That needed to be a thing? - The achievements.  Some of them made sense, like the ones for beating the spirits, but some of them were needlessly tedious such as the ""break 1000 vases"" or ""scare 500 birds."" Additionally, these achievements are not cumulative across multiple playthroughs, you must break all 1000 vases using the same save file. There is also one broken achievement for this game: ""unlock all doors.""  It seems there was a discrepancy between the PC version and other ports, with the PC release only having 22/28 unlockable doors programmed in.  Thus, the achievement cannot be unlocked without manually altering the game code (you can find instructions for this online, but I personally didn't want to risk irreparably damaging my game data just for 100% completion).  [Edit 12/19/14: The broken achievement has been removed from Steam, so you can now get 100% completion!] Overall, I would give this game a 7/10.  I liked the setting and the humor, but the core gameplay and the achievements were tiresome and boring by the end.","['Adventure', 'Female Protagonist', 'Indie', 'RPG', 'Singleplayer', 'Casual', 'Fantasy', 'Third Person', 'Cute', 'Family Friendly']",Very Positive,"BitMonster, Inc.",3,2,4,3,neutral
EveWhite,76561198044328617,Lili: Child of Geos - Complete Edition,"This game feels a lot like the side quests in modern Legend of Zelda games. I thought it was a very zen experience. The writing's not bad, the graphics are good, and the controls work just fine. I can totally recommend it to people who enjoy that kind of experience.","['Adventure', 'Female Protagonist', 'Indie', 'RPG', 'Singleplayer', 'Casual', 'Fantasy', 'Third Person', 'Cute', 'Family Friendly']",Very Positive,"BitMonster, Inc.",3,4,4,2,positivo
Cat Fart,76561197980697683,Lili: Child of Geos - Complete Edition,"Cute game, fresh character designs, not exactly worth full price.","['Adventure', 'Female Protagonist', 'Indie', 'RPG', 'Singleplayer', 'Casual', 'Fantasy', 'Third Person', 'Cute', 'Family Friendly']",Very Positive,"BitMonster, Inc.",3,4,4,2,positivo
Paul196UK,76561198082640923,Lili: Child of Geos - Complete Edition,I recommend this game for kids and adults if this is your kind of thing. Its easy enough to play and is a change from the hardcore games that are around. I recommend it anyway,"['Adventure', 'Female Protagonist', 'Indie', 'RPG', 'Singleplayer', 'Casual', 'Fantasy', 'Third Person', 'Cute', 'Family Friendly']",Very Positive,"BitMonster, Inc.",3,4,4,2,positivo
Ryonin,76561198038735008,Lili: Child of Geos - Complete Edition,"Though it might come as a little short, this game is very pleasant, with plenty of puns and easter eggs mentioning other games. The story is decent, graphics are great and sound leaves nothing to be desired. 7/10, could be longer an a little more varied in gameplay.","['Adventure', 'Female Protagonist', 'Indie', 'RPG', 'Singleplayer', 'Casual', 'Fantasy', 'Third Person', 'Cute', 'Family Friendly']",Very Positive,"BitMonster, Inc.",3,3,4,2,positivo
mdwbm,76561197976081787,Lili: Child of Geos - Complete Edition,"If you are looking for a casual game that has a unique combat system, this is a good game to get. First off some of the most notable bad features: 1. The controls starting off suck. If you are using a controller. The game does not tell you what buttons do what. All the key maps are for the keyboard. That is until you start playing and enter combat. Then they show up as the controller keys. 2. The resolution cannot be adjusted in the game. You will need to edit the config file if you are not happy with the settings. (FYI that file is filled with junk you will need to sort through). 3. The storyline starts off very pathetic and Lili just decided to do whatever everyone wants, With those out of the way, you have a short, lighthearted adventure game. You play Lili who ends up on the island looking for flowers for her Vegi-magic college assignment. There are 3 types of inhabitants on the island. The constructs are the ones you will interact with for quests. The fish will give you general information and the spirits are the guys you need to battle to get the special flowers. The story starts off slow and progresses more about Lili's life and the freedom of the constructs. The enphasis on flowers starts to slowly go away as the quest to defeat the evil mayor takes full stage. The combat system in this game is a bit different. Both good and annoying. You must jump on the back of the spirit and collect flowers. Once you jump on them, thorns, flowers, and bombs pop up on their backs. It is your job to hit the right button coresponding to the flowers and bombs. Get enough flowers in the timeframe and you defeat it. Fail and you just fall off and have to run back up to it and try again. There is no dying in this game so you can keep trying all you want. The graphics are beautifully done. The locations are vivd with life. For the most part, all with the exception of a few constructs look uniquely different. The spirits look almost exactly the same but with different masks. Each location although foresty has its individual look and feel. Definitely a good looking game. I played it on my 4K tv and the resolution defaulted to that. (When you first log in the game sets the resolution to your systems max even if you do not want it to.) The game is definitely not hard to beat and ranges from 4 to 9 hours to play depending on how many achievements you want. One thing to note is the abundance of game references and items from other games throughout the island. The dialong is quirky and not meant to be taken seriously. If you want a simple game that does require a little bit of action, this is a good game to get.","['Adventure', 'Female Protagonist', 'Indie', 'RPG', 'Singleplayer', 'Casual', 'Fantasy', 'Third Person', 'Cute', 'Family Friendly']",Very Positive,"BitMonster, Inc.",3,4,5,2,positivo
Red Agliator,76561197998504206,Lili: Child of Geos - Complete Edition,"Do you love finding every chest, opening every lock, and breaking every vase in a game, the more the better? Try Lili, then--it's chock full of all of those! I find Lili a relaxing break: gentle music, lush scenery, and really, really strange characters and dialogue. I have trouble turning off the game, not because I want to beat one more monster, but because I want to talk to one more character to see whether there's another weird things to hear. (Though they really could use a good copy editor.) Lili is up at the top of the list of my favorite casual games. I'm keeping it around for grumpy days to lighten my mood.","['Adventure', 'Female Protagonist', 'Indie', 'RPG', 'Singleplayer', 'Casual', 'Fantasy', 'Third Person', 'Cute', 'Family Friendly']",Very Positive,"BitMonster, Inc.",4,5,5,2,positivo
contrivable,76561198114662499,Lili: Child of Geos - Complete Edition,"Lili: Child of Geos is a beautiful and relaxing action adventure. When I saw screens of it I first thought this is probably some kind of highly polished hidden object game. What “sold” me was when I discovered you can actually walk this marvellous world. Item hint: + Beautiful somehow cuddly graphics + Mostly relaxing atmosphere + Okay story, hints to a possible prequel + References + Moderate length + Game advises to visit the options menu and asks to automatically determine graphics settings + Basically no grinding + Good controls 0 Unfortunately no voice acting 0 Different camera modes - Some advertising for another BitMonster game - Level cap, making it impossible to max out all skills with the same avatar - Flowers sometimes in places that are simply unreachable I started playing this game in the hope it would provide a counterpoint to Dead Island which had become exhausting and bullseye. After playing like 15 minutes I felt pretty relaxed. The game still has tense moments but all in all it's a pretty tranquil experience. Although the game's world is not too big it has an expansive feel to it, maybe because it looks lived-in or alive. The back story is rather light, maybe owed to the mobile origins of the game. You control Lili who has come to Geos as a Vegi-Magical student from the Gildern Magis College (with a deadline) but is quickly entangled in in the conflicts of a two-class society. Most NPCs have some depth to them which you learn by interacting with them, i.e. fighting the bad ones (Spirits) and talking to the good ones (Constructs). There is usually a reward for exhausting interaction. There are some indicators to a story that happened before so there may be a prequel. The Constructs are wood-based being making a disturbingly wood-based living in wooden houses with wooden furniture and wooden toilets, even toilet paper . There are a number of pop-references in the game and there is a mock pop-quiz where Lili can show off here extensive knowledge of games. There is also occasional, not too much, advertisement for another game by BitMonster. The game is of moderate length and may take you two evenings to complete. You can explore the world some more after you beat it. There are a number of achievements that may make you play some more and the “max out skill” achievements actually require you to stature at least one additional game – it took me not quite an hour to max out a single stat. Besides that there is almost no grinding. Unfortunately, there is no voice-acting. Instead there are a few generic sounds or words, e.g. “Hello”, and Lili's feelings are well-done by stances and facial expressions. With so many games not actually having any actual options, I found it interesting that the game starts out with advising you to go to the options menu and offers to automatically determine your machine's graphic settings. The controls work fine with the world's topology and are pretty tight with few exceptions. When chasing a Spirit it happened at times that instead of jumping onto them I suddenly found myself in conversation with a Construct or picking a flower because the game decided that was more likely what I wanted. Then you're supposed to collect flowers set around the world but a few of them are simply set in places Lili can never reach, e.g under bridges. There is a number of different camera modes that aren't listed in the games help - I didn't find any use for them. Activated them with keys Insert, Delete, Home, End, PageUp, PageDown, then move around a bit to see their effect. Lili: Child of Geos was a lot of fun and I recommend it. I bought the game as part of a bundle and probably wouldn't buy it for the full price (currently 10 Euros) but wait for 50% off. I'd be delighted  to see another game of this kidney, maybe a sequel or Orchid prequel.","['Adventure', 'Female Protagonist', 'Indie', 'RPG', 'Singleplayer', 'Casual', 'Fantasy', 'Third Person', 'Cute', 'Family Friendly']",Very Positive,"BitMonster, Inc.",3,4,4,2,positivo
mr.black,76561198063013389,Lili: Child of Geos - Complete Edition,"This is an odd little game! Lili - Child of Geos is an open world adventure with light RPG elements which seems mostly oriented to younger audience. You play part of Lili, quirky graduate who has landed on an island with intelligent humanoid trees and masked ""spirit"" creatures with the mission of picking up all the rare flowers for her graduation thesis. Problem is, the flowers grow only on spirit's back, so she has to chase them, jump on their back and pluck flowers while they run frantically away. But not to feel bad for the spirits, cause they're all kinda jerks to the tree people who are basically their slaves. It has definitely got my recommendation. Firstly I'll tell what's good about it, then what problems does it have and lastly a conclusion. Pluses: +Graphic. Hands down. They're not exagerating the marketing pitch, the graphic is very nice for such a small, tablet-ported title, nice particle and filter post-proc effects hold on even to AAA modern game standards, and framerate smoothness is commendable. I couldn't manage to lower it under 60FPS anywhere - on rare loading points, on great city panoramas, anywhere! The framerate stayed rock solid stable. +Characters. Tree-people are generally original, are interesting, have charm and personality, and are diverse. Just the way it should be in an imaginative adventure game. Lili is really quirky and charming heroine. A bit simplified characterisation and motivation, which again begs the conclusion this was intended for younger players, but one can see she was written with heart. +Interesting areas. Areas are full of collectibles, small side quests (which usually give cosmetic colectibles) and secrets. It's fun to explore them. Again though, although one can wander around nicely exploring, the areas aren't huge, and can be completely scanned fairly quickly. The game isn't 10s of hours long, more like 4-8h (at the time of writing I had 1.7h registerd and, as I understand other reviews, I'm somewhere around the half mark. On the other hand, the areas are diverse and look lovely all in all. +RPG elements. Although somewhat shallow (4 skill gagues with some 5 stages overall) skill acquiring is a nice touch. Other RPG staple, equippable items is just cosmetic, but is my hat collection is even this early vide and fun to collect. Could have been more deep and flashed out, but better to have it like that than not at all. +Gameplay. As said, exploring the world overall is fun, plucking ""minigames"" arecahotic when played with mouse, but not too hard with few skill adjustments and prizes are satisfactory. Overall it does it's job well enough, although, yet again is somewhat simple. Now the minuses: -INABILLITY TO CHANGE KEYBINDINGS! I'm a leftie, goshdarnit, and having no possible option to change movement keys to anything other than wasd bothers me alot (if this review were just for me, I'd put here two minuses, 'stead of one). Arrow keys are already used for camera movement (which I already do with the mouse), so they're in the code, I just need an option to change them with wasd, but none exists. Connected to that is -GUI. It seems shody ('seems', not 'is'). It gets the job done, but it's obvious this is a tablet port, the buttons are huge on FHD and some standard shortcuts and usability options don't exist here. Nothing game-breaking, but it could have been better. -Shortness. The game has potential, could have been something much greater, but in it's heart it's a tablet game with tablet shortness. People are reporting around 6h gameplay time. Shame. -+Odd quirks. I... kinda can't describe in detail, but at the moments I'm experiencing strange tonal dissonances in the game. I can't put my finger for whom the game speciffically is. If it's for younger and/or casual audience, then why are there lots of standard gaming touches about modern computer games, and their respectable memes. And rest of the game is depicted like fairytale like fantasy setting. It's not entirely clear how this setting is connected to our world. Lili goes to magical university so 9/10 times I think I'm in fantasysetting, then suddenly the tone shifts to strange and disturbing. Not that I mind, disturbing fairytale has become regular trope in itself (and e.g. I love AM's Alice MR) but it kinda clashes awkwardly. The game doesn't want to commit fully to weirdness, but sprinkles it around in odd bits. It's not a problem, but sticks like a scrapwe on your keyboard you know you'll get used to eventually, but which distracts first 10 times you feel it... -Prize. For such a short game 20€ is a bit much. I bought it within a bundle, so it's definitely worth it, but full prize is a bit too much. Just a bit, but still. Conclusion: Interesting short casual experience with awesome graphic, great exploration and fun story. The game's not a masterpiece, but it doesn't try to be one. I recommend it without a doubt, IF it's on a discount.","['Adventure', 'Female Protagonist', 'Indie', 'RPG', 'Singleplayer', 'Casual', 'Fantasy', 'Third Person', 'Cute', 'Family Friendly']",Very Positive,"BitMonster, Inc.",3,4,4,2,positivo
toammar2006,76561198107779127,Lili: Child of Geos - Complete Edition,Good Game,"['Adventure', 'Female Protagonist', 'Indie', 'RPG', 'Singleplayer', 'Casual', 'Fantasy', 'Third Person', 'Cute', 'Family Friendly']",Very Positive,"BitMonster, Inc.",3,4,4,2,positivo
Chronos,76561198025230476,Lili: Child of Geos - Complete Edition,"At its core, the gameplay style of Lili: Child of Geos is a tablet game.  You pluck flowers off your target and the difficulty increases by increasing the required number of flowers needed to be picked and the introduction of dangerous objects that mix in with the object.  If my monitor had touch screen capabilities, I would be playing the game with my fingers.  Despite this simplicity the game is fairly enjoyable because it comes in combination with a fairly enjoyable setting and atmosphere.  If I were to compare it, it would have to be with the atmosphere of the first city you wonder through in JRPG games like Final Fantasy IX and Kingdom Hearts.  It has a joyous, adventerous feel that warms your heart.  Maybe not at full price, but I would certainly recommend this game if you want to play around in a happy setting with surprisingly well polished graphics and lighting.  I feel like this game is worthy enough for the developers to turn this into a series starring Lili in more adventures but with more RPG elements, more puzzle elements, and a larger world.","['Adventure', 'Female Protagonist', 'Indie', 'RPG', 'Singleplayer', 'Casual', 'Fantasy', 'Third Person', 'Cute', 'Family Friendly']",Very Positive,"BitMonster, Inc.",3,4,5,3,positivo
blood 1504,76561198141804718,Lili: Child of Geos - Complete Edition,". There  is nothing  bad  about  Lili  and it  was ok . It has great  visuals and  the sound and music is ok. The writing for the characters  was very good  and this is where the game shines .  This game is a very short  . This is what you do in the game  talk to  constructs  those  are the ones oppressed by the  sperits. Chase the spirits  ( the oppressors ) and pick flowers off there back .  kick pots full of money and open treasure chest with various items in them .   It is a very easy game to complete. But it is a very short game .  If you read the description this was originally  a game played on   smart phones,   Given my play through of   it do I recommend you buy it ? I would purchase it but at a reduced price .. There is not what I would call full voice acting . Each character has  a sound loop  with various sounds. Given for various printed   answers .But with limited  sounds  and face expression .   Lili  in my opinion does not have a lot of replay value . I would  say playing this game is like watching a very good old Walt Disney cartoon   movie. That you had not seen before. .  but once you see it the first time  you really do not want to be watching it over and over again. Also fair warning I did not have any  problems with this game . But  it seems others have  and according to this  LiLi community thread the developers have  abandoned the game years ago .  as with all games look at  lets plays on you tube etc  to form your own opinion  and my recommendation for LiLi is that you  buy it at a reduced price.  Given what it was I think about $3 should be what  should be charged for this game .","['Adventure', 'Female Protagonist', 'Indie', 'RPG', 'Singleplayer', 'Casual', 'Fantasy', 'Third Person', 'Cute', 'Family Friendly']",Very Positive,"BitMonster, Inc.",4,3,4,2,positivo
QFP | Syypha,76561198073355067,Little Inferno,"If you've ever been tempted to throw things into a fire, try this game out. Some of the items that you buy have unique animations when they are burning which I enjoyed watching. There is a simple short story which is told while you are burning toys and achieving combos. I was pleasantly surprised about the game having a story as I wasn't expecting it at all. Overall this 'game' won't be for everyone but It's a nice game to come and go from.","['Casual', 'Indie', 'Singleplayer', 'Puzzle', 'Satire', 'Funny', 'Short', 'Comedy', 'Story Rich', 'Adventure', 'Great Soundtrack', 'Sandbox', 'Atmospheric', 'Dark Humor', 'Dark', 'Parody', '2D', 'Point & Click', 'Touch-Friendly', 'Surreal']",Very Positive,Tomorrow Corporation,3,4,4,2,positivo
Kyle Broflovski,76561198084521581,Little Inferno,so this is what the tf2 pyro does on his freetime...,"['Casual', 'Indie', 'Singleplayer', 'Puzzle', 'Satire', 'Funny', 'Short', 'Comedy', 'Story Rich', 'Adventure', 'Great Soundtrack', 'Sandbox', 'Atmospheric', 'Dark Humor', 'Dark', 'Parody', '2D', 'Point & Click', 'Touch-Friendly', 'Surreal']",Very Positive,Tomorrow Corporation,3,4,4,2,positivo
Mousebread,76561197993565945,Little Inferno,burrrrnn,"['Casual', 'Indie', 'Singleplayer', 'Puzzle', 'Satire', 'Funny', 'Short', 'Comedy', 'Story Rich', 'Adventure', 'Great Soundtrack', 'Sandbox', 'Atmospheric', 'Dark Humor', 'Dark', 'Parody', '2D', 'Point & Click', 'Touch-Friendly', 'Surreal']",Very Positive,Tomorrow Corporation,3,4,4,2,positivo
Khorne,76561197974085922,Little Inferno,"You burn things in the fire, then buy more things to burn in the fire.  Play it if it's free.","['Casual', 'Indie', 'Singleplayer', 'Puzzle', 'Satire', 'Funny', 'Short', 'Comedy', 'Story Rich', 'Adventure', 'Great Soundtrack', 'Sandbox', 'Atmospheric', 'Dark Humor', 'Dark', 'Parody', '2D', 'Point & Click', 'Touch-Friendly', 'Surreal']",Very Positive,Tomorrow Corporation,2,3,4,1,neutral
CanisLupus4285,76561198049183091,Little Inferno,"This is a beautiful and addictive little toy. You burn things with really pretty fire that's still fairly easy on the computer, with each item burning differently. However, do not play full price on this, wait for a sale or Humble Bundle, however fun it is, it doesn't last the longest and has some annoying waiting.","['Casual', 'Indie', 'Singleplayer', 'Puzzle', 'Satire', 'Funny', 'Short', 'Comedy', 'Story Rich', 'Adventure', 'Great Soundtrack', 'Sandbox', 'Atmospheric', 'Dark Humor', 'Dark', 'Parody', '2D', 'Point & Click', 'Touch-Friendly', 'Surreal']",Very Positive,Tomorrow Corporation,3,4,4,2,positivo
SamuraiJones,76561198036943999,Little Inferno,"Wow, this game is horrible. World of Goo was incredible, so i decided to try some more by the same guy, but this was just a waste of money. It's got good reviews... idk, maybe there was some artsy element that I missed, but I was just but I was just bored. So you start off with a tiny stash of cash and a small collection of toys you can order. You order stuff and it appears after a delay, and then you toss it in the fireplace and burn it, which always gives you a few more coins than you spent. Symbolism for the insatiability hunger of human consumerism maybe? Idk, but it got old in a hurry. Most of the toys react in some novel way as you burn them... the dragon breaths fire, the ear of corn has popcorn pop off of it, the moon changes gravity so things orbit it. I imagine you could make some tiny rube-golberg machines if you were so inclined, but the space is so limited that it's pretty limited so I didn't have much success. Also there are hidden combos of items. If you burn certain items together, you've completed the combo. Once you've got enough, you unlock new toys to burn. So a big part of the game is looking at the titles of combos and trying to guess which toys are required, which is easy when you've only got access to a dozen items, but once it's closer to 100 it starts to take some trial and error. A message about sitting in the same place, looking at the same thing, and still searching for novelty? Might be a meta commentary about spending too much time on a computer looking for interesting games, but that might be something I'm superimposing on the subject. There's a thin plot about a relation with the girl next door. You get letters, and exchange toys with her. She's fascinated by a mystery of the inferno. And the environment of the game, the whispers of the world outside the inferno are quite haunting. But, that was the only interesting part of the game that I could see, but there wasn't much of it. Anyway, eventually you hit on a mystic combination of items and burn the house down, and then you've got to find something else to do. The end. I usually enjoy artsy games and games with social commentary. World of Goo kept surprising me with understanded but poignant imagery. Little inferno though? No so much. I unlocked all the items and completed the endgame, in about 3 hour, which was much shorter than I like to see a $10 game take. Maybe there was symbolism I missed, but this was just a waste of time and money as far as I could see.","['Casual', 'Indie', 'Singleplayer', 'Puzzle', 'Satire', 'Funny', 'Short', 'Comedy', 'Story Rich', 'Adventure', 'Great Soundtrack', 'Sandbox', 'Atmospheric', 'Dark Humor', 'Dark', 'Parody', '2D', 'Point & Click', 'Touch-Friendly', 'Surreal']",Very Positive,Tomorrow Corporation,2,2,3,2,negativo
Salty Turret,76561198063121518,Little Inferno,If you like good stories and burning stuff this is for you,"['Casual', 'Indie', 'Singleplayer', 'Puzzle', 'Satire', 'Funny', 'Short', 'Comedy', 'Story Rich', 'Adventure', 'Great Soundtrack', 'Sandbox', 'Atmospheric', 'Dark Humor', 'Dark', 'Parody', '2D', 'Point & Click', 'Touch-Friendly', 'Surreal']",Very Positive,Tomorrow Corporation,4,4,4,2,positivo
Soup,76561198090785454,Little Inferno,"A very interesting little game to play in your spare time, compelling story of mystery which keeps you going other than a fairly addicting game system of burning random objects which is actually very satisfying, especially how each item in little inferno has it's own effect or reaction after you set fire to it. If you have a spare few quid and are looking for a cute fun little indie game, consider this one, its one of the goodens.","['Casual', 'Indie', 'Singleplayer', 'Puzzle', 'Satire', 'Funny', 'Short', 'Comedy', 'Story Rich', 'Adventure', 'Great Soundtrack', 'Sandbox', 'Atmospheric', 'Dark Humor', 'Dark', 'Parody', '2D', 'Point & Click', 'Touch-Friendly', 'Surreal']",Very Positive,Tomorrow Corporation,4,4,4,2,positivo
Grictalio,76561197987527623,Little Inferno,What a strangely enjoyable experience.,"['Casual', 'Indie', 'Singleplayer', 'Puzzle', 'Satire', 'Funny', 'Short', 'Comedy', 'Story Rich', 'Adventure', 'Great Soundtrack', 'Sandbox', 'Atmospheric', 'Dark Humor', 'Dark', 'Parody', '2D', 'Point & Click', 'Touch-Friendly', 'Surreal']",Very Positive,Tomorrow Corporation,4,4,5,2,positivo
Student 1,76561198067182903,Little Inferno,A quirky and lovable fireplace simulator.,"['Casual', 'Indie', 'Singleplayer', 'Puzzle', 'Satire', 'Funny', 'Short', 'Comedy', 'Story Rich', 'Adventure', 'Great Soundtrack', 'Sandbox', 'Atmospheric', 'Dark Humor', 'Dark', 'Parody', '2D', 'Point & Click', 'Touch-Friendly', 'Surreal']",Very Positive,Tomorrow Corporation,3,4,4,2,positivo
Cruentus Liber,76561197966961253,Little Inferno,"Simple, fun, short :) Pyromanic Simulator 2012","['Casual', 'Indie', 'Singleplayer', 'Puzzle', 'Satire', 'Funny', 'Short', 'Comedy', 'Story Rich', 'Adventure', 'Great Soundtrack', 'Sandbox', 'Atmospheric', 'Dark Humor', 'Dark', 'Parody', '2D', 'Point & Click', 'Touch-Friendly', 'Surreal']",Very Positive,Tomorrow Corporation,3,4,4,2,positivo
Avatar,76561198019389560,Little Inferno,Novel and fun!,"['Casual', 'Indie', 'Singleplayer', 'Puzzle', 'Satire', 'Funny', 'Short', 'Comedy', 'Story Rich', 'Adventure', 'Great Soundtrack', 'Sandbox', 'Atmospheric', 'Dark Humor', 'Dark', 'Parody', '2D', 'Point & Click', 'Touch-Friendly', 'Surreal']",Very Positive,Tomorrow Corporation,4,4,5,2,positivo
Durgine,76561198080833647,Little Inferno,Is however much this is when you buy it worth 3 hours of entertainment? Was for me,"['Casual', 'Indie', 'Singleplayer', 'Puzzle', 'Satire', 'Funny', 'Short', 'Comedy', 'Story Rich', 'Adventure', 'Great Soundtrack', 'Sandbox', 'Atmospheric', 'Dark Humor', 'Dark', 'Parody', '2D', 'Point & Click', 'Touch-Friendly', 'Surreal']",Very Positive,Tomorrow Corporation,3,4,4,2,positivo
Frost King,76561198035004965,Little Inferno,"Little Inferno is simplistic in design and premise, the world has frozen over in a way, always cold, so, you burn things to keep warm, but you don't just burn them you burn them in a Little Inferno Entertainment Fireplace!  The company is nice enough to provide you with defective toys, household items and small planets and nukes to throw into the fireplace to burn.  Made by three people locked in a closet for one weekend this is an awesome show of true indie gameplay.  It has a simple story that progresses, and you can come back and burn all you like with new combinations, or setting up fun things to come tumbling down and explode in the fireplace.  I highly recomend this game (Even more so if your a crazy pyromanic.)","['Casual', 'Indie', 'Singleplayer', 'Puzzle', 'Satire', 'Funny', 'Short', 'Comedy', 'Story Rich', 'Adventure', 'Great Soundtrack', 'Sandbox', 'Atmospheric', 'Dark Humor', 'Dark', 'Parody', '2D', 'Point & Click', 'Touch-Friendly', 'Surreal']",Very Positive,Tomorrow Corporation,3,4,4,2,positivo
One Man and his Droid,76561198073270328,Little Inferno,..here's wot I thunk... :D,"['Casual', 'Indie', 'Singleplayer', 'Puzzle', 'Satire', 'Funny', 'Short', 'Comedy', 'Story Rich', 'Adventure', 'Great Soundtrack', 'Sandbox', 'Atmospheric', 'Dark Humor', 'Dark', 'Parody', '2D', 'Point & Click', 'Touch-Friendly', 'Surreal']",Very Positive,Tomorrow Corporation,4,4,5,2,positivo
Ice,76561198005726016,Little Inferno,"I basicly feels like a mobile game, but it is one of the few games that felt like a mobile game that I finished. That is saying something. The game is about burning stuff, quite simple, but once you keep playing you discover a wonderfull story and different combinations of buring stuff in. Entertaining in smaller sessions, would work great as a mobile game. A must have for all you pyros out there. 7/10 on the indie scale.","['Casual', 'Indie', 'Singleplayer', 'Puzzle', 'Satire', 'Funny', 'Short', 'Comedy', 'Story Rich', 'Adventure', 'Great Soundtrack', 'Sandbox', 'Atmospheric', 'Dark Humor', 'Dark', 'Parody', '2D', 'Point & Click', 'Touch-Friendly', 'Surreal']",Very Positive,Tomorrow Corporation,4,3,4,2,positivo
Izjeen,76561198010687016,Little Inferno,"This a wierd game, wierd but charming! With a crazy ending after a plot that doesn't really go anywhere","['Casual', 'Indie', 'Singleplayer', 'Puzzle', 'Satire', 'Funny', 'Short', 'Comedy', 'Story Rich', 'Adventure', 'Great Soundtrack', 'Sandbox', 'Atmospheric', 'Dark Humor', 'Dark', 'Parody', '2D', 'Point & Click', 'Touch-Friendly', 'Surreal']",Very Positive,Tomorrow Corporation,2,3,4,2,positivo
Saiga Man,76561198162699453,Little Inferno,"A really haunting, creepy, disturbing, post-apocalyptic themed game that is actually very funny! You burn things. And receive letters and burn them. And make combos by burning two specific things at once. And burn things. And receive letters. And then burn them. And burn things. And burn things. And also, you can burn things. It's extremely funny, satisfying, darkly humorous fun that you could play for hours even though the only thing you do is burn things. And you burn things too. Not only that, but the fire physics are awesome, realistic and very satisfying to burn things with. Now, buy this game, and go have fun burning things! And burning things! And burning things...burning things...burning...burn...when you say that a lot the word burn starts to sound weird.","['Casual', 'Indie', 'Singleplayer', 'Puzzle', 'Satire', 'Funny', 'Short', 'Comedy', 'Story Rich', 'Adventure', 'Great Soundtrack', 'Sandbox', 'Atmospheric', 'Dark Humor', 'Dark', 'Parody', '2D', 'Point & Click', 'Touch-Friendly', 'Surreal']",Very Positive,Tomorrow Corporation,4,5,4,2,positivo
Kickass,76561198043404848,Little Inferno,I wish I could burn down my life...,"['Casual', 'Indie', 'Singleplayer', 'Puzzle', 'Satire', 'Funny', 'Short', 'Comedy', 'Story Rich', 'Adventure', 'Great Soundtrack', 'Sandbox', 'Atmospheric', 'Dark Humor', 'Dark', 'Parody', '2D', 'Point & Click', 'Touch-Friendly', 'Surreal']",Very Positive,Tomorrow Corporation,4,3,5,2,negativo
Bassmatrix,76561198093014461,Little Inferno,I don't know why I love this game so much but I do.,"['Casual', 'Indie', 'Singleplayer', 'Puzzle', 'Satire', 'Funny', 'Short', 'Comedy', 'Story Rich', 'Adventure', 'Great Soundtrack', 'Sandbox', 'Atmospheric', 'Dark Humor', 'Dark', 'Parody', '2D', 'Point & Click', 'Touch-Friendly', 'Surreal']",Very Positive,Tomorrow Corporation,4,4,5,2,positivo
cidgrad01,76561198025838564,Long Live The Queen,"I picked up LLTQ for $2.50 or $5 during a sale and am essentially done with it after about 5 hours’ worth of play. It’s surprisingly enjoyable but I can’t recommend it because it’s too short and weighed down by an overly complex skill system that will only appeal to a very niche market. First of all, I give it extra points for the amount of effort that went into all the different story options & skill choices. Critics say it’s too linear but that’s not entirely true. Having the same events occur at the same point in the story allows you to strategically plan how to overcome challenges. If random events were procedurally generated each time you played, you would only be able to survive by dumb luck. Also, you can unlock extra dialogue choices, outfits and hidden events depending on which skills you develop and actions you take. It is fun to fail at a skill check, possibly die, then replay and build your character differently and overcome a story obstacle. However, the further into the story an event occurs, the further you need to backwards plan for it. This gets complicated due to the labyrinthine way the story events snake together with learning skills & plotting mood adjustments (different moods give bonuses & penalties to learning different skills) and the only way to get around it is to write down some notes about which events occur at which times. While I appreciate all of the multiple endings and achievements available, unlocking those would require way more effort than most people would be willing to spend. The game does give you an option to export a text log of story events, but it doesn’t include any information about skill checks so it’s not nearly as useful as it could be. I was still having a pretty good time despite the flaws because I liked the story, but just when I felt like things were getting interesting, it ended. You only need to survive through 40 turns or so to win, and those turns go by blazingly fast when you already know which choices you’re going to make. LLTQ gets an A for effort but I simply can’t advise anyone to buy it unless the thought of manually charting out every story event, skill point expenditure & mood adjustment through trial & error appeals to you. It will keep you amused for a few hours and you’ll have no need to ever go back to it.","['Visual Novel', 'Anime', 'Female Protagonist', 'Simulation', 'Indie', 'Difficult', 'Strategy', 'Singleplayer', 'Fantasy', 'RPG', 'Cute', 'Medieval', 'Multiple Endings', 'Choose Your Own Adventure', 'Politics', 'Story Rich', 'Character Customization', 'Choices Matter', '2D', 'Casual']",Overwhelmingly Positive,Hanako Games,4,3,4,3,neutral
Moa Rider,76561198046609405,Long Live The Queen,I... I think my princess got♥♥♥♥♥♥♥by a octopus... 10/10 best geem evar,"['Visual Novel', 'Anime', 'Female Protagonist', 'Simulation', 'Indie', 'Difficult', 'Strategy', 'Singleplayer', 'Fantasy', 'RPG', 'Cute', 'Medieval', 'Multiple Endings', 'Choose Your Own Adventure', 'Politics', 'Story Rich', 'Character Customization', 'Choices Matter', '2D', 'Casual']",Overwhelmingly Positive,Hanako Games,5,5,5,4,positivo
jd5team,76561198104120145,Long Live The Queen,"ok, this game is a visual novel in which you play a princess who is being trained to become queen in a year. Her ability as queen is determined by your ability to correctly choose which subjects she should study. The problem is that there is no way for you to know what she should study unless you have already played the game, no amount of skill or logic, its totally random. But like I said, its only random if you have not played before, the second or third go around, if you remember what happened before and in what order, you could train up a very good queen. There is also a certain amount of opinion regarding this. You could totally blow off the story and create what you think a good queen is and whatever happens happens, but there is a perfect queen that the game makers created so that you can actually win the game. Overall, I recommend the game as a visual novel because your choices (good or bad) affect the story. I do not recommend this game as a standard game in which you learn how to play and based on your ability as a player you can win, that is just not the case with this game.","['Visual Novel', 'Anime', 'Female Protagonist', 'Simulation', 'Indie', 'Difficult', 'Strategy', 'Singleplayer', 'Fantasy', 'RPG', 'Cute', 'Medieval', 'Multiple Endings', 'Choose Your Own Adventure', 'Politics', 'Story Rich', 'Character Customization', 'Choices Matter', '2D', 'Casual']",Overwhelmingly Positive,Hanako Games,4,2,3,4,positivo
bear_storm,76561198029904609,Long Live The Queen,The most metal game anyone has ever marketed at teenage girls.,"['Visual Novel', 'Anime', 'Female Protagonist', 'Simulation', 'Indie', 'Difficult', 'Strategy', 'Singleplayer', 'Fantasy', 'RPG', 'Cute', 'Medieval', 'Multiple Endings', 'Choose Your Own Adventure', 'Politics', 'Story Rich', 'Character Customization', 'Choices Matter', '2D', 'Casual']",Overwhelmingly Positive,Hanako Games,4,4,5,3,positivo
logankr94,76561198151765798,Long Live The Queen,I love this game.......i hate this game..............buy this game make sure you level up correctly. You will die many times,"['Visual Novel', 'Anime', 'Female Protagonist', 'Simulation', 'Indie', 'Difficult', 'Strategy', 'Singleplayer', 'Fantasy', 'RPG', 'Cute', 'Medieval', 'Multiple Endings', 'Choose Your Own Adventure', 'Politics', 'Story Rich', 'Character Customization', 'Choices Matter', '2D', 'Casual']",Overwhelmingly Positive,Hanako Games,4,3,4,5,neutral
PurplePony,76561198053933392,Long Live The Queen,"Sort of like a long lost and very very distant cousin of Papers, Please since this is not an action game in the slightest and yet it is a very tense game. An anime like cousin anyway. This was a great gift and it is a weirdly absorbing game.","['Visual Novel', 'Anime', 'Female Protagonist', 'Simulation', 'Indie', 'Difficult', 'Strategy', 'Singleplayer', 'Fantasy', 'RPG', 'Cute', 'Medieval', 'Multiple Endings', 'Choose Your Own Adventure', 'Politics', 'Story Rich', 'Character Customization', 'Choices Matter', '2D', 'Casual']",Overwhelmingly Positive,Hanako Games,4,4,4,3,positivo
TimeZeroHour,76561198008182182,Long Live The Queen,"Ye that play this game keep in mind it will grab you with golden chains that drag you down in to, I have also never played a game like this before. It is a very one of a kind game worth the 10$.","['Visual Novel', 'Anime', 'Female Protagonist', 'Simulation', 'Indie', 'Difficult', 'Strategy', 'Singleplayer', 'Fantasy', 'RPG', 'Cute', 'Medieval', 'Multiple Endings', 'Choose Your Own Adventure', 'Politics', 'Story Rich', 'Character Customization', 'Choices Matter', '2D', 'Casual']",Overwhelmingly Positive,Hanako Games,5,4,5,3,positivo
kanaan,76561198250240500,Long Live The Queen,Great game. Get ready for a major brainteaser if you're trying to complete it. Took me around 8-10 deaths before I had a perfect playthrough.,"['Visual Novel', 'Anime', 'Female Protagonist', 'Simulation', 'Indie', 'Difficult', 'Strategy', 'Singleplayer', 'Fantasy', 'RPG', 'Cute', 'Medieval', 'Multiple Endings', 'Choose Your Own Adventure', 'Politics', 'Story Rich', 'Character Customization', 'Choices Matter', '2D', 'Casual']",Overwhelmingly Positive,Hanako Games,4,4,4,5,positivo
RayofLight,76561198141449261,Long Live The Queen,"It's essentially Princess Maker with deaths and a bit more mature troubles. Deaths are so ridiculous that you can't help but have fun failing. I got stabbed, poisoned, impaled, etc. 10/10 would die again.","['Visual Novel', 'Anime', 'Female Protagonist', 'Simulation', 'Indie', 'Difficult', 'Strategy', 'Singleplayer', 'Fantasy', 'RPG', 'Cute', 'Medieval', 'Multiple Endings', 'Choose Your Own Adventure', 'Politics', 'Story Rich', 'Character Customization', 'Choices Matter', '2D', 'Casual']",Overwhelmingly Positive,Hanako Games,4,5,4,4,positivo
ImAGodDmnDragn,76561197969628949,Long Live The Queen,"The game is fun for $10, though I would have preferred a little bit more randomization with each playthrough.  Still, a fun little distraction. The Good -Funny and interesting story. -Good Art -Entertaining Situations and characters -Game quickly draws you in The Bad -Most skills don't really matter -UI can be very confusing -The ""moods"" are annoying to figure out, especially when you have to keep flipping from one screen to another to make sure you're taking the right classes. Final thoughts... The game is fine for the price, but I would have preferred more options and more interactions in the castle.  I also would have preferred a UI where the actual school screen would tell me what classes had a bonus and what classes had a penalty depending on my mood.  Flipping back and forth constantly took away from gameplay and got annoying after a while.  Finally, if the story were randomized a bit each time it would have made things a bit more interesting.  If you play the story enough, you'll know exactly what skills to take when for the best possible outcomes.","['Visual Novel', 'Anime', 'Female Protagonist', 'Simulation', 'Indie', 'Difficult', 'Strategy', 'Singleplayer', 'Fantasy', 'RPG', 'Cute', 'Medieval', 'Multiple Endings', 'Choose Your Own Adventure', 'Politics', 'Story Rich', 'Character Customization', 'Choices Matter', '2D', 'Casual']",Overwhelmingly Positive,Hanako Games,4,3,4,3,positivo
SoloPlayah,76561198045401832,Long Live The Queen,"For some reason I played my pre-Steam version so much more. I had sunk hours and hours into it. I really loved it but when I finally got it again here, I realized how impossible it was. There is just no way to win all of the event challenges with so little time unless you cheat.","['Visual Novel', 'Anime', 'Female Protagonist', 'Simulation', 'Indie', 'Difficult', 'Strategy', 'Singleplayer', 'Fantasy', 'RPG', 'Cute', 'Medieval', 'Multiple Endings', 'Choose Your Own Adventure', 'Politics', 'Story Rich', 'Character Customization', 'Choices Matter', '2D', 'Casual']",Overwhelmingly Positive,Hanako Games,4,3,4,5,negativo
Lady Chaos,76561198158309410,Long Live The Queen,"Fantastic game with cute graphic, yet much more serious story. You are playing as Elodie and your job is to plan her day, so that she learn different things (crucial stat raising aspect), which is also linked to Elodie's mood (depending on it you may get boost for learning particular skill or the opposite, it may become harder). You also make important decisions. There are a lot of moments when your statistics gets verified and very often there is more than just one way of handling the situation (and failing to do so may even result in your death). This game is addictive and challenging, there are plenty of ""easy-to-fail"" moments, though it also deliver a lot of different endings. It has high replay value especially if you're aiming to get all of achievements. The only con is game's length - it my opinion it should take a little longer to raise statistics and game should take place during more than just one year of ruling. But this actually prove of how good this game is - I wish I could play it longer, with more options and more story. I recommend it :)","['Visual Novel', 'Anime', 'Female Protagonist', 'Simulation', 'Indie', 'Difficult', 'Strategy', 'Singleplayer', 'Fantasy', 'RPG', 'Cute', 'Medieval', 'Multiple Endings', 'Choose Your Own Adventure', 'Politics', 'Story Rich', 'Character Customization', 'Choices Matter', '2D', 'Casual']",Overwhelmingly Positive,Hanako Games,5,4,4,4,positivo
vicdinnen,76561198174053214,Long Live The Queen,"This, was quite an interesting, unique and fun game! So, you control the princess, send her to classes to learn skills and get better at things, and do your best to avoid getting taken over or killed.  This is actually QUITE difficult, as there are many different ways for you to die, and you will experience quite a lot of them (but that's good, there's 3 achievements related to this).  So don't feel bad, or a failure, or anything: it's to be expected! The game shows you the 'checks' that it does to trigger certain events, so you can figure out something to try to do differently the next time around.  And this is certainly not a 'single playthrough' type game by any means: there are so many events that can trigger, and so many ways to try to do things, that you really can't help but try again and again to do something different!  (I put in nearly 30 hours just trying different things out!) The story is interesting, the characters have their own interesting personalities (and own different stories and actions that you figure out through multiple playthroughs), and the game is definitely worth it, even not on sale!  My only regret was that I got this game, promptly put it on my backlog of games to play, and only got to it now! PS: Since everyone else has already spoiled it... Avoid the chocolates.  If you can!","['Visual Novel', 'Anime', 'Female Protagonist', 'Simulation', 'Indie', 'Difficult', 'Strategy', 'Singleplayer', 'Fantasy', 'RPG', 'Cute', 'Medieval', 'Multiple Endings', 'Choose Your Own Adventure', 'Politics', 'Story Rich', 'Character Customization', 'Choices Matter', '2D', 'Casual']",Overwhelmingly Positive,Hanako Games,4,5,4,4,positivo
claudiassj,76561198007486006,Long Live The Queen,"Yes, I guess I could recommend this game, but for a really cheap price. How many times are you ready to get killed in the most absurd and unexpected ways and be forced to start the game from the beginning, and read the same episodes again and again? I guess that, once you manage to survive to your coronation once, you lose the drive to try the game again. That said, it is enjoyable and funny, so it is worth your time, at least for some hours (and some pointhless deaths!).","['Visual Novel', 'Anime', 'Female Protagonist', 'Simulation', 'Indie', 'Difficult', 'Strategy', 'Singleplayer', 'Fantasy', 'RPG', 'Cute', 'Medieval', 'Multiple Endings', 'Choose Your Own Adventure', 'Politics', 'Story Rich', 'Character Customization', 'Choices Matter', '2D', 'Casual']",Overwhelmingly Positive,Hanako Games,4,3,4,4,positivo
Yellowjacket,76561198007271893,Long Live The Queen,"It's cute, but very short.  This game is basically a sequence of: Train something, discover that you needed skill in something else to live, start from the beginning, train something else, get past that obstacle, discover the next thing you needed to train (by dying and having to start over).  This cycle only lasts 5 steps or so. It wasn't a bad game, and I did find myself WANTING to finish, so I'd say that I got my money's worth out of it, but still wouldn't really recommend it.","['Visual Novel', 'Anime', 'Female Protagonist', 'Simulation', 'Indie', 'Difficult', 'Strategy', 'Singleplayer', 'Fantasy', 'RPG', 'Cute', 'Medieval', 'Multiple Endings', 'Choose Your Own Adventure', 'Politics', 'Story Rich', 'Character Customization', 'Choices Matter', '2D', 'Casual']",Overwhelmingly Positive,Hanako Games,3,3,4,4,neutral
Lord Peevis of Tweed,76561198043583409,Long Live The Queen,"I really like it, i really do, but it doesnt do a good job at communicating information or teaching me anything. also the world building is terrible. ex: unless you take certian tasks, its impossible to figure out how much money your kingdom has. and even if you do get a number, you get no way to tell what its worth. you learn nothing about your kingdom and life in it, or the culture, or anything really. it feels very shut in and like i dont have any grasp at all on the situation.","['Visual Novel', 'Anime', 'Female Protagonist', 'Simulation', 'Indie', 'Difficult', 'Strategy', 'Singleplayer', 'Fantasy', 'RPG', 'Cute', 'Medieval', 'Multiple Endings', 'Choose Your Own Adventure', 'Politics', 'Story Rich', 'Character Customization', 'Choices Matter', '2D', 'Casual']",Overwhelmingly Positive,Hanako Games,2,3,2,3,negativo
Shuvack,76561198028769894,Long Live The Queen,"Short, toned down, repetetive, no animations, no voice, looped monotonous piano songs. And yet, it involves little lovely princess that everyone and everything around want to find dead, during diffirent playthroughs when you think you have everything under contro-BAM!enemyfleetisatshoresandyoudidntevenprepareyourarmyguesswhatyouredead. For those moments I thought it was worth playing, just because you sung beautifuly to a hostile guy in order to steal his heart doesn't mean you can hold a proper conversation with him due to no talking skills, this and whole lot more random stuff that happens when everything is going fine but then spaghetti starts flowing out of your sweet princesses' pockets resulting in her unavoidable death soon after. I guess it's just appealing in its own way, and it definitely won't be for everyone, some will see in this game only things mentioned in first sentence, while others will enjoy the contrast of cute little protagonist girl bleeding to her death. :D","['Visual Novel', 'Anime', 'Female Protagonist', 'Simulation', 'Indie', 'Difficult', 'Strategy', 'Singleplayer', 'Fantasy', 'RPG', 'Cute', 'Medieval', 'Multiple Endings', 'Choose Your Own Adventure', 'Politics', 'Story Rich', 'Character Customization', 'Choices Matter', '2D', 'Casual']",Overwhelmingly Positive,Hanako Games,4,3,3,4,positivo
Inconmon,76561197971411710,Long Live The Queen,"Took me 4 attempts within 2.5h to beat the game the first time, so it is rather short. But I will definitely play some more and expore other parts of the story. It's a very well crafted resource-management game that hides behind anime graphics. But there's a reason Steam says ""User reviews: Overwhelmingly Positive"" 9/10 would die again","['Visual Novel', 'Anime', 'Female Protagonist', 'Simulation', 'Indie', 'Difficult', 'Strategy', 'Singleplayer', 'Fantasy', 'RPG', 'Cute', 'Medieval', 'Multiple Endings', 'Choose Your Own Adventure', 'Politics', 'Story Rich', 'Character Customization', 'Choices Matter', '2D', 'Casual']",Overwhelmingly Positive,Hanako Games,4,4,4,3,positivo
Iridescence,76561198054524863,Long Live The Queen,"This reminds me of what happened to me with  Euro Truck Simulator. The game concept sounds kind of boring, in LLtQ's case it also looks awful to people not into the cutesy anime style but the game play is really damn fun and surprisingly deep. If you like the roleplay events from Crusader Kings 2 and ever wished that was fleshed out into a full game, now it has. Kind of choose your own adventure with a strong strategy backing. Sometimes really good things come in overly cutresy weird looking packages.","['Visual Novel', 'Anime', 'Female Protagonist', 'Simulation', 'Indie', 'Difficult', 'Strategy', 'Singleplayer', 'Fantasy', 'RPG', 'Cute', 'Medieval', 'Multiple Endings', 'Choose Your Own Adventure', 'Politics', 'Story Rich', 'Character Customization', 'Choices Matter', '2D', 'Casual']",Overwhelmingly Positive,Hanako Games,4,5,3,4,positivo
Lowenly,76561198018326356,Long Live The Queen,"A bait-and-switch of regal proportions, Long Live The Queen wears the facade of an anime visual novel about a young princess becoming a queen (and indeed still is that), but is at heart a complex stat allocation and time management game.  Every in-game week the princess can choose to study a wide range of seemingly mundane skills, but in the dramatic life of royalty any skill might suddenly become relevant, from World History to Interior Decorating to Archery, and the princess’s untimely death might lurk behind any unassuming door!  This leads to complex strategic trial-and-error gameplay in determining which skills are needed when, what actions cause which ripple effects, and how much slack is permitted while avoiding a point of no return.  The game itself is incredibly open-ended and allows for hundreds of winning skill combinations, all while still following a coherent and interconnected story, so as long as the player can keep the princess alive they can turn her into any kind of princess they want, even a heartless dictator, and watch as events unfold.  While the marriage of two rather polarizing game styles will likely alienate many prospective players, it is that same absurd combination which makes the game so unique and enchanting.","['Visual Novel', 'Anime', 'Female Protagonist', 'Simulation', 'Indie', 'Difficult', 'Strategy', 'Singleplayer', 'Fantasy', 'RPG', 'Cute', 'Medieval', 'Multiple Endings', 'Choose Your Own Adventure', 'Politics', 'Story Rich', 'Character Customization', 'Choices Matter', '2D', 'Casual']",Overwhelmingly Positive,Hanako Games,5,4,4,4,positivo
