username,user_id,title,text,tags,sentiment,developer,narrativa,jugabilidad,atmósfera,dificultad,tono_emocional
Streeky Flinders,76561197998851273,Edna &amp; Harvey: Harvey's New Eyes,"This game was fun but I have to give it a rating of 90/100 mainly for the ending. It felt like a cliffhanger regardless of whichever action you choose for the doctor which gives more questions like *SPOILERS* ""if Edna was all just your imagination then where is the real Edna then?"" and ""will there be another Edna and Harvey game to explain more"" etc. The game of coarse did have its pluses like the humor in the game for both fourth wall breaking humor and its dark humor, the graphics were good to me and the puzzles made me have to think (A LOT.) Overall I think the game was fun and if their would be another Edna and Harvey game for a little filler in the cliffhanger (and more Harvey moments) then that would be great.","['Point & Click', 'Adventure', 'Dark Humor', 'Indie', 'Comedy', 'Female Protagonist', 'Singleplayer', 'Dark', 'Psychological', 'Puzzle', 'Funny', '2D', 'Horror']",Very Positive,Daedalic Entertainment,4,4,4,4,positivo
EyeTry,76561197990897264,Edna &amp; Harvey: Harvey's New Eyes,Art :       7/10 Puzzles : 2/10 Story :    5/10 The puzzles are really annoying and very hard...,"['Point & Click', 'Adventure', 'Dark Humor', 'Indie', 'Comedy', 'Female Protagonist', 'Singleplayer', 'Dark', 'Psychological', 'Puzzle', 'Funny', '2D', 'Horror']",Very Positive,Daedalic Entertainment,3,2,4,4,negativo
Get Burned!,76561197976028334,Edna &amp; Harvey: Harvey's New Eyes,Good game. It was often funny. The cutesy graphics are juxtoposition for the deeply grim undercurrent of the story. Some really messed up things happen. This game deals with trauma-based mind control and child murder among other things.  It took around 8 hours to beat. It's definitely on the easy side of point-and-click adventures. I only got stuck once; didn't have to use a walkthrough at all. I definitely recommend to genre fans.,"['Point & Click', 'Adventure', 'Dark Humor', 'Indie', 'Comedy', 'Female Protagonist', 'Singleplayer', 'Dark', 'Psychological', 'Puzzle', 'Funny', '2D', 'Horror']",Very Positive,Daedalic Entertainment,4,4,5,2,negativo
AmoOory,76561198073324508,Edna &amp; Harvey: Harvey's New Eyes,Hmm... it's good game امم.... لعبى كويسة,"['Point & Click', 'Adventure', 'Dark Humor', 'Indie', 'Comedy', 'Female Protagonist', 'Singleplayer', 'Dark', 'Psychological', 'Puzzle', 'Funny', '2D', 'Horror']",Very Positive,Daedalic Entertainment,3,4,4,2,positivo
[LR] Laffi,76561197968073802,Edna &amp; Harvey: Harvey's New Eyes,"You play as Lilly, a small girl that doesn't seem so bright in the head. She meets different kind of people, and it only gets funnier as the story goes on! Funniest moment: ""Kids shouldn't be having items like that....take this instead!"" O_O You just end up sitting there gaping in shock, then burst out in laughter. A short very hilarious game, with challenges and tons of fun! Spent exactly 15 hours to complete the game twice including all achievements. First round probably took the whole 10-12 hours, a few hours for some single achievements and then maybe less than 1.5 hours to complete the game over again to get 100% achievements. Recommend it!","['Point & Click', 'Adventure', 'Dark Humor', 'Indie', 'Comedy', 'Female Protagonist', 'Singleplayer', 'Dark', 'Psychological', 'Puzzle', 'Funny', '2D', 'Horror']",Very Positive,Daedalic Entertainment,4,5,4,3,positivo
Solanum nigrum,76561198036498823,Edna &amp; Harvey: Harvey's New Eyes,"After the Game about poor little Edna and her hospital runaway with best friend Harvey, here comes the second game even so it is now staring a girl named Lilli. Lili is an high potential actress and student at the catholic school of the damned where she happens to play an ""normal"" girl. Her role includes playing hide and seek, searching for clues, practicing self-hypnosis and blowing up stuff. Harvey plays in this game too. He happens to be the sad and almost forgotten sidekick in this one and has only one thing to do in this game: Showing his bright red eyes, and tell you NO! The psychotic puerile person-possessed psychologist Doctor Marcel has his comeback in this episode to stop Lili from growing into an beautiful flower. He is trying to suppress her childish nature with hypnosis and wants her to obey all his evil rules. We all know that rules are there to be broken and so... Lili is breaking bad. Help her by pointing out where rules are wrong and kick Doc's behind. 10/10 If only Lili would stop talking for a second","['Point & Click', 'Adventure', 'Dark Humor', 'Indie', 'Comedy', 'Female Protagonist', 'Singleplayer', 'Dark', 'Psychological', 'Puzzle', 'Funny', '2D', 'Horror']",Very Positive,Daedalic Entertainment,5,4,5,3,positivo
Maliceff,76561198015052897,Edna &amp; Harvey: Harvey's New Eyes,"If you like point and click games, you will love this. 10/10","['Point & Click', 'Adventure', 'Dark Humor', 'Indie', 'Comedy', 'Female Protagonist', 'Singleplayer', 'Dark', 'Psychological', 'Puzzle', 'Funny', '2D', 'Horror']",Very Positive,Daedalic Entertainment,5,5,5,2,positivo
Aargh,76561198007688772,Edna &amp; Harvey: Harvey's New Eyes,"The game tries so hard to be funny but it fails miserably. I not against black humor but this just just didn't work for me. Either the jokes were poorly written, or the voice actor didn't deliver the line properly, or there was some detail that ruined it - like why were the dead bodies painted pink by some gnomes? Why not show the blood, the game is not for kids anyway? The story overall is pretty boring, the characters are annoying and game actions often don't make sense at all. I always liked the old school adventure games but trust me, I didn't miss those ""try everything on everything"" parts. And there is no story journal so you have often no idea what you are supposed to do next, especially if your playthrough is split into multiple days.","['Point & Click', 'Adventure', 'Dark Humor', 'Indie', 'Comedy', 'Female Protagonist', 'Singleplayer', 'Dark', 'Psychological', 'Puzzle', 'Funny', '2D', 'Horror']",Very Positive,Daedalic Entertainment,1,2,2,3,negativo
DALCOhstangultion,76561198024972696,Edna &amp; Harvey: Harvey's New Eyes,"An interesting and very well done point-and-click game.  Apparently, it's a sequel to ""Edna & Harvey: The Breakout.""  But, it's independent enough to be played stand-alone.  Because of the age of the main character and some implications from the narrator right at the start, you might be tempted to consider this to be a child's game.  It's not.  It's an adult's game hiding slightly behind a childlike irony.  I bought it on sale for about $4 and that's a no-brainer of a purchase.  Absolutely worth that. I'd say it would still be well worth it at around $10.  It's current list price of about $20 might be a bit high, though. I do have some issue with the game, too.  First, it's slow to play.  But, that's endemic to these point-and-clicks since you've got to watch the character walk around, interact with the world, and converse.  Mitigating that is the saving grace that a lot of that kind of thing can be ESCaped out of or clicked through.  Second, some of the puzzles are not exactly obvious in what they want you to do.  This is especially true with the mini-games embedded in it.  Heck, the ""solutions"" from two of those mini-games were still obtuse enough to be of no use to me in the game proper.  And, finally, a lot of the achievements are royal pains.  They're not achievements that enhance gameplay.  Instead, they're of the form of ""do some pointless activity enough times for me to say ""you win.""  But, all-in-all, it's a very good game.","['Point & Click', 'Adventure', 'Dark Humor', 'Indie', 'Comedy', 'Female Protagonist', 'Singleplayer', 'Dark', 'Psychological', 'Puzzle', 'Funny', '2D', 'Horror']",Very Positive,Daedalic Entertainment,4,3,4,3,positivo
L0stLP,76561198045080783,Edna &amp; Harvey: Harvey's New Eyes,"The first chapter was AMAZING. The rest was average, posibly because the start raises your expectations way to high. Great story, ok puzzles.","['Point & Click', 'Adventure', 'Dark Humor', 'Indie', 'Comedy', 'Female Protagonist', 'Singleplayer', 'Dark', 'Psychological', 'Puzzle', 'Funny', '2D', 'Horror']",Very Positive,Daedalic Entertainment,4,3,4,3,positivo
baddog993,76561197983225082,Edna &amp; Harvey: Harvey's New Eyes,A very funny and kind of ghoulish game. It deals with a girl and she needs to solve problems that come her way. I find the game to be very refreshing and unique. Not to many games go in this direction and get the funny results that happen in this game. I did enjoy the story and the graphics are very colorful and have a very nice style to them. The music is also another plus for this game as its very unique and it sounds good. The game also has a narrator who gives you tips on what is going on. This is a breath of fresh air from a genre that I had thought had gotten very stale and dull. Bravo to this company for making a great game. I have not yet finished the game. The game is solid. Loads of fun so far. So I have finished the game.. When your getting close to the end.  Around the 4 hour mark or so. Save your game. The game has 3 different endings. The endings were ok. However I feel like the game lets itself down a little towards the end. The game has chapters in it. Chapter 3 was kind of weak compared to the first chapter that had me laughing and shaking my head. Riot Girl for the win... Haha.. Its a line one of the 2 popular girls says in the school. I still think its a good game let down by the writing towards the end. I am still glad I played it. I just with the other chapters in the story were are as strong as the first chapter. Just a heads up the achievments for this game are broken. I didnt know it had them till I looked them up. SO busted achivements.  I have finished the game. Their is a way to get the achievments to work. Via this steam link.,"['Point & Click', 'Adventure', 'Dark Humor', 'Indie', 'Comedy', 'Female Protagonist', 'Singleplayer', 'Dark', 'Psychological', 'Puzzle', 'Funny', '2D', 'Horror']",Very Positive,Daedalic Entertainment,4,4,4,2,positivo
hedfuc,76561198314066753,Edna &amp; Harvey: Harvey's New Eyes,dark humour. There are plenty other point and click games and there's nothing much that really stands out,"['Point & Click', 'Adventure', 'Dark Humor', 'Indie', 'Comedy', 'Female Protagonist', 'Singleplayer', 'Dark', 'Psychological', 'Puzzle', 'Funny', '2D', 'Horror']",Very Positive,Daedalic Entertainment,3,3,4,2,neutral
Toxic Larva,76561198042590261,Edna &amp; Harvey: Harvey's New Eyes,I don't recommend this game,"['Point & Click', 'Adventure', 'Dark Humor', 'Indie', 'Comedy', 'Female Protagonist', 'Singleplayer', 'Dark', 'Psychological', 'Puzzle', 'Funny', '2D', 'Horror']",Very Positive,Daedalic Entertainment,2,2,3,3,negativo
Kefala,76561198032601770,Edna &amp; Harvey: Harvey's New Eyes,"Edna and Harvey: Harvey's New Eyes is an investigation in the consequences of protecting children from violence through the censorship of violence. Graphic scenes in the game are literally covered up by paint, and the primary protagonist is unable to see them. She is hypnotically prevented from accomplishing goals through strict rules (""I must not play with fire""). Through this, Daedelic offers a critique of overprotective modes of parenting by having you actually play as this child. It does this successfully, through the use of satire and extremely clever game mechanics. There's a lot more. An assessment over how some of the rules and regulations in place for children and people who require mental help aren't there to actually help those individuals but to insulate society from them. Edna and the playable character are ""deliquents"", and as such cannot be allowed any agency. There's also some really clever juxtaposition of what the ""player sees"" and what the ""character sees"". You're never quite sure what's through the eyes of the protagonist, and what's reality in the gameplay space due to the cartoonish art style. I just really enjoyed this game. I think it's smart, funny and fun. However, as with any Daedelic game, it's best to try out the first half hour and see if the satire is your speed. If you're not a fan of this sort of satire, you likely won't find the game fun. Also, if you don't want to see even cartoonish depictions or implications of violence towards children, then you're better off skipping this game. I will note that there is nothing graphic or gratuitous,because the results of the violence are ""painted over"". If this is your speed, enjoy. This game was a pleasure for me to play.","['Point & Click', 'Adventure', 'Dark Humor', 'Indie', 'Comedy', 'Female Protagonist', 'Singleplayer', 'Dark', 'Psychological', 'Puzzle', 'Funny', '2D', 'Horror']",Very Positive,Daedalic Entertainment,5,4,4,3,positivo
kris.aalst,76561198042646749,Edna &amp; Harvey: Harvey's New Eyes,"is a point & click adventure game released in 2012. It's a sequel to from 2008. If you haven't played that game, you'll miss a lot of references and background so I strongly advise to... ...and play that one first. only had the classic point & click adventure gameplay of collecting items and using them on objects in the game world or combining them in your inventory first. adds a few real puzzles to the mix, making the gameplay feel a bit more varied compared to its predecessor. The way the sequel is set up is both refreshing and disappointing. Unfortunately, the game doesn't revolve around Edna this time but we get a whole new protagonist instead: Lilli, a friend of Edna's. The girls are in a convent that's run by a very harsh Mother Superior. When this hag of a woman decides to bring doctor Marcel to the convent to help her discipline the children, Edna knows it's time to get out of there. First, she needs to erase all traces of her stay at the convent but she's afraid to be spotted by Marcel, so it's up to Lilli to peform the series of tasks for her. This turns out to be just the beginning of a wacky adventure for Lilli that will take her to places far beyond the convent's walls... Harvey's role stays about the same: he takes you into an alternate world where you learn things that will help you in the 'real' world. But since you don't carry Harvey around with you this time, he plays a smaller role than he did in . The story of makes no sense whatsoever. Ok, so Lilli doesn't see everything as it is (no spoiler, you find that out during the first scene after the tutorial) and her mind changes blood and gore to something cute and pretty. But why does nobody else see those horrible things, neither? The ending of the story makes even less sense and in retrospect it creates many plot holes the size of Jupiter. But ah well, it doesn't matter much, really. The fun of the game is in the adventure itself: advancing the story by exploring the vibrant game world and interacting with its colourful inhabitants. And is a lot of fun to play. The graphics are still basic and cartoonish, but they're a lot less crude and more detailed than 's graphics. The music is nice but it sounds a lot more melancholic this time. The snappy, jazzy theme music of for piano and drums is replaced with a slow, sad tune for the harmonica in . Most of the other music is slow and broody, too. This may seem a bit depressing, but it complements the sad overall mood of the game perfectly. is not a happy story, after all. The quality of the supporting cast's voice acting ranges between good and very good. With one exception: it's great to hear Jocasta Gottlieb reprise her role as Edna. Which only rubs salt in the wound of not having Edna as the main character in this game. Lilli's voice acting is... non-existent, really. Lilli doesn't talk. Well, the game tries to have you believe she never gets the chance to talk. You see, she makes sounds like 'uh-huh' or starts a conversation with ""I..."" or ""Do..."" and people immediately interrupt her, saying things like ""Let me guess, you want to..."", ""Don't tell me, you need..."" or ""You're probably wondering..."". As this happens every time, for the entire game, it gets old quickly. And that made me miss Edna even more as a protagonist: fully voiced, she would spew wacky comments on everything the game threw at her. compensates Lilli's virtual muteness by having a narrator talk about everything that happens on the screen. Although this mechanic allows the developers to have the 'grown-up' narrator make humorous comments about things that poor, naive Lilli doesn't understand, it creates a bit of a distance between the player and the game's protagonist. is challenging but not very difficult. Only twice did I come close to looking up a walkthrough, when trying the most absurd solution turned out to be the solution for both problems. An example: This makes no sense but before resulting to a walkthrough, you will try it out of desperation. In that particular case, the developers even underline that the solution doesn't really make sense as the narrator says: ""What Lili now did was actually void of all logic and she could already hear uproar of the online reviewers but she did it anyway"". I did look up a guide for the 'pizza puzzle', a puzzle revolving around colour blindness. Turns out the instructions you're given to solve the puzzle are completely wrong. The game tells you that each of the people involved ""mixes up two colours"" when it should have been ""they can't see any item in either of those two colours"". Huge difference, of course. I can only assume this is a problem that results from the game's translation from German to English. So besides that one instance, I never had to use a walkthrough, which means the logical problems and the puzzles presented in are not frustratingly hard and  -with only one or two exceptions- pretty logical, while always presenting a challenge. Well, that's the recipe for a fun point & click adventure game, so passes as far as I'm concerned. has 8 Steam Trading Cards. You'll get 4 while running the game. Now, about the Steam Achievements... oh boy! If there were an equivalent of the Raspberry Awards for games, Daedalic Entertainment should get the award for 'least fun achievements in a game ever'. The achievements scream ""We can't be bothered!"": they are boring and uninspired, and they are just copypasted from one game to the next. There are 12 unmissable achievements that are either story-bound or awarded for solving the puzzles. Those are fine. But most of the remaining 17 achievements, which are missable, require you to perform a number of actions 10 or more times. This means skipping through the same conversation each time or sitting through some animations each time. And then, the icing on the achievements cake: perform an action 99 times by clicking a button! Each of those 99 times, you need to skip through some conversation wait for some animations to finish. Now, that's an improvement, really. In , you have to click some buttons 400 times to get two achievements and in it takes 500 mouse clicks for one achievement. But the animation takes longer this time, so in the end you'll waste about as much time getting this mind-numbingly boring 'achievement' done. Also, exactly like in , there's an achievement for skipping all the puzzles again. How can that be called an achievement? That's the equivalent of giving a medal to wartime deserters! Adding some missable Steam Achievements to your game can be a great thing when they add optional extra 'quests', challenges and depth to the game, and at least a bit of extra fun for the player. If they add neither of those things, it shows you can't be bothered. Well, then DON'T! Stick to the unmissable achievements, which is fine for a point & click adventure game. It's certainly preferable to adding chores instead of achievements, and to rewarding players for not playing.","['Point & Click', 'Adventure', 'Dark Humor', 'Indie', 'Comedy', 'Female Protagonist', 'Singleplayer', 'Dark', 'Psychological', 'Puzzle', 'Funny', '2D', 'Horror']",Very Positive,Daedalic Entertainment,2,4,3,3,negativo
Dire,76561197992229015,Edna &amp; Harvey: Harvey's New Eyes,"Pretty straightforward adventure. The solutions are mostly not too outlandish. But for my taste there is a little too much running around, so you can easily get lost and lose track of what you are supposed to be doing. But then again, I'm really no adventure pro, so if you like adventures you probably shouldn't be intimidated by that. For my personal taste there was just a tad too much talking. I know this sounds crazy, but I like my dialogues actually going somewhere, however, this game is mostly monologues. This has a reason, but it gets a bit annoying after a while when you know what a character has to say after 1 or 2 sentences, but then he continues for another 5 sentences, repeating useless garbage with different words. The story itself is pretty neat, the ending in particular. Overall I'd recommend it. Maybe 8 hours of play time at most, unless you are hopelessly stuck with some puzzle or other problem. The inventory combinations at least are pretty logical.","['Point & Click', 'Adventure', 'Dark Humor', 'Indie', 'Comedy', 'Female Protagonist', 'Singleplayer', 'Dark', 'Psychological', 'Puzzle', 'Funny', '2D', 'Horror']",Very Positive,Daedalic Entertainment,4,3,4,2,positivo
Andrew,76561198005654011,Edna &amp; Harvey: Harvey's New Eyes,"A serviceable game, but sometimes the writers thought that their writing was way wittier than it actually was. Maybe I'm just tainted by the shiny new episodic adventure games that have been rolling out, but the game felt like it could easily have been broken into three, and been much better for it. While I listened to all of the vocals in the first chapter, I really started clicking through it quickly as I realized that this was a 6-7 hour game... not a 2-3 hour game like I was expecting. Overall the puzzles were pretty good, although there were a few dumb ones, and a couple of logic puzzles that I just wasn't in the mood for. And the setting was fun, as was the premise of the whole game. Also - I'm glad that I stuck around for the ending.... really neat choice there.","['Point & Click', 'Adventure', 'Dark Humor', 'Indie', 'Comedy', 'Female Protagonist', 'Singleplayer', 'Dark', 'Psychological', 'Puzzle', 'Funny', '2D', 'Horror']",Very Positive,Daedalic Entertainment,3,4,4,3,neutral
AnzyVee,76561198046781319,Edna &amp; Harvey: Harvey's New Eyes,"Good point and click game but a lot easier than a lot of other point and clicks, enjoyed it but rather short.","['Point & Click', 'Adventure', 'Dark Humor', 'Indie', 'Comedy', 'Female Protagonist', 'Singleplayer', 'Dark', 'Psychological', 'Puzzle', 'Funny', '2D', 'Horror']",Very Positive,Daedalic Entertainment,3,4,4,2,positivo
Bubba Jones,76561197980429671,Edna &amp; Harvey: Harvey's New Eyes,"I adored this game when I played it and consider it the best Daedalic adventure game I've played.  The concept and execution of the story and how you are pushed through the events was wonderful to watch and experience alongside the protagonist. The premise is a simple one, you are a good little girl at a Catholic school who never speaks or gets the opportunity to speak who is always disciplined harshly and ignored.  The narrator, guides you - the player - through the story by telling you - the protagonist - what to do as a voice in her disturbed head.  Then someone tests a mind control device on her, putting more voices in her head commanding her to do and not do things.  The story grabs you right from the beginning and keeps you playing just to see either what will happen and how Lilli will reconcile all the voices in her head telling her to do this, not do that, argue with each other and make Lilli figure out how to shut everyone up.  It remains rather light hearted and veers into the dark without actually crossing the line.  I'd put it at the level of a Tim Burton film as far as how the story is written. The voice acting, sound, and artwork are very well done.  Everything has improved since The Breakout.  The characters are all well done, the voice acting in the English localization is spot on.  The translation from German doesn't have so much Germanglish as the Deponia series did.  The art style contributes to the feeling of how messed up Lilli is, right down to the little gnomes censoring all the gore and dismemberment from her multiple murder spree and the narrator explaining it all away as coincidence or happenstance.  The scenery in Lilli's mind in the parts where she tries to break her conditioning are also out there, well done, and develop Lilly and the people around her. One interesting thing about the puzzles in this game are the mental blocks Lilli has in her head.  As she breaks them, she break one of the rules at a time.  Which rule she is has broken plays a role in solving puzzles during the later parts of the game. One thing to note, achievements are wonky.  You may or may not get them during your playthrough.  If that is something you find important, there may be workarounds but it's not something I dug into too far. This is a fun little game about a mentally disturbed girl off on an adventure to help out a friend and clear out the mess in her head.  It's good fun and probably my favorite game in Daedalic's library.","['Point & Click', 'Adventure', 'Dark Humor', 'Indie', 'Comedy', 'Female Protagonist', 'Singleplayer', 'Dark', 'Psychological', 'Puzzle', 'Funny', '2D', 'Horror']",Very Positive,Daedalic Entertainment,5,4,5,3,positivo
Conditional Love,76561197971532050,Edna &amp; Harvey: Harvey's New Eyes,"A fun Point&Click game with dark humour with comical deaths. Not easy and not too hard, a pretty good game. Recommended when on sale.","['Point & Click', 'Adventure', 'Dark Humor', 'Indie', 'Comedy', 'Female Protagonist', 'Singleplayer', 'Dark', 'Psychological', 'Puzzle', 'Funny', '2D', 'Horror']",Very Positive,Daedalic Entertainment,4,4,4,3,positivo
Zoopy,76561197996761275,Ember,"This is another case where I wish Steam would give us a middle option. For a $10 game it's really not bad, but it's not exactly the second coming that people would want you to believe. The UI is incredibly clunky to the point where it gets infuriating. The combat is about as bland as it gets and the the quests and story are nothing to write home about. Still, you could do much worse for $10. Get it if you're looking for a casual hack 'n slash experience, but not if you're looking for the next greatest RPG.","['Adventure', 'RPG', 'Indie', 'Fantasy', 'Action RPG', 'Singleplayer', 'Isometric', 'Strategy', 'Story Rich', 'Hack and Slash', 'Loot', 'Action-Adventure', 'Classic', 'Action', 'CRPG']",Mostly Positive,N-Fusion Interactive,2,2,3,2,neutral
Zatio,76561197979402731,Ember,"Nothing wrong with this game but there may be some things that will annoy some people. You can not eat food while in combat to heal and must use potions instead, and to use a healing item you are forced to open up your inventory and select the potrait of the character you are healing and then use the item from the inventory.There is a hotkey system but those only work for the main character, so in order to use it for the other characters you are forced to use the mouse and click the hotkey instead to get the option to choose who you use it on.Skills are gear based so you can not learn skills so instead you have to find gear with the skill you want on it or buy a skill enchantment from a merchant to get your ideal skill for your character. The combat is real time and with the option to pause for more time to use skills, and to move characters around, just like you must drag a skill to its target, you hold and drag a portait(or the character) to move a character to the spot you want him at or to attack a different target.You can also kill animals by draging a character over to it as firendly animals are neutral and won't be aggroed unless you decide to attack it. There is allot to explore in this game, plenty of quests to do and allot of books with nice stories to read .Some quests have two different ways to be done, crafting requires recipes that can be found and be bought from merchants.To craft something you need a work station and the required resources witch can be found in the wild or be bought from merchants. Character creation is not here tho, you are only able to pick what class you want to play as. The main story is alright, would not go as far as saying its epic but its defintly not bad or boring. I have yet to finish the game my self, but so far i got 25 hours of playtime out of this game. You also have choices to make in the game that may or may not affect the ending and your character. I would recommend this game and rate it a solid 7 out of 10.","['Adventure', 'RPG', 'Indie', 'Fantasy', 'Action RPG', 'Singleplayer', 'Isometric', 'Strategy', 'Story Rich', 'Hack and Slash', 'Loot', 'Action-Adventure', 'Classic', 'Action', 'CRPG']",Mostly Positive,N-Fusion Interactive,3,3,4,3,positivo
Huggles `,76561197971640510,Ember,"It is not very good, but it is remarkably well priced. BUT. It's not an RPG. Well it is, if you remove the ""R"". On a scale of 1-10 in depth and complexity of character building and customization: 10 - Arcanum 9 - Baldurs Gate 2 2 - Most FPS games today 0 - Ember This game has basically 3 stats. you raise strength to be a fighter, dex. to be a bowman and int. to be a mage. There are no learnable skills, there's nothing to your character at all really except for 5 equipment slots. Yeah they're excusing it away with a ""but our items are character customization"", but it doesn't hold water. Also I hear the plot and dialogue are mediocre","['Adventure', 'RPG', 'Indie', 'Fantasy', 'Action RPG', 'Singleplayer', 'Isometric', 'Strategy', 'Story Rich', 'Hack and Slash', 'Loot', 'Action-Adventure', 'Classic', 'Action', 'CRPG']",Mostly Positive,N-Fusion Interactive,2,1,2,2,negativo
db_smooth,76561198093592161,Ember,"waste of time, a perfect example of the garbage junkware on steam. Nothing at all enjoyable about Ember. I would suggest that this game be pulled from sale and removed from steam","['Adventure', 'RPG', 'Indie', 'Fantasy', 'Action RPG', 'Singleplayer', 'Isometric', 'Strategy', 'Story Rich', 'Hack and Slash', 'Loot', 'Action-Adventure', 'Classic', 'Action', 'CRPG']",Mostly Positive,N-Fusion Interactive,0,0,0,1,negativo
[SF] Jaydo,76561198011484192,Ember,"This is going to be a weird recommendation. I messed around with this game for a few hours but I am probably not going to go any further as it seems extremely standard and average compared to all the other games available on the market at the moment. The story is something about magical alien beings that, for some reason, need to be saved...or something. Couldn't care less. Seems boring. The gameplay is meant to be a return to the RPGs of old, which is a strange thing to consider because there was nothing wrong with that ""old"" style and I don't see why the formula could not have been continued. Having said that, this is a really generic version of that formula. The graphics are ok. The writing is ok. Everything is ok. It is a well-polished game, so if you are looking for a classic single player rpg, this is it. But if you still have 5 other games to finish, leftover from the last Steam sale, Ember is probably not going to make the cut.","['Adventure', 'RPG', 'Indie', 'Fantasy', 'Action RPG', 'Singleplayer', 'Isometric', 'Strategy', 'Story Rich', 'Hack and Slash', 'Loot', 'Action-Adventure', 'Classic', 'Action', 'CRPG']",Mostly Positive,N-Fusion Interactive,2,2,2,2,neutral
Fou-Lu,76561198002124849,Ember,"After only playing an hour, I've seen enough to make a verdict. Ember is a huge effort by a small company and the results are very positive. The game world is beautiful and colorful, animations are smooth, and gameplay is fast and fun. The value in this package could've easily come at a $30 or higher price. Pros: +Detailed game world with extremely colorful environments +Large maps, mostly seamless loading, tons of stuff to find +Fun, punchy combat +Simplified micromanagement of party members, small learning curve +Voice acting and production values of a much, much more expensive title +Very detailed crafting and inventory system on par with Ultima/Divinity OS Cons: -Not terribly deep combat mechanics: Don't look for a tactical experience on par with Pillars or Tyranny or Divinity OS, but a more fast-paced, hack and slashy RTwP. -Story is not super imaginative, dialogue options aren't really ""choices"" but more or less lines that the Lightbringer character would say (and he's a ♥♥♥♥♥♥♥♥♥). No real roleplay opportunities, but that's less the point of this game. Very much get this game!","['Adventure', 'RPG', 'Indie', 'Fantasy', 'Action RPG', 'Singleplayer', 'Isometric', 'Strategy', 'Story Rich', 'Hack and Slash', 'Loot', 'Action-Adventure', 'Classic', 'Action', 'CRPG']",Mostly Positive,N-Fusion Interactive,2,4,4,2,positivo
^7ja^1co,76561197967685936,Ember,"Nothing interesting here, very bland experience.","['Adventure', 'RPG', 'Indie', 'Fantasy', 'Action RPG', 'Singleplayer', 'Isometric', 'Strategy', 'Story Rich', 'Hack and Slash', 'Loot', 'Action-Adventure', 'Classic', 'Action', 'CRPG']",Mostly Positive,N-Fusion Interactive,1,2,1,2,negativo
MrMuse,76561197991657927,Ember,"Ember is what I would call an RPG lite. This in no way makes it inferior to ""deeper"" RPGs - just different. And the main reason I call it ""lite"" is that the character development is far less involved than it is with other RPGs. There are no skills or skill trees for you to choose from but rather your skills are provided solely by the equipment you wear. This is a different approach and one I've not seen too many times before but it works passably. The problem is that whilst it gives you a fair bit of leaway in how you develop characters it also makes them all a bit generic as there are no specific differences to the character classes of your companions other than that some items requirements are tied to their BASE stats and, if you are developing sensibly, you will not see a warrior running around with a wand. You do, of course, level up and distribute attribute points at 2 per level and these go into the accepted core areas of vitality dexterity strength and..um...whatever they called the magic one. Unlike your companion characters you - or your main character - is/are completely generic leaving you free to push these stats in whichever direction you choose making you very flexible. The production values in this game are nothing short of fantastic at its price point. Voice acting is good, music is atmospheric, and graphics do their job up to a pretty decent standard. Quests are (at least in the first few hours of play) deliberately quite sparse so that you will not level too quickly and run all over every enemy you run into. Do not be fooled by the start in the Barrows as later you will require some thought as to how and when you attack and careful management of restoratives and resting. This makes the difficulty setting just about right on all levels where easy means easy normal means normal and hard means hard. Quests are interesting rather than the ""go here kill 5 spiders come back"" variety and can be absorbing and contribute to the main storyline. Which brings us to that main storyline. It is perfectly paced and develops nicely as you go on. There are tomes scattered throughout giving background lore and sometimes just an entertaining read - all are competently written and worth your time. Ember, on balance, lacks the character development depth that a few hardcore RPGers will expect. DESPITE this, very few will be put off by it and will enjoy diving into an absorbing game with a good story at a ridiculously low price. Furthermore, it fills a niche for those who are not experienced RPG players or may be put off by detailed stat management. I would go so far as to say that this is the best value starting price of a game I have seen in a very long time. Don't wait for the sales for this one because it is worth more than every penny/cent of its cost.","['Adventure', 'RPG', 'Indie', 'Fantasy', 'Action RPG', 'Singleplayer', 'Isometric', 'Strategy', 'Story Rich', 'Hack and Slash', 'Loot', 'Action-Adventure', 'Classic', 'Action', 'CRPG']",Mostly Positive,N-Fusion Interactive,4,3,4,3,positivo
Atech66,76561198035039004,Ember,"I was quite suprised at the substance this game has. Its a breautifully made game as far as graphics, Environments and sound.. and while the character advancement screen is relatively simple the crafting, cooking, recipes etc. add much to the feel of it. I don't feel the Baldurs Gate comparison as much as i do Torchlight 2, Diablo 2 and maybe a tad old school NWN etc.l just because you can pause combat if you choose and direct your parties attacks and actions. Its honestly from my first cpl hours impression a hell of a deal at 10 bucks. If your looking for some number crunching, class building, more complex loot n fight game go grab Grimm Dawn.. its more Diablo 3 than Diablo 3 was.. if that makes sense. But for a good time pick up and scratch the itch game.. this is pretty awesome.","['Adventure', 'RPG', 'Indie', 'Fantasy', 'Action RPG', 'Singleplayer', 'Isometric', 'Strategy', 'Story Rich', 'Hack and Slash', 'Loot', 'Action-Adventure', 'Classic', 'Action', 'CRPG']",Mostly Positive,N-Fusion Interactive,3,4,5,2,positivo
gbigdan,76561198036874457,Ember,"Fantastic game especially due to it being an indie title. It is very stable (the screen froze one time) and it is very detailed but not bogged down with boring minutia. It is very well written with an original story line and they didn't screw it up by hiring bad voice actors. There is some voice work, but it is well done and at a minimum. The UI is not the best I have ever seen, but certanly not the worst either and the crafting system is pretty well implemented also. My only gripe is that storage for items and crafting recipes, etc. can get very limited. I wish they would have a ""public"" stash system like they do with diablo games, but you can't have it all. This game is absolute proof that smaller devs can beat the big boys at their own games and that a game does not have to be an AAA title (with price tag to match) to be a ton of fun to play. The most impressive feature about Ember is that it was (and is) a FINISHED GAME at release time! How about that for the way things ought to be!!!","['Adventure', 'RPG', 'Indie', 'Fantasy', 'Action RPG', 'Singleplayer', 'Isometric', 'Strategy', 'Story Rich', 'Hack and Slash', 'Loot', 'Action-Adventure', 'Classic', 'Action', 'CRPG']",Mostly Positive,N-Fusion Interactive,5,4,4,3,positivo
pvinnitsky,76561197988281569,Ember,"unfortunately graphics, crafting and exploration are mostly the only positives.  As for negatives, the combat is not very good, the story not that interesting, not much recorded dialogue, interface not very good, nor is the class/leveling up.","['Adventure', 'RPG', 'Indie', 'Fantasy', 'Action RPG', 'Singleplayer', 'Isometric', 'Strategy', 'Story Rich', 'Hack and Slash', 'Loot', 'Action-Adventure', 'Classic', 'Action', 'CRPG']",Mostly Positive,N-Fusion Interactive,2,2,3,2,negativo
savvym,76561198140435102,Ember,"Nice action game, nice graphics, decent story, many various skills and good battle management by which I mean you can stop battle, restore health, energy and select which hero does what to which enemy. There are 4 hero stats you add skills to (strength, dexterity, intellect, vitality) after you achieve 2 points after each level up. These stats determine what type of weapon and armor you can wear. So for example adding to vitality adds you health and enables you to wear better ring but other three make you stronger warrior, archer or mage. By the end I had 24th level. You can manage 3 heroes at once of total 5 available in game. You can reset their stats for in-game money. Your inventory is limited up to 99 items of which some just stack up and take only 1 slot. Some of enemies respawn so you can level up a lot before the final boss fight. But though, this is a little spoiler, you can not get back to get more experience or buy better gear after entering final quest location. Normally, you teleport from area to area through world map after discovering it so moving over world is convenient. World's borders are mountains and they seemed to be everywhere making a world look little but by proceeding through main quest, you will unlock few more areas, dungeons and cities. There is merchant in each city, the last one offers the strongest gear. I did not need to craft items often on normal difficulty and had a lot of money after few hours of playing which I could not use for better gear. My total game time is 15 1/2 hours. I finished game in 3 sittings and felt very immersive. A lot of flowers, ore and fish to collect, bandits, animals and monsters to slay.","['Adventure', 'RPG', 'Indie', 'Fantasy', 'Action RPG', 'Singleplayer', 'Isometric', 'Strategy', 'Story Rich', 'Hack and Slash', 'Loot', 'Action-Adventure', 'Classic', 'Action', 'CRPG']",Mostly Positive,N-Fusion Interactive,4,4,4,3,positivo
Vq||newyearsghost,76561198014146141,Ember,Worth playing on sale. Not worth full price. Felt like a 5 dollar game.  +Music +Graphics +Art work +Nice use of color in game world -Map areas to explore -Story board cutscenes. Just spells cheap. -Enemies -Main quest -Map design -/+side quests -/+Script -/+Voice cast -/+Story Pretty simple and not really that great -UI -Map,"['Adventure', 'RPG', 'Indie', 'Fantasy', 'Action RPG', 'Singleplayer', 'Isometric', 'Strategy', 'Story Rich', 'Hack and Slash', 'Loot', 'Action-Adventure', 'Classic', 'Action', 'CRPG']",Mostly Positive,N-Fusion Interactive,2,2,4,2,neutral
anonymous,76561198078962041,Ember,"A solid RPG! Not amazingly complex but very well put together and quite enjoyable. Control a small party of 3 (out of 4? choices), kill a small variety of enemies, loot and craft. TBH I never bothered with crafting. I do like that not all weapons/armor are generic combinations that you can craft, there are a few unique items. And you do have the opportunity to kill some NPCs like the Goblin King, which is fun. Graphics and art design are excellent. Special comment about the Lore in the game - it is extensive, well-written, and genuinely interesting. The story is engaging and fairly original. I especially liked the treatment of the Giants and Shepherds. Some of the side quests are worth doing just for the story progress (though some are pointless fetch quests). The combat system is also very good. I loved the drag-line attack/magic assignment in particular. Though I appreciated the simplicity of the magic system I did miss not having actual spells to cast, instead of just equipment-imbued charms. The lack of click-and-hold for general movement controls was annoying, but quickly got used to it. Overall, recommended to any RPG fan. Great value for money, a solid 20 hour quest and a very well made game.","['Adventure', 'RPG', 'Indie', 'Fantasy', 'Action RPG', 'Singleplayer', 'Isometric', 'Strategy', 'Story Rich', 'Hack and Slash', 'Loot', 'Action-Adventure', 'Classic', 'Action', 'CRPG']",Mostly Positive,N-Fusion Interactive,4,4,5,2,positivo
Fishook,76561197968116408,Ember,"Yes the game is a bit rough round the edges, and it is cross between a CRPG & a ARPG. It has very nice crafting element if you are in to that so of thing, It's graphics are pretty good for a budget game. I would of like to have a fog of war element to maps as they are a bit bland but very big. The combat is a bit basic, but I play these sort of games more for story. But overall it is well worth the price for a budget RPG to keep me entertained for a few hours until something better comes along.","['Adventure', 'RPG', 'Indie', 'Fantasy', 'Action RPG', 'Singleplayer', 'Isometric', 'Strategy', 'Story Rich', 'Hack and Slash', 'Loot', 'Action-Adventure', 'Classic', 'Action', 'CRPG']",Mostly Positive,N-Fusion Interactive,4,3,3,2,positivo
Wungle,76561198073092169,Ember,ok,"['Adventure', 'RPG', 'Indie', 'Fantasy', 'Action RPG', 'Singleplayer', 'Isometric', 'Strategy', 'Story Rich', 'Hack and Slash', 'Loot', 'Action-Adventure', 'Classic', 'Action', 'CRPG']",Mostly Positive,N-Fusion Interactive,2,3,3,2,neutral
Snake Powerforce,76561198014755741,Ember,"As a major RPG geek who has played the best isometric RPGs this world has to offer including Planescape:Torment, Baldur's gate, Arcanum, Fallout 1 & 2, Diablo and a S*it ton of others i would say that Ember could hold a flame to the great ones in terms of combat, graphics, story, music, and atmosphere the only thing i was kinda nit-picky about is how sparse the writing is. In the game Planescape: torment for example each NPC you meet there are big branching dialogue trees and you almost feel like you are talking to a real person and you will spend at least 5 mins with each character you encounter in that game but in ember you can finish dialogue with most NPCs you meet in a little over a minute sometimes even less it is almost like reading one of those children's books were each page you can read in like 15 seconds that is sort of how the dialogue trees are in this game. But this game was a really fun experience and if you play on the hardest setting like i did you will get quite a few more hours of playtime than you were expecting i was pleasantly surprised how many hours i played it but i think that is due to playing on the hardest setting and i kept restarting encounters to conserve potions. but overall this game is without a doubt worth the 9 dollars asking price. For people who are new to isometric RPGs i would say this is the perfect game for you because the game doesn't make you feel overwhelmed with content and you can basically just hack and slash your way through the game and you don't have to spend most of your playtime reading and asking people questions. if the developers ever make a Ember 2 ( i doubt they will because of what happened at the end of the game) or even if they create a new IP i would just ask them to spend more time on the dialogue so that you feel like what you say has an impact and so you can feel better connected to the game world. other than the simple storybook writing i would definitely recommend this game to any isometric RPG fan especially to people who are new to isometric RPGs this game will give you a good first impression of iso-rpgs and you won't feel as overwhelmed if you want to move on to a more advanced one. I rate Ember 85 points out of 100. A solid combat oriented RPG experience","['Adventure', 'RPG', 'Indie', 'Fantasy', 'Action RPG', 'Singleplayer', 'Isometric', 'Strategy', 'Story Rich', 'Hack and Slash', 'Loot', 'Action-Adventure', 'Classic', 'Action', 'CRPG']",Mostly Positive,N-Fusion Interactive,3,4,4,4,positivo
FIGIOT,76561197993421641,Ember,+ Price + questtracker + fast travel + interesting story - clunky controls (the line thing) - I didnt really like the combat mechanics 7/10 Pretty decent RPG for the price.,"['Adventure', 'RPG', 'Indie', 'Fantasy', 'Action RPG', 'Singleplayer', 'Isometric', 'Strategy', 'Story Rich', 'Hack and Slash', 'Loot', 'Action-Adventure', 'Classic', 'Action', 'CRPG']",Mostly Positive,N-Fusion Interactive,4,3,4,2,positivo
max.savenkov,76561198045503284,Ember,"I wish I could rate this game positive, because it's clearly a result of very dedicated work by small and enthusiastic team. Unfortunately, it's also very bland and somewhat boring. RTwP combat system, always a bad sign, here is very simplistic. There isn't much to tactics or strategy in it. The decision to make thes kills available only through items leads to meaningless character development. Dialogues are bland, though not REALLY bad. The quests are mostly boring. Oh, and there is WAY too much running here and there over already cleared locations. As other mentioned, some controls are clunky. Partically, this is a result of attempt to create an universal iOS/PC interface. Clearly dragging skills to target to make them work is a thing from mobile world, but on PC it is annoying. The lack of ability to scroll far away from character or set waypoints on location map forces you to continue clicking when running a long-distance route, which is also very annoying. If there anything to be praised in this game, besides the effort, it's the graphics. It looks good, and has LOTS of content! It's like this game was developed by a level-designer wit little understanding of anything beyond his area: the levels are good, and beautiful, but all other areas of the game are lacking. Oh, and I wanted to praise the technical side at first, but toward the end the game began crashing randomly on reloads and area transitions. Still, to release a game this good on Ogre engine takes some programming chops, so props to the programmers!","['Adventure', 'RPG', 'Indie', 'Fantasy', 'Action RPG', 'Singleplayer', 'Isometric', 'Strategy', 'Story Rich', 'Hack and Slash', 'Loot', 'Action-Adventure', 'Classic', 'Action', 'CRPG']",Mostly Positive,N-Fusion Interactive,2,2,4,2,negativo
H.U.N.K,76561197967324471,Ember,Wow what an impressive rpg lots of customisation loads of weapons and armor massive maps lots of quests and good animation. It's a steal at the meager asking price get it if you like RPG's,"['Adventure', 'RPG', 'Indie', 'Fantasy', 'Action RPG', 'Singleplayer', 'Isometric', 'Strategy', 'Story Rich', 'Hack and Slash', 'Loot', 'Action-Adventure', 'Classic', 'Action', 'CRPG']",Mostly Positive,N-Fusion Interactive,4,5,4,3,positivo
Anderson,76561198030305825,Enclave,A typical medieval hack & slash. Good for 2003: has a decent combat system and a good soundtrack.,"['RPG', 'Action', 'Third Person', 'Fantasy', 'Hack and Slash', 'Adventure', 'Singleplayer', 'Classic', 'Multiplayer', 'First-Person', 'Action RPG', 'Female Protagonist', 'Magic', 'Open World', 'Great Soundtrack', 'Nudity', 'Difficult']",Mostly Positive,Starbreeze,2,4,3,3,positivo
MrMuse,76561197991657927,Enclave,"Enclave isn't a BAD game by any means. It's a 3rd person hack n slash with minor rpg elements. The storyline seems well formed if uninventive. The problem is that it hasn't aged all that well and the graphics and controls are chunky and clunky respectively. If you pick it up cheaply or in some bundle then it may be worth a few hours of your time but otherwise, unless you are one of those that enjoy the retro feeling or have some nostalgia for this particular game, I would suggest it is past its sell-by date even at its low full price.","['RPG', 'Action', 'Third Person', 'Fantasy', 'Hack and Slash', 'Adventure', 'Singleplayer', 'Classic', 'Multiplayer', 'First-Person', 'Action RPG', 'Female Protagonist', 'Magic', 'Open World', 'Great Soundtrack', 'Nudity', 'Difficult']",Mostly Positive,Starbreeze,3,2,2,3,neutral
Agent 47,76561198169225565,Enclave,I Love this game such a classic,"['RPG', 'Action', 'Third Person', 'Fantasy', 'Hack and Slash', 'Adventure', 'Singleplayer', 'Classic', 'Multiplayer', 'First-Person', 'Action RPG', 'Female Protagonist', 'Magic', 'Open World', 'Great Soundtrack', 'Nudity', 'Difficult']",Mostly Positive,Starbreeze,3,5,4,3,positivo
David,76561198071421958,Enclave,"A nice game, considering it's age. The graphics look like overlord, almost everything looks like overlord. Even the enemy sounds, if you liked overlord, get this.","['RPG', 'Action', 'Third Person', 'Fantasy', 'Hack and Slash', 'Adventure', 'Singleplayer', 'Classic', 'Multiplayer', 'First-Person', 'Action RPG', 'Female Protagonist', 'Magic', 'Open World', 'Great Soundtrack', 'Nudity', 'Difficult']",Mostly Positive,Starbreeze,3,4,4,3,positivo
soroush,76561198145239055,Enclave,"Fun game, I was pleasantly suprised. You unlock new character classes as you progress and you can equip each character with different items using the gold you collect in levels. Definetely worth the asking price. It has a few issues with hit detection, but luckilly it works both ways (for you and your enemies) so you both miss most of the time :D","['RPG', 'Action', 'Third Person', 'Fantasy', 'Hack and Slash', 'Adventure', 'Singleplayer', 'Classic', 'Multiplayer', 'First-Person', 'Action RPG', 'Female Protagonist', 'Magic', 'Open World', 'Great Soundtrack', 'Nudity', 'Difficult']",Mostly Positive,Starbreeze,3,4,4,3,positivo
FakeSkinS,76561198108899326,Enclave,Another of my childhood classics. I played this alot more than Steam says due to the fact that I got it a long time ago thanks to a gaming magazine. This is a great example of a game that passed the test of time: both the graphics and the gameplay are amazing even by today`s standards. The combat is the meat of this game and everything blends in nicely. The weapons are AMAZING...swinging a giant orcish axe never felt so satisfying and being a stealthy assassin is just amazing due to the multitude of tools available (all the arrow types remind me of the Thief series). This game also has one of my all time favourite levels in video game history: the haunted mansion. Evading all the traps in that place was just amazing. There is not much more I could say about this game other than the fact that it`s a must have for all lovers of classic old games. If I`d use a raing system this would get a perfect 10 out of 10.,"['RPG', 'Action', 'Third Person', 'Fantasy', 'Hack and Slash', 'Adventure', 'Singleplayer', 'Classic', 'Multiplayer', 'First-Person', 'Action RPG', 'Female Protagonist', 'Magic', 'Open World', 'Great Soundtrack', 'Nudity', 'Difficult']",Mostly Positive,Starbreeze,4,5,5,4,positivo
Doomlilith,76561198067951569,Enclave,Bad combat bad story.,"['RPG', 'Action', 'Third Person', 'Fantasy', 'Hack and Slash', 'Adventure', 'Singleplayer', 'Classic', 'Multiplayer', 'First-Person', 'Action RPG', 'Female Protagonist', 'Magic', 'Open World', 'Great Soundtrack', 'Nudity', 'Difficult']",Mostly Positive,Starbreeze,1,1,2,3,negativo
Ivan Moreira,76561198010641857,Enclave,"its a pretty good hack and slash, even if its old. only thing odd is the hitbox. and the story is quite forgetfull. all in all, worth the time spent.","['RPG', 'Action', 'Third Person', 'Fantasy', 'Hack and Slash', 'Adventure', 'Singleplayer', 'Classic', 'Multiplayer', 'First-Person', 'Action RPG', 'Female Protagonist', 'Magic', 'Open World', 'Great Soundtrack', 'Nudity', 'Difficult']",Mostly Positive,Starbreeze,2,4,3,3,positivo
Chirper ^o^,76561197993848840,Enclave,"Great game, but got bored after a bit, never finished it, still fun.","['RPG', 'Action', 'Third Person', 'Fantasy', 'Hack and Slash', 'Adventure', 'Singleplayer', 'Classic', 'Multiplayer', 'First-Person', 'Action RPG', 'Female Protagonist', 'Magic', 'Open World', 'Great Soundtrack', 'Nudity', 'Difficult']",Mostly Positive,Starbreeze,3,4,4,3,positivo
Shadow Ops,76561198113014119,Enclave,"Enclave fast game with modern day graphics with easy controls that moves from location A to B to C and so on, good amount of action and special effects, good game. Personal Suggested Purchase Price: $0.99 Or Less During Sale","['RPG', 'Action', 'Third Person', 'Fantasy', 'Hack and Slash', 'Adventure', 'Singleplayer', 'Classic', 'Multiplayer', 'First-Person', 'Action RPG', 'Female Protagonist', 'Magic', 'Open World', 'Great Soundtrack', 'Nudity', 'Difficult']",Mostly Positive,Starbreeze,2,4,3,2,positivo
sara_bear,76561198035054806,Enclave,"Ok this looks a tad 10 years ago, plays a little 15 years ago, sounds a little 20 years ago... But it's till good rpg fun. Get it cheep and kill some goblins!","['RPG', 'Action', 'Third Person', 'Fantasy', 'Hack and Slash', 'Adventure', 'Singleplayer', 'Classic', 'Multiplayer', 'First-Person', 'Action RPG', 'Female Protagonist', 'Magic', 'Open World', 'Great Soundtrack', 'Nudity', 'Difficult']",Mostly Positive,Starbreeze,2,4,3,3,positivo
Lov3toPlay,76561197999850394,Enclave,"I was very pleasently surprised by this game. Having played all of the Dragon Age titles, Elder Scrolls Skyrim and other titles in this genre, Enclave still managed to keep it interesting through its plot telling and gameplay. Of course I can not compare it graphically to the above titles, however it does not dissapoint and still has a 'sharp' look. I believe this will be a welcome adition to your collection, specially if you are a fan of the genre.","['RPG', 'Action', 'Third Person', 'Fantasy', 'Hack and Slash', 'Adventure', 'Singleplayer', 'Classic', 'Multiplayer', 'First-Person', 'Action RPG', 'Female Protagonist', 'Magic', 'Open World', 'Great Soundtrack', 'Nudity', 'Difficult']",Mostly Positive,Starbreeze,4,4,3,3,positivo
dorgedrogt,76561198200606583,Enclave,I have no incompatible systems and still it's glitched to unplayability. every time I start a mission after just a few seconds my character starts moving to one side and won't stop unless i restart the mission. When I restart it it takes only seconds for the glitch to return.,"['RPG', 'Action', 'Third Person', 'Fantasy', 'Hack and Slash', 'Adventure', 'Singleplayer', 'Classic', 'Multiplayer', 'First-Person', 'Action RPG', 'Female Protagonist', 'Magic', 'Open World', 'Great Soundtrack', 'Nudity', 'Difficult']",Mostly Positive,Starbreeze,2,1,2,3,negativo
sitebender,76561198019205444,Enclave,"Enclave is a gem of a game from the original X-Box era back in 2003. Its a third or first person medieval fantasy hack and slash with engaging combat and exceptional environments. For the rogue in all us there is a dark campaign where you play as several evil classes like assassin, berserker, lich and sorceress to name a few. If there are any good hearts out there, you also have the light campaign with their human counterpart classes such as knight, huntress, druid, wizard and half-ling. Each campaign lasted me a fun and joyous seven hours. At the start of each level you select your class and assign their equipment from the money you have. Nothing is permanently bought, so if you want expensive armor and a weak weapon with a few potions, you can do it or if zero potions, expensive weapons and armor is more to your liking go for it. The money is never spent, just assigned. These classes, play styles and different equipment go a long way to making each play through different, even if its your twentieth time on a level. So why is this game so good? Let's start with the controls and movement. While this was an X-Box game, there doesn't seem to be controller support. You're stuck with your keyboard and rebindable keys. Its more than that though, your character seems to have a good sense of movement. You'll climb ladders, duck to crawl through tunnels, jump up boxes and over collapsed bridges. Even jump from rooftop to rooftop. Each class has its own speed. For the most part the heroes of the light campaign feel slower than their dark counterparts. Knights and berserkers move slow, while half-lings and goblins are the fastest. There is no run button, heroic classes are so slow that it really feels like you need to fight. Getting there is half the fun, but along the way you'll of course find enemies and you've got the fantastic combat to take them out with. I can't call it deep combat so much as its fun. Each class can have a melee weapon that you really just mouse click bash to flail it around. Each weapon has its own strength, speed and range. Others have enchantments that will light enemies on fire. Most classes also have a shield too. Hold the right mouse button to have your shield up to block arrows and wow you will be blocking a lot of arrows. With some enemies that can fire a shotgun of bolts at you, it becomes mandatory if you're going to survive at close range. To add some depth there, each time your shield gets bashed, that will knock it away for a split second leaving you open to attack. So if two archers time it just right they can break through your defenses. This goes for enemies with shields too. They're just like you, when their shield is up, you need to knock it down to hurt them. Wizards, sorceresses, lich and druids have magic. Each magician has a magic meter that refills over time.  So if you run out from fire balling an enemy, you've got to wait, where the enemies see your weakness and will rush at you. You can equip two spell staffs, so you have a variety there in the level. A lot of the spells make the game easier. Plenty of them seek out enemies and turn in the air to hit them. Instead of a shield, the right mouse will raise a force field, but I never used it that much, since mages are such long range classes. Some staffs also have a summoning ability to raise an ally to help you. Oh and the spells can't get blocked. You still take damage. Form there, non magic classes can also have a long range bow or cross bow. Even the knight and grenaders can use them, but you need to equip them at the start of each level, you can't just find one. I've gotta say crossbows and bows are far too difficult to accurately hit anything. Sure melee enemies running to you will take arrows til they're dead. Its shooting the other archers that becomes incredibly difficult. They can dodge arrows just as good as any human player. Its difficult to accurately hit them, so to compensate, there are several different tricks. You can load several bolts into a bow at once by pressing the right mouse button. Then release so one of them will hit its target if not all to instantly kill a close enemy. There are also fire bolts that will ignite enemies or the ground on fire. The abilities add some interesting facets to the game when you're forced to play as an assassin for the dark campaign's original character. You have a quick health potion button that really plays into combat, because you need to chug the potion. Its not just instant energy, so if you're getting beaten to death, you need to hide and chug the potion before you can attack or defend again. It adds a lot to the combat and gives the enemies a better chance. You'll need to unlock the classes as you go through the game. This means you'll be rescuing your comrades in their levels. With them freed, they'll temporarily aide you, fight shoulder to shoulder with you and guide you to the next part. They can die too, but as long as you've saved them and complete the level, they're unlocked. Enclave puts you into incredible environments and assets are not used from level to level. So each level has a completely different look and feel. Crypts, tombs, caves, castles, lava caverns, shadowy towns, human towns. There is a ton of variety here. Between the light and dark campaigns only a few levels get reused among the two. Even if it is a shared level, you start from the opposite end of it, to make it feel fresher. The levels feel like they're just the right amount of time. Each level has plenty of exploration and a lot of levels feel open enough where you can look around without feeling like you're forced down a corridor. They never overstay their welcome. I never think of it as a chore, because there's always something new and beautiful to see around every corner. The pre rendered cut scenes and menus are pretty dated with low resolution quality so they don't look as gorgeous as the game itself. Not that the game itself is high definition, but over a decade later it still looks amazing. The only thing lacking are the ground textures. Grassy fields could have used Oblivion style grass, but for a game that came out when Morrowind did it still looks better than its contemporaries. Its not all roses and sunshine in this dark enchanted world. The game goes from a fun treat and knuckles down on you in later levels to beat you down. I appreciated the challenge, even if some levels took me five minutes to make it across a bridge. If you die, you need to restart the level. To balance it out, if you can make it to a checkpoint, you will respawn there when you die. There's just one catch. You need enough gold collected in that level to respawn. I'm thankful for the checkpoints even at a cost. Having each revive cost gold gives you incentive to return to each level after you complete it. Oh by the way, you only keep the gold if you beat the level. So if you died ten times, you spent one hundred gold, so you can return to the level, not die and get an extra hundred gold to spend. Assuming you collected what you had before. That's the beauty with all the exploration, you can find things or miss them. You won't get limited to combat, there are some puzzles and a few brief, yet fun turret sections that don't tie you to the turrets. The bosses are giant and feel engaging without being overwhelming or frustrating. A giant dragon, a huge lava monster and the mega evil boss has you shooting its hanging heart. If that wasn't enough for you, there are unlockable mini games that are actually fun. You'll find maps in levels that will unlock games like a survival mode and a cool turret gallery. The music is also something to take note of. Its great and really fits the medieval epicness of the game. Its beautiful and touching, but with big and bold moments too. Once again, this is just a gem of a game that I would have paid full price for when it was $50. Thanks to someone from Sweden for giving me the game!","['RPG', 'Action', 'Third Person', 'Fantasy', 'Hack and Slash', 'Adventure', 'Singleplayer', 'Classic', 'Multiplayer', 'First-Person', 'Action RPG', 'Female Protagonist', 'Magic', 'Open World', 'Great Soundtrack', 'Nudity', 'Difficult']",Mostly Positive,Starbreeze,4,4,4,4,positivo
Lewd Loli Ravioli,76561198053644420,Enclave,Is that dragonborn helmet?,"['RPG', 'Action', 'Third Person', 'Fantasy', 'Hack and Slash', 'Adventure', 'Singleplayer', 'Classic', 'Multiplayer', 'First-Person', 'Action RPG', 'Female Protagonist', 'Magic', 'Open World', 'Great Soundtrack', 'Nudity', 'Difficult']",Mostly Positive,Starbreeze,2,3,4,3,neutral
My Little Pwny,76561197995238408,Enclave,"This game is very fun, even if it has issues in hit detection. For only $5, it's worth it. Most of the issues are things you just have to get used to. But seriously, I wish more games took cues from this game (Namely in the way they layout missions, as well as handle the gold system.)","['RPG', 'Action', 'Third Person', 'Fantasy', 'Hack and Slash', 'Adventure', 'Singleplayer', 'Classic', 'Multiplayer', 'First-Person', 'Action RPG', 'Female Protagonist', 'Magic', 'Open World', 'Great Soundtrack', 'Nudity', 'Difficult']",Mostly Positive,Starbreeze,3,4,4,3,positivo
✠Angryspartan✠,76561198149231271,Enclave,dota 2 with more ultimate abilities,"['RPG', 'Action', 'Third Person', 'Fantasy', 'Hack and Slash', 'Adventure', 'Singleplayer', 'Classic', 'Multiplayer', 'First-Person', 'Action RPG', 'Female Protagonist', 'Magic', 'Open World', 'Great Soundtrack', 'Nudity', 'Difficult']",Mostly Positive,Starbreeze,2,4,3,4,positivo
LESTAD ◥▶_◀◤,76561198046581669,Enclave,This game has a very nice game play. For 2003 must have been the best gameplay the world had seen.,"['RPG', 'Action', 'Third Person', 'Fantasy', 'Hack and Slash', 'Adventure', 'Singleplayer', 'Classic', 'Multiplayer', 'First-Person', 'Action RPG', 'Female Protagonist', 'Magic', 'Open World', 'Great Soundtrack', 'Nudity', 'Difficult']",Mostly Positive,Starbreeze,3,5,4,3,positivo
The Jaguar,76561198013026902,Enclave,"Well, the game hasn't aged well at all.  The graphics are terrible, but I could over look that if the game was strong in all other catagories.  The story actually seems really interesting.  But the voice-acting is just average.  And the combat is a mess!  Combat is so clunky and poorly executed that it makes the game not really worth the time.","['RPG', 'Action', 'Third Person', 'Fantasy', 'Hack and Slash', 'Adventure', 'Singleplayer', 'Classic', 'Multiplayer', 'First-Person', 'Action RPG', 'Female Protagonist', 'Magic', 'Open World', 'Great Soundtrack', 'Nudity', 'Difficult']",Mostly Positive,Starbreeze,4,1,2,3,negativo
JL37,76561198119242396,Enclave,Can't get past 1st level,"['RPG', 'Action', 'Third Person', 'Fantasy', 'Hack and Slash', 'Adventure', 'Singleplayer', 'Classic', 'Multiplayer', 'First-Person', 'Action RPG', 'Female Protagonist', 'Magic', 'Open World', 'Great Soundtrack', 'Nudity', 'Difficult']",Mostly Positive,Starbreeze,1,1,2,4,negativo
jaquierkhader,76561198065612574,Endless Space® 2,"TL;DR: Moderate recommendation, get it after a few patches and after they've released extra content. I just completed my first post-release game and won the economic victory (which was kind of easy to get once you get a few strong trade companies rolling) and I got to say that the victory cinematics were a very welcome addition to the game! It's been cool to see how they've added more and more content during early access and improved the overall experince. I feel slightly disappointed about the weapon and combat visuals. The wepons could pack more 'oomph' and the ship destructions could be more creative. I remember playing this one spaceship shooter game from the 90's and even then they knew how to make ship explosions impressive! (Colony Wars Red Sun) The combat in general could involve more interactivity, but since turn based battles (at least in ground combat) would eat a big chunk of your time in multiplayer for example, I totally understand this design decision. I wish there would be more options and tactics for ground battles and that the tactics in space battles would be something more in depth and look flashier when viewing the battle. Managing systems late game can get a bit tedious, but I guess you could have AI take them over. I'm not sure how it would play out since I didn't use that feature that often. Looking forward to future content. I hope they add an espionage system and other cools stuff. I'm definitely eager to try all the factions and victory types! Overall: 7/10, and I'll probably rate it higher once they do some general bug fixing and add more stuff. UPDATE: Since the newest updates like Galactic statecraft, Target locked and Little Grin Man the game has acquired substantial depth. 8/10","['Strategy', 'Space', 'Sci-fi', '4X', 'Turn-Based', 'Multiplayer', 'Turn-Based Strategy', 'Great Soundtrack', 'Grand Strategy', 'Open World', 'Singleplayer', 'Moddable', 'Indie', 'Action', 'Sandbox']",Very Positive,AMPLITUDE Studios,3,4,4,3,positivo
Avengust,76561198043997600,Endless Space® 2,"It's not bad, but i think Stellaris is better right now, and looks more promising.","['Strategy', 'Space', 'Sci-fi', '4X', 'Turn-Based', 'Multiplayer', 'Turn-Based Strategy', 'Great Soundtrack', 'Grand Strategy', 'Open World', 'Singleplayer', 'Moddable', 'Indie', 'Action', 'Sandbox']",Very Positive,AMPLITUDE Studios,3,3,4,3,neutral
Sirian,76561197971116718,Endless Space® 2,"Endless Space 2 is the best 4X game to hit the market in over a decade. That doesn't mean I think it's great; that's a hard bar to hit on my meter. But it doesn't do a lot of things wrong, and they made some clear strides since the first one, which I also thought was good. They had some critical bugs in early builds, which led me to hold off buying, initially, but those are fixed now. The game is worth your money (even not on sale), but more importantly, it's worth your time. Speaking of which, time to play another turn (then one more, then-- oh screw it. I'll be up all night playing. Catch you later!)","['Strategy', 'Space', 'Sci-fi', '4X', 'Turn-Based', 'Multiplayer', 'Turn-Based Strategy', 'Great Soundtrack', 'Grand Strategy', 'Open World', 'Singleplayer', 'Moddable', 'Indie', 'Action', 'Sandbox']",Very Positive,AMPLITUDE Studios,4,4,4,3,positivo
Vshephard,76561197970566611,Endless Space® 2,"My favorite 4x game so far, i returned to genre after a long break, my last love in this type of game was sins of a solar empire and i sorta enjoyed endless space the first of the name but no more. So i my rescent foray back into the genra, i've played master of orion and stelaris gave  sword of the stars I&II a go, and fond Endless space II as a EA title, it had a lot of potential, it was fun, beautifull, shamelessly stole some of the ebst mechanics from the more rescent 4x titles and implemented them well AND it add it's own game design and story of the rich lore from the endless IP. I fell in love with this title. It is not without it's flaws, it's easy to pick up but hard to master, but it captures everything i've wanted in a title like this cinematic battles where u make strategic choices instead of micro managing everything, meta quest and stories, meaning full minor factions, meaning full diplomatie and comerce, Wildly different races with totaly different approches to resources and development, ect. I warmly recomand this game to anyone who enjoys 4x games","['Strategy', 'Space', 'Sci-fi', '4X', 'Turn-Based', 'Multiplayer', 'Turn-Based Strategy', 'Great Soundtrack', 'Grand Strategy', 'Open World', 'Singleplayer', 'Moddable', 'Indie', 'Action', 'Sandbox']",Very Positive,AMPLITUDE Studios,5,4,5,3,positivo
kancho anego,76561198002532813,Endless Space® 2,"Nice game, something about it makes it more fun than Stellaris, Maybe because I do no thave to click upgrade energy node x1000 times. Still it has some annoying bugs, like the mp desync so far has been the most annoying. Still worth the price and fun to play.","['Strategy', 'Space', 'Sci-fi', '4X', 'Turn-Based', 'Multiplayer', 'Turn-Based Strategy', 'Great Soundtrack', 'Grand Strategy', 'Open World', 'Singleplayer', 'Moddable', 'Indie', 'Action', 'Sandbox']",Very Positive,AMPLITUDE Studios,3,4,4,2,positivo
SoupTown,76561198035289938,Endless Space® 2,"I don't usually like space games, but this is a good one","['Strategy', 'Space', 'Sci-fi', '4X', 'Turn-Based', 'Multiplayer', 'Turn-Based Strategy', 'Great Soundtrack', 'Grand Strategy', 'Open World', 'Singleplayer', 'Moddable', 'Indie', 'Action', 'Sandbox']",Very Positive,AMPLITUDE Studios,3,4,4,3,positivo
tempestlrd,76561198019703852,Endless Space® 2,"It's a beautiful game. I don't feel very productive or like I accomplished a lot during a turn...I find myself pressing end turn end turn...I even had 7 planets and felt this way. The reason I don't recommend this game is the annoying and cheating AI...the final straw was when I had a quest to kill a group of ships..the group would only stop on a planet (the only way you can engauge them) if I had weak ships sitting on it..so I ended up chasing them for 20+ turns with my good ships whle they explited the game...there was no way I was ever going to catch them so I could have a friggin fight...that's when I decided this game is not for me. minor dislike ..the game feels to shallow-forces you down paths, skill trees were weak- ship design was shallow..I played master of orion about 20 yrs ago and it was way more fun with tons of coices and diplomacy.. The game is beautiful thats all I can say really.","['Strategy', 'Space', 'Sci-fi', '4X', 'Turn-Based', 'Multiplayer', 'Turn-Based Strategy', 'Great Soundtrack', 'Grand Strategy', 'Open World', 'Singleplayer', 'Moddable', 'Indie', 'Action', 'Sandbox']",Very Positive,AMPLITUDE Studios,2,2,4,3,negativo
Angelrocking,76561198031653944,Endless Space® 2,"Much better than Endless Space 1. Everything seems vastly improved and space finaly feels more ""alive"".","['Strategy', 'Space', 'Sci-fi', '4X', 'Turn-Based', 'Multiplayer', 'Turn-Based Strategy', 'Great Soundtrack', 'Grand Strategy', 'Open World', 'Singleplayer', 'Moddable', 'Indie', 'Action', 'Sandbox']",Very Positive,AMPLITUDE Studios,4,5,5,3,positivo
[フルメタル][]hayseddy[],76561198060648879,Endless Space® 2,Great potential other than the time the one save file just didnt want to load man had to start the great empire all over again and it was still ♥♥♥♥ing awesome i did not mind at all ( yes i ♥♥♥♥ing did mind lost a vast empire to a ♥♥♥♥ed up file) But ou man wow I get lost the music makes me feel like im actually in that univers i let my imagination run wild thinking of how my people would live on my planets thinking of all these erelavent things this game gets a 10 outa 10 total emersion just wow wow wow And when you really high and drunk this game feels like a ride you start to feel like that you are in the endless space and some times i almost hate reality man i wish i could live in my empire that would be my dream.,"['Strategy', 'Space', 'Sci-fi', '4X', 'Turn-Based', 'Multiplayer', 'Turn-Based Strategy', 'Great Soundtrack', 'Grand Strategy', 'Open World', 'Singleplayer', 'Moddable', 'Indie', 'Action', 'Sandbox']",Very Positive,AMPLITUDE Studios,5,4,5,3,positivo
evcastello,76561198065225257,Endless Space® 2,It's neat-o.,"['Strategy', 'Space', 'Sci-fi', '4X', 'Turn-Based', 'Multiplayer', 'Turn-Based Strategy', 'Great Soundtrack', 'Grand Strategy', 'Open World', 'Singleplayer', 'Moddable', 'Indie', 'Action', 'Sandbox']",Very Positive,AMPLITUDE Studios,2,3,3,2,positivo
Frodo,76561198050056595,Endless Space® 2,"the game is so ****ing NOT new player friendly, it does not have a clear tutorial.","['Strategy', 'Space', 'Sci-fi', '4X', 'Turn-Based', 'Multiplayer', 'Turn-Based Strategy', 'Great Soundtrack', 'Grand Strategy', 'Open World', 'Singleplayer', 'Moddable', 'Indie', 'Action', 'Sandbox']",Very Positive,AMPLITUDE Studios,2,2,3,4,negativo
Vshephard,76561197970566611,Endless Space® 2,"My favorite 4x game so far, i returned to genre after a long break, my last love in this type of game was sins of a solar empire and i sorta enjoyed endless space the first of the name but no more. So i my rescent foray back into the genra, i've played master of orion and stelaris gave  sword of the stars I&II a go, and fond Endless space II as a EA title, it had a lot of potential, it was fun, beautifull, shamelessly stole some of the ebst mechanics from the more rescent 4x titles and implemented them well AND it add it's own game design and story of the rich lore from the endless IP. I fell in love with this title. It is not without it's flaws, it's easy to pick up but hard to master, but it captures everything i've wanted in a title like this cinematic battles where u make strategic choices instead of micro managing everything, meta quest and stories, meaning full minor factions, meaning full diplomatie and comerce, Wildly different races with totaly different approches to resources and development, ect. I warmly recomand this game to anyone who enjoys 4x games","['Strategy', 'Space', 'Sci-fi', '4X', 'Turn-Based', 'Multiplayer', 'Turn-Based Strategy', 'Great Soundtrack', 'Grand Strategy', 'Open World', 'Singleplayer', 'Moddable', 'Indie', 'Action', 'Sandbox']",Very Positive,AMPLITUDE Studios,5,4,5,3,positivo
d_rape,76561198098414839,Endless Space® 2,"Don't buy this game. Volunteer to help the homeless. Visit a retirement community. Clean your house. This game is created for the sole purpose of wasting your time and life. Without much in the way of entertainment or fun. Unless you want to watch as much You t u b e as you do playing the game don't expect to figure out how to win. Even then expect all the vids to be old and out of date. Many of the patches have nerfed the abilities of the various races. Grind, grind, and grind.  Last and final game for me. I am on easy. The game is supposed to run approximately 300 turns according to the set up. I am not even at turn 90 and I am getting told another empire is going to win in four turns! I have played easily half a dozen games at easier levels of play and am no closer to understanding how to win...let alone winning. Don't do it!","['Strategy', 'Space', 'Sci-fi', '4X', 'Turn-Based', 'Multiplayer', 'Turn-Based Strategy', 'Great Soundtrack', 'Grand Strategy', 'Open World', 'Singleplayer', 'Moddable', 'Indie', 'Action', 'Sandbox']",Very Positive,AMPLITUDE Studios,1,1,1,4,negativo
Frodo,76561198050056595,Endless Space® 2,"the game is so ****ing NOT new player friendly, it does not have a clear tutorial.","['Strategy', 'Space', 'Sci-fi', '4X', 'Turn-Based', 'Multiplayer', 'Turn-Based Strategy', 'Great Soundtrack', 'Grand Strategy', 'Open World', 'Singleplayer', 'Moddable', 'Indie', 'Action', 'Sandbox']",Very Positive,AMPLITUDE Studios,2,2,3,4,negativo
etheric42,76561198007897761,Endless Space® 2,"Tried two campaigns.  Reached turn 100 or so on normal game length (which is ~300 turns max, so 1/3rd of the way through a game) before quiting due to boredom. Gorgeous game.  Fun writing.  Interesting races.  I love the quest-based 4x system. But most of the gameplay involved me clicking on an overwhelming web of technology choices and microing build queues (I know there is autobuild, but it would do stupid things like construct buildings that aren't suited to the system while currently running a deficit).  War was me spamming small attacker ships with small protector escorts in a 3-1 ratio and walking into systems nearly unopposed.  The most difficult part (not really difficult) was remembering to save enough influence to prevent my opponent from declaring peace while I slowly bombarded and invaded each of his systems.  (#1 score AI was about 400 and I was about 300 and I took it on without any realistic resistance.) Other intersting note, on campaign attempt 2 I selected random race 4 times and was given United Empire each time.  Eventually I gave in and assumed the game was soft-forcing me to play UE so I went with it. If someone can explain how the game gets more interesting in turns 100-300, please leave a comment.","['Strategy', 'Space', 'Sci-fi', '4X', 'Turn-Based', 'Multiplayer', 'Turn-Based Strategy', 'Great Soundtrack', 'Grand Strategy', 'Open World', 'Singleplayer', 'Moddable', 'Indie', 'Action', 'Sandbox']",Very Positive,AMPLITUDE Studios,4,2,5,2,neutral
SoupTown,76561198035289938,Endless Space® 2,"I don't usually like space games, but this is a good one","['Strategy', 'Space', 'Sci-fi', '4X', 'Turn-Based', 'Multiplayer', 'Turn-Based Strategy', 'Great Soundtrack', 'Grand Strategy', 'Open World', 'Singleplayer', 'Moddable', 'Indie', 'Action', 'Sandbox']",Very Positive,AMPLITUDE Studios,3,4,4,3,positivo
Nalidus,76561198031396231,Endless Space® 2,"SEGA's (parent company of Amplitude) .  SEGA should never be trusted.  Their actions prove this. However, Satoru (moderator for Endless Space 2) wants to keep this hush hush because he wants people to keep buying Endless Space 2.  He doesn't want potential buyers to know the truth of the actions of Amplitude's masters.  He doesn't want people to know that SEGA will do these same actions to any future productions from Amplitude.  He wants to hide the truth.  Luckily, he has no say on the review section. So, I say to all potential customers, do not buy anything produced by SEGA in the future.  They will continue to engage in such shady actions wherever they can.","['Strategy', 'Space', 'Sci-fi', '4X', 'Turn-Based', 'Multiplayer', 'Turn-Based Strategy', 'Great Soundtrack', 'Grand Strategy', 'Open World', 'Singleplayer', 'Moddable', 'Indie', 'Action', 'Sandbox']",Very Positive,AMPLITUDE Studios,1,1,1,2,negativo
Brozar,76561198095985970,Endless Space® 2,I LOVE THE UI and the plantes look amazing but the bots need more adjustments 9/10 very good looking game tho good job,"['Strategy', 'Space', 'Sci-fi', '4X', 'Turn-Based', 'Multiplayer', 'Turn-Based Strategy', 'Great Soundtrack', 'Grand Strategy', 'Open World', 'Singleplayer', 'Moddable', 'Indie', 'Action', 'Sandbox']",Very Positive,AMPLITUDE Studios,3,4,5,3,positivo
Kepos,76561197978088722,Endless Space® 2,"Defenetly a winner! Was allready hyped with predecessor and am with the new Endless Space 2. Game is in good shape, UI is great, as all other Endless games are. Every race plays different style, while mechanics are either well known or easy to learn. Turnbased gameplay offers lot's of decissions, while system remembers on Endless Legend. Early access is playable without problems, is fun to go 'just one more turn' from day one. For sure game will get upgrades and new stuff, so I'm good with it in current state. Pricing is fair while you probably get more out of it then from other AAA titles calling 60 bucks and more. Short update on release: Game is in very good shape. All major features are up and running. Even (not promised for release) localizations are in place and well done. Still wondering if ES2 is the same prioritized for multiplayer as ES1...but I'm currently in 'only-one-more-turn' mode, so testing MP has to wait a bit. :)","['Strategy', 'Space', 'Sci-fi', '4X', 'Turn-Based', 'Multiplayer', 'Turn-Based Strategy', 'Great Soundtrack', 'Grand Strategy', 'Open World', 'Singleplayer', 'Moddable', 'Indie', 'Action', 'Sandbox']",Very Positive,AMPLITUDE Studios,4,5,4,3,positivo
Zeph Grey,76561197993670834,Endless Space® 2,"I enjoyed it even less than anything else in the Endless universe, which was pretty much not at all. At least I got to find that out without paying for it.","['Strategy', 'Space', 'Sci-fi', '4X', 'Turn-Based', 'Multiplayer', 'Turn-Based Strategy', 'Great Soundtrack', 'Grand Strategy', 'Open World', 'Singleplayer', 'Moddable', 'Indie', 'Action', 'Sandbox']",Very Positive,AMPLITUDE Studios,1,1,1,2,negativo
simregan,76561197983878024,Enemy Front,"I got this dirt cheap in one of the steam sales, and after completing it im glad i did. Full Price for this game is ridculous for a lot of reasons. Completing it really felt like a chore and my playtime is greatly exaggerated 5-6 hours would complete this really short game. Some of the missions are really really short, where your just jumped out of it and straight into the next one, its supposed to be a story of a resistance fighter in nazi occupied europe, but its bland, boring and shallow, theres practically none or little or no dialogue to give the player any insight in the characters past, and hes just jumping around from rural france, to norway and back to Warsaw. The Ending also is just terrible. The concept idea of having Warsaw in an Fps WWII game is a good idea alright but the whole story just fails to deliver. The Game did improve as i got further into it, Warsaw does actually look well in the heat of the battle and the graphics in the game do look beautiful at times, while charactor models, weaponry all look lifelike. All that though does not save this game, its a very very average shooter at best, plus the fact been seen through walls and ai corpses disappearing and stealth just does not work. Dont get this game full price, get on sale if you want a bog standard WWII fps.","['Action', 'FPS', 'World War II', 'Shooter', 'Multiplayer', 'Singleplayer', 'Stealth', 'War', 'First-Person', 'Open World', 'Adventure', 'Military', 'Simulation', 'Atmospheric', 'Tactical', 'Historical', 'Survival']",Mixed,CI Games,1,2,3,2,negativo
☢LordMiki☢,76561198016661147,Enemy Front,"*has tears in eyes* I cant remember the last time i played good WW1-WW2  FPS game.And i am a BIG fan of WW FPS games,The last game was COD 2 ,after that nothing special was made ,at list not for me And than this game come out. To me this is a  WW2 FPS masterpiece. Amazing graphics with beautiful beautiful environments. Really nice selections of guns,silent and not silent guns, You can play the whole game silent,to pass all enemies undetected.Or you can choose to fight your way through  like rambo or like every FPS game ( I chose a logical rambo  way ofc ) Not sure why this game have low scores and all critics say boring slow game.To me this is a great great game i will say dont lisen to ANY ONE,play it your self and try it. I dont see any bugs and glitches ,perfect on that end. Enemies are hard,playing on normal difficulty ,i am daying maybe way to mutch aaahh ,but maybe that is just me because i am going in like rambo,but sill having fan. So checks it out .i recoment this to all ppl 10/10","['Action', 'FPS', 'World War II', 'Shooter', 'Multiplayer', 'Singleplayer', 'Stealth', 'War', 'First-Person', 'Open World', 'Adventure', 'Military', 'Simulation', 'Atmospheric', 'Tactical', 'Historical', 'Survival']",Mixed,CI Games,4,5,5,4,positivo
Arken Guardian,76561198188935631,Enemy Front,"It's a good game, although it is somehow a short game depending on how you play it. You either play wanting a full on rambo mode diving into enemies or going stealth ninja mode which is more challenging and time consuming. I finished the game in about 7 hours mainly doing rambo mode gameplay. Focusing mainly on doing what kind of gameplay you want in a single playthrough increases your chance on replaying the game again to try doing a different kind of game playing style. Edit: Oh and by the way, I bought this game on sale. It is worth it buying it cheap on sale although I recommend buying another game instead of this one if you are planning on buying this with a full price.","['Action', 'FPS', 'World War II', 'Shooter', 'Multiplayer', 'Singleplayer', 'Stealth', 'War', 'First-Person', 'Open World', 'Adventure', 'Military', 'Simulation', 'Atmospheric', 'Tactical', 'Historical', 'Survival']",Mixed,CI Games,3,4,4,3,neutral
Madash,76561197993589983,Enemy Front,a jolly jaunt through the past a'la classic cod fashion,"['Action', 'FPS', 'World War II', 'Shooter', 'Multiplayer', 'Singleplayer', 'Stealth', 'War', 'First-Person', 'Open World', 'Adventure', 'Military', 'Simulation', 'Atmospheric', 'Tactical', 'Historical', 'Survival']",Mixed,CI Games,3,4,4,3,positivo
Paul196UK,76561198082640923,Enemy Front,"An excellent and enjoyable FPS war shooter game which as great action, great graphics and physics. 10/10","['Action', 'FPS', 'World War II', 'Shooter', 'Multiplayer', 'Singleplayer', 'Stealth', 'War', 'First-Person', 'Open World', 'Adventure', 'Military', 'Simulation', 'Atmospheric', 'Tactical', 'Historical', 'Survival']",Mixed,CI Games,3,5,4,2,positivo
stranger1982,76561198006541362,Enemy Front,"Enemy Front is a WW2 shooter with an original setting and decent story: sadly a few issues and unimpressive production value keep it from being truly great. Pros: -novel setting,you join the Polish resistance and fight in Poland,France and Norway -interesting story -nice graphics thanks to CryEngine 3 -good sound design -nice amount of different guns to use -good variety of levels -optional objectives during missions make things a little more interesting,also collectibles for those so inclined Cons: -cutscenes are somewhat low res -movement feels a bit jerky at times -poor enemy AI,while mostly functional it often just charges in the open,stops moving or doesn't react to casualties -no lean/cover mechanics mar gunplay a bit -while the story is interesting it falls flat in truly giving an emotional attachment to characters -a few bugs here and there -multiplayer is dead I got this game for 4 dollars,and for the price it was a pretty interesting and fun ride. It can be clearly seen Enemy Front is a product of love,sadly it didn't come out as great as it'd be,whether to a lack of budget or lack of testing I cannot say...but considering the lack of WW2 shooters and the fact it can still offer a decent 6 hour campaign I'd say it's a good purchase on sale for WW2 aficionados.","['Action', 'FPS', 'World War II', 'Shooter', 'Multiplayer', 'Singleplayer', 'Stealth', 'War', 'First-Person', 'Open World', 'Adventure', 'Military', 'Simulation', 'Atmospheric', 'Tactical', 'Historical', 'Survival']",Mixed,CI Games,3,3,4,2,neutral
GLOCK,76561198035105484,Enemy Front,My eyes are bleeding after playing this game.,"['Action', 'FPS', 'World War II', 'Shooter', 'Multiplayer', 'Singleplayer', 'Stealth', 'War', 'First-Person', 'Open World', 'Adventure', 'Military', 'Simulation', 'Atmospheric', 'Tactical', 'Historical', 'Survival']",Mixed,CI Games,1,1,2,3,negativo
Abaddon,76561198040317132,Enemy Front,"Utterly dreadful. This is gonna be more of a personal review than a general one. Let me start with saying that I had seen many many reviews about this game, a lot of them were negative some of them where OK but not reassuring. I'm a big fan of WWII shooters and despite the negative criticism towards Enemy Front, I wanted to give it a shot regardless. (You know sometimes we find some bad shooters and secretly enjoy them a little). Oh boy was I wrong on this one. So very wrong. I really wanted to enjoy Enemy Front, even if it was just a quick blast through the game and uninstall never to look back on, that would have been fine for me, considering I picked this game up during a sale for about 3$. First impressions where not good. The game starts off with an incredibly boring and derivative setup. You're some kind of journalist-type who's in the midst of the world war, writing about the brave and strong people who fought and stood up to the Nazi oppression. I'll give it credit for being a little different and original, but the setup is easily forgettable moments after it's shown and isn't gripping enough to give a care in the world for. The gameplay felt solid but clunky sometimes. I was given the opportunity very soon into the game to decide to take on an area with patrolling nazis either via stealth or by going loud and firing upon them. I decided to try the stealth approach. I was spotted magically around a corner of a wall, past a stack of crates, a bush and a doorway. Yup. The AI, to say the very least, is damn right dreadful. Stealth is not viable in Enemy Front and doesn't really work that well. Stealth takedowns are time consuming and quite frankly by the time you've hit your melee button you feel a sense of dread as you wait for a near 8 second long animation to play (doesn't sound like a lot but you sit there and count it and believe me you'll understand why it's annoying). The gunplay is typically boring, each gun feels more or less the same, the only difference mainly being the fire-rate. The sound design is generic and poor quality. And the voice acting... my god, don't even get me started. Genuinely some of the worst voice acting I have ever experienced. (Resident Evil 1 and House of the Dead where memorable for having bad voice acting but this is just sad.) I genuinely wanted to get some enjoyment out of this game, I really did. I wasn't expecting Enemy Front to be an amazing triple A product but I can honestly promise anyone interested - it is not worth the money and not even on sale. I picked Enemy Front up for 3$ and I've never requested a refund so quick in my life. Enemy Front is a uninspiring, boring, dull, painstakinly abysmal shooter that offers nothing new or innovative. Play something better like the original Call of Duty games or Wolfenstein for a greater WWII game. 2/10","['Action', 'FPS', 'World War II', 'Shooter', 'Multiplayer', 'Singleplayer', 'Stealth', 'War', 'First-Person', 'Open World', 'Adventure', 'Military', 'Simulation', 'Atmospheric', 'Tactical', 'Historical', 'Survival']",Mixed,CI Games,1,2,1,2,negativo
Target: Happy,76561198041823514,Enemy Front,"This game has a charm to it that Cod simply lacks, it is pretty yet dark at the same time. The guns feel real and cryengine certainly aids this. However, the enemies always sound close which can be disorientating and there are a few issues with graphical lag and enemy AI. Overall this game is definatley worth a look if need more nazi killing after Wolfenstein and it comes with a multiplayer unlike the summer blockbuster. Overall, I would give it a 7.5 out of 10.","['Action', 'FPS', 'World War II', 'Shooter', 'Multiplayer', 'Singleplayer', 'Stealth', 'War', 'First-Person', 'Open World', 'Adventure', 'Military', 'Simulation', 'Atmospheric', 'Tactical', 'Historical', 'Survival']",Mixed,CI Games,3,4,4,3,positivo
Saint Aaron,76561198011965365,Enemy Front,"I have enjoyed may of their games such as alien rage and ghost warrior 1 and 2 CI Games	 has yet to make another great game in my opinion. Enemy front is made with the crisis engine set in WWII. This game is literally beautiful along with the animations and the models. Wooden objects can be shot through/broken. This game also gives you options on which way you would like to take such as front door or back door. The game does have a nice stealth system along with the hostage holding.  These developers can make some good games but they really need to focus more on programing along with fixing bugs. Pros Take enemies hostage choices on what to do Stealth or go loud Bullet drop Use enviroment to kill people. Shooting cranes to drop stacks of logs, huge map to where you can go almost anywhere Graphics amazing Voice acting Cons Bugs.. Invisible walls. please Note: If your game is lagging like crazy go to options.. video..Basic... and switch v sync to yes.. Your problem should be fixed.","['Action', 'FPS', 'World War II', 'Shooter', 'Multiplayer', 'Singleplayer', 'Stealth', 'War', 'First-Person', 'Open World', 'Adventure', 'Military', 'Simulation', 'Atmospheric', 'Tactical', 'Historical', 'Survival']",Mixed,CI Games,3,4,5,3,neutral
Excel,76561198143657137,Enemy Front,"Enemy Front is a WW2 First-Person Shooter developed by CI Games. It isn't deserving of it's bad reviews, at least when it's on sale. When and if this game is on sale, it isn't a bad game at all. It has fantastic visuals, great audio and solid shooting. However, it is flawed, very flawed. The movement can feel absolutely horrible. It can be so hard to actually enjoy the game because of it. It is awful and slow. On some devices it can take multiple attemps to boot it up. The game can also be so easy. But on the veredict, on sale (for usually) $3-$5 this game is gold. It can be fun, undoubtedly stunning graphics that definately keep you immersed, great audio and an interesting campaign, this game is worthy of a 7/10","['Action', 'FPS', 'World War II', 'Shooter', 'Multiplayer', 'Singleplayer', 'Stealth', 'War', 'First-Person', 'Open World', 'Adventure', 'Military', 'Simulation', 'Atmospheric', 'Tactical', 'Historical', 'Survival']",Mixed,CI Games,4,2,5,2,positivo
vangomaextreme,76561198014649631,Enemy Front,"Not amazing but certainly not awful and given the lack of material in the WW2 genre of late, it's not that bad of a romp around if you're feeling that you need to combat facism in Europe once more.  Don't expect anything groundbreaking or overly intelligent but you probably will find some entertainment in it, if you can pick it up cheap and just want a singleplayer experience.","['Action', 'FPS', 'World War II', 'Shooter', 'Multiplayer', 'Singleplayer', 'Stealth', 'War', 'First-Person', 'Open World', 'Adventure', 'Military', 'Simulation', 'Atmospheric', 'Tactical', 'Historical', 'Survival']",Mixed,CI Games,2,3,3,2,neutral
Kaptin Bluddflagg,76561197983140368,Enemy Front,"A lot of people tend to bash this game around but I for one like it, The graphics are very nice and the gameplay is surprisingly fluid. It also has more variety to the single player mode then the traditional WW2 shooters. The unique weapons like the Welrod and the Des Lisle carbine are a nice bonus too.","['Action', 'FPS', 'World War II', 'Shooter', 'Multiplayer', 'Singleplayer', 'Stealth', 'War', 'First-Person', 'Open World', 'Adventure', 'Military', 'Simulation', 'Atmospheric', 'Tactical', 'Historical', 'Survival']",Mixed,CI Games,3,4,4,3,positivo
BravoDefender,76561197990250316,Enemy Front,"I paid 1.5€ for it and played for 4.5 hours. So it's short game and it's generic shooter. The levels are somewhat interesting as you take part in missions like blowing the heavy water reactor up in Norway and some other rather unknown mission in WW2. Eh, for 1-2€ euros when you don't have anything to do for 4-5 hours, Sure. But there is no replay value. Sure there are secrets in missions but I didn't even try the multiplayer, because it's was so generic.","['Action', 'FPS', 'World War II', 'Shooter', 'Multiplayer', 'Singleplayer', 'Stealth', 'War', 'First-Person', 'Open World', 'Adventure', 'Military', 'Simulation', 'Atmospheric', 'Tactical', 'Historical', 'Survival']",Mixed,CI Games,2,2,3,2,neutral
Retrograde,76561198016880425,Enemy Front,"i enjoyed this more than i expected too. A lot of effort has gone into this. t looks nice, and is only let down by the enemy AI (no worse than most similar shooters) Lots of fun to be had, Recommend get when discounted.","['Action', 'FPS', 'World War II', 'Shooter', 'Multiplayer', 'Singleplayer', 'Stealth', 'War', 'First-Person', 'Open World', 'Adventure', 'Military', 'Simulation', 'Atmospheric', 'Tactical', 'Historical', 'Survival']",Mixed,CI Games,3,4,4,3,positivo
wanted31,76561198003996728,Enemy Front,Only if -90% + a lot of config.sys adj to make the game look acceptable.,"['Action', 'FPS', 'World War II', 'Shooter', 'Multiplayer', 'Singleplayer', 'Stealth', 'War', 'First-Person', 'Open World', 'Adventure', 'Military', 'Simulation', 'Atmospheric', 'Tactical', 'Historical', 'Survival']",Mixed,CI Games,2,2,3,3,negativo
DarkSnakeSoul,76561197965046644,Enemy Front,"A okay World war 2 shooter but sadly has a bunch of issues and overall feel doesn't really keep me wanting more. The combat is very basic with nothing really special. The game does have a sneaking element to it, with enemies having a line of sight but most times you will go guns blazing as there is really no difference in regards to rewards and the challenge of going guns blazing is rather easier then sneaking around as you can just hide in a building and pick each enemy off as they enter. I was expecting a slight difference between sneaking and gunning like having alarms that keep spawning troops but in the end nothing really pushes you to be sneaky. A lot of the missions are also linear and straight forward. The Enemy a.i is basic or dumb as they will charge into your machine gun nest without a care and many times they will run back and forth between the same cover....or worst fight over one cover spot pushing their comrade out into the open. The story is okay at best but again nothing note worthy or new. A lot of times you going to feel a bit of been there and done that to it as your missions do feel like a bad re-run of the previous. Overall I recommend passing or picking this up cheap. It tried but sadly there is nothing really here that seperates it from other shooters in the same era.","['Action', 'FPS', 'World War II', 'Shooter', 'Multiplayer', 'Singleplayer', 'Stealth', 'War', 'First-Person', 'Open World', 'Adventure', 'Military', 'Simulation', 'Atmospheric', 'Tactical', 'Historical', 'Survival']",Mixed,CI Games,2,2,3,2,negativo
Kochen,76561198008487360,Enemy Front,"It's really hard for me to give a review for this game. It is full of contrasts. We have beautiful design of locations in Warsaw during Warsaw Uprising 1944 or locations in occupied France and Norway, yet we have many moments in which the game doesn't look as if it was created in CryEngine. There are some moments of poor textures and usage of that engine's effects. They don't look bad, but in 2016 they look very average. I had some game crashes as well and they happened mostly while certain levels were loaded. About gameplay, it has some flaws, but generally speaking it's entertaining. The hardest availble difficulty level might be too easy in some moments, at least I had that kind of feelings, but it's good in stealth missions. Most of them are not polished and going through scripts, thinking when they're gonna appear, is boring and dull. In effect each stealth mission ends with massive fight including you and several units of nazis. But as I said before, this game is full of contrast. If I were to choose whether recommend or not ""Enemy Front"", I would say: I recommend. I had several hours of fun while playing this game. The worst parts placed in occupied France were not as long as rest of them, including crème de la crème: many missions placed in Warsaw during Uprising from 1944, the biggest battle of the resistance during World War II. If there is a discount, then I highly recommend You buying this game. 29,99€ (price as it was in the moment of writing this review) might be too high for this game if you put on a weight quality you are to get, but if there's gonna be a discount then no need to wait: grab your weapon and join the Resistance!","['Action', 'FPS', 'World War II', 'Shooter', 'Multiplayer', 'Singleplayer', 'Stealth', 'War', 'First-Person', 'Open World', 'Adventure', 'Military', 'Simulation', 'Atmospheric', 'Tactical', 'Historical', 'Survival']",Mixed,CI Games,4,3,4,3,positivo
Francis,76561197980372335,Enemy Front,Nothing amazing but it is a desent shooter with some steath elements.,"['Action', 'FPS', 'World War II', 'Shooter', 'Multiplayer', 'Singleplayer', 'Stealth', 'War', 'First-Person', 'Open World', 'Adventure', 'Military', 'Simulation', 'Atmospheric', 'Tactical', 'Historical', 'Survival']",Mixed,CI Games,2,3,3,2,neutral
Gilad Pellaeon,76561198111302405,Enemy Front,"never buy this game this game is bad. the story is bland, and the ai is bad. the people who made this lied to you that you can do stealth, hit and runs and planning your strategy. all you do is get a gun shoot rambo style.","['Action', 'FPS', 'World War II', 'Shooter', 'Multiplayer', 'Singleplayer', 'Stealth', 'War', 'First-Person', 'Open World', 'Adventure', 'Military', 'Simulation', 'Atmospheric', 'Tactical', 'Historical', 'Survival']",Mixed,CI Games,1,2,2,2,negativo
