username,user_id,title,text,tags,sentiment,developer,narrativa,jugabilidad,atmósfera,dificultad,tono_emocional
Arcanist Asha,76561198069555865,SpaceChem,A great game to get if you're into puzzles.,"['Puzzle', 'Difficult', 'Programming', 'Indie', 'Singleplayer', 'Great Soundtrack', 'Sci-fi', 'Science', 'Illuminati', 'Casual', '2D', 'Space', 'Simulation', 'Strategy', 'Education', 'Touch-Friendly']",Overwhelmingly Positive,Zachtronics,2,5,4,4,positivo
notafan,76561198000807394,SpaceChem,yeah.,"['Puzzle', 'Difficult', 'Programming', 'Indie', 'Singleplayer', 'Great Soundtrack', 'Sci-fi', 'Science', 'Illuminati', 'Casual', '2D', 'Space', 'Simulation', 'Strategy', 'Education', 'Touch-Friendly']",Overwhelmingly Positive,Zachtronics,1,4,3,4,positivo
Dodgeball,76561197993434587,SpaceChem,"Heh yea! summer camp achievements.  Anyhow this is an excellent brain teaser, and there's recorded solutions online if you get hopelessly stumped.  Garrett loves watching this one in action :)","['Puzzle', 'Difficult', 'Programming', 'Indie', 'Singleplayer', 'Great Soundtrack', 'Sci-fi', 'Science', 'Illuminati', 'Casual', '2D', 'Space', 'Simulation', 'Strategy', 'Education', 'Touch-Friendly']",Overwhelmingly Positive,Zachtronics,2,5,4,4,positivo
jojojay.martin,76561198286380078,SpaceChem,"-you make procedures to assemble molucules, very much like programming -little beyond the theme is chemistry, requires no prior knowlege of chemistry -very complicated -somewhat of a steep learning/difficulty curve for me, not for the casual gamer! -complicated, convuluted puzzles -as others have said, can sometimes feel like work rather then a game -very unique concept, however, if you go to a flash game website , you will find many puzzle games. none will be quite as deep as this, though -i would reccomend ONLY if you like a extreme challenge","['Puzzle', 'Difficult', 'Programming', 'Indie', 'Singleplayer', 'Great Soundtrack', 'Sci-fi', 'Science', 'Illuminati', 'Casual', '2D', 'Space', 'Simulation', 'Strategy', 'Education', 'Touch-Friendly']",Overwhelmingly Positive,Zachtronics,1,3,4,5,negativo
Yendor,76561198024969911,SpaceChem,"A HARD puzzle game. Great for exercising the brain over the summer break. Get it if you like thinking about how to solve things at supper, while taking a shower, while going to bed, ... Reccomended for engineers, scientists, and mathematicians.","['Puzzle', 'Difficult', 'Programming', 'Indie', 'Singleplayer', 'Great Soundtrack', 'Sci-fi', 'Science', 'Illuminati', 'Casual', '2D', 'Space', 'Simulation', 'Strategy', 'Education', 'Touch-Friendly']",Overwhelmingly Positive,Zachtronics,1,5,4,5,positivo
Highstaker,76561198064886018,SpaceChem,"This game is also available for Android, and I like it there. A very original and brain-blowing puzzle experience. Yes, to complete the level with the results that are better than average you need to think. A lot! They also seem to have some community-made puzzles. Well, if you are ready for some really difficult and complex puzzles, this game might fit you quite well. 8/10","['Puzzle', 'Difficult', 'Programming', 'Indie', 'Singleplayer', 'Great Soundtrack', 'Sci-fi', 'Science', 'Illuminati', 'Casual', '2D', 'Space', 'Simulation', 'Strategy', 'Education', 'Touch-Friendly']",Overwhelmingly Positive,Zachtronics,2,4,3,5,positivo
Deez,76561198052969087,SpaceChem,"for problem solvers and puzzle lovers, this game is instant addiction. if you like periodic tables, this is for you. if you like complex circuitry, this is for you. if you like timing and optimisation problems, this is for you. throw in online leaderboards, youtube integration, and puzzle creation; you can say goodbye to all other responsibilities. you must get and play, for science!","['Puzzle', 'Difficult', 'Programming', 'Indie', 'Singleplayer', 'Great Soundtrack', 'Sci-fi', 'Science', 'Illuminati', 'Casual', '2D', 'Space', 'Simulation', 'Strategy', 'Education', 'Touch-Friendly']",Overwhelmingly Positive,Zachtronics,2,5,4,5,positivo
Zhaine,76561197976622640,SpaceChem,Stupendously nerdy and stupendously good.,"['Puzzle', 'Difficult', 'Programming', 'Indie', 'Singleplayer', 'Great Soundtrack', 'Sci-fi', 'Science', 'Illuminati', 'Casual', '2D', 'Space', 'Simulation', 'Strategy', 'Education', 'Touch-Friendly']",Overwhelmingly Positive,Zachtronics,2,5,4,4,positivo
nishunia,76561198143746424,SpaceChem,"A very challenging game that often makes me feel like a complete and utter moron. In my experience, you need patience and plenty of time to concentrate, scribble, and think. I struggled with these puzzles and was distracted by a nagging feeling that the science portrayed in this game was a bit of an injustice to real chemistry. But hey, I'm no chemistry expert, so don't take my word for this. Apparently, there are some folks who have used this game as a means of learning chemistry and programming. That's pretty damn impressive! If you manage to understand this game, you've got an amazing brain on your shoulders. A few things that can make your playing experience a bit unpleasant: The user interface (UI) has aged quite a bit. At times there is a bit too much text on the screen, which can be a little jarring and overwhelming - especially for a first-timer. I'd prefer simple animations or interactive mini tutorials to cut back on all the reading and to clarify some of the new components (as they get introduced to the player). The layout is, in general, quite cluttered and could benefit from a redesigned and reconsidered UI and user experience (UX). I lost a lot of time just trying to figure out where and what things were.","['Puzzle', 'Difficult', 'Programming', 'Indie', 'Singleplayer', 'Great Soundtrack', 'Sci-fi', 'Science', 'Illuminati', 'Casual', '2D', 'Space', 'Simulation', 'Strategy', 'Education', 'Touch-Friendly']",Overwhelmingly Positive,Zachtronics,2,3,3,5,neutral
tuxdelux,76561198418549470,SpaceChem,"Very interesting logic puzzle game. Worked well on Ubuntu Linux 16.04 (one small video glitch). If you like algorithmic thinking challenges, then you will probably adore SpaceChem. You will learn about chemistry, but this is not exactly realistic chemistry, since SpaceChem molecules are made by connected each atom to another atom, but it is an interesting workflow process game. I thought the gameplay, the tutorials, and the story were all interesting. I am not sure that the music was much of anything, but it was a nice touch, I suppose. I had it all muted within minutes. Overall, I felt like I got a whole lot more than I expected from SpaceChem. I look forward to trying all of the other games that this developer has created.","['Puzzle', 'Difficult', 'Programming', 'Indie', 'Singleplayer', 'Great Soundtrack', 'Sci-fi', 'Science', 'Illuminati', 'Casual', '2D', 'Space', 'Simulation', 'Strategy', 'Education', 'Touch-Friendly']",Overwhelmingly Positive,Zachtronics,3,4,3,4,positivo
Norstrom,76561198019373741,SpaceChem,"Only 2 hours in and mostly trial and error for me, but I love this game.  Nice music, a story and very fluid gameplay (graphics). I expect this to become seriously challenging to my FPS brain. As a puzzle game 10/10.","['Puzzle', 'Difficult', 'Programming', 'Indie', 'Singleplayer', 'Great Soundtrack', 'Sci-fi', 'Science', 'Illuminati', 'Casual', '2D', 'Space', 'Simulation', 'Strategy', 'Education', 'Touch-Friendly']",Overwhelmingly Positive,Zachtronics,4,5,4,4,positivo
SoS (Piney),76561198092065417,SpaceChem,"Spacechem...not for the easily annoyed.  I think this qualifies as an IQ test.  After the intro puzzles, it gets harder as the molecule complexity increases.  Fun if you persevere.","['Puzzle', 'Difficult', 'Programming', 'Indie', 'Singleplayer', 'Great Soundtrack', 'Sci-fi', 'Science', 'Illuminati', 'Casual', '2D', 'Space', 'Simulation', 'Strategy', 'Education', 'Touch-Friendly']",Overwhelmingly Positive,Zachtronics,2,4,3,5,positivo
Manabender,76561198022751934,SpaceChem,"Spacechem is absolutely beautiful. It manages to capture the magic of computer programming and make its joys accessible to a wider audience. Let me talk about actual programming for a minute. Programming is 90% problem-solving, 9% frustration, and 1% elation over the feeling of dominance. You start with a goal in mind; creating a program for a specific function. Via problem-solving, you figure out how to tell the computer to do what you want it to do. Once your program is finished, you run it, and find out it doesn't work. That's where the frustration comes in. You tweak your code, you run, it fails again. Lather, rinse, repeat about once per ten lines of code, then...VOILA! IT WORKS! It's a great feeling that I can't possibly describe sufficiently. Spacechem's gameplay follows the exact same process. You start with a goal in mind; taking given input molecules and turning them into given output molecules. Via problem-solving, you figure out how to tell the game what you want it to do. Once your program is finished, you run it and find out something went horribly wrong. You tweak the commands, run it again, fail again, repeat again, until eventually...SUCCESS! YOU ARE WINRAR! You feel like a total bada**.","['Puzzle', 'Difficult', 'Programming', 'Indie', 'Singleplayer', 'Great Soundtrack', 'Sci-fi', 'Science', 'Illuminati', 'Casual', '2D', 'Space', 'Simulation', 'Strategy', 'Education', 'Touch-Friendly']",Overwhelmingly Positive,Zachtronics,3,5,4,4,positivo
Khorne,76561197974085922,SpaceChem,"This one was too smart for me, if I recall correctly.","['Puzzle', 'Difficult', 'Programming', 'Indie', 'Singleplayer', 'Great Soundtrack', 'Sci-fi', 'Science', 'Illuminati', 'Casual', '2D', 'Space', 'Simulation', 'Strategy', 'Education', 'Touch-Friendly']",Overwhelmingly Positive,Zachtronics,1,2,3,5,negativo
Hermann-sempai~,76561198049837486,SpaceChem,Insanely hard logic game. I never expected this.,"['Puzzle', 'Difficult', 'Programming', 'Indie', 'Singleplayer', 'Great Soundtrack', 'Sci-fi', 'Science', 'Illuminati', 'Casual', '2D', 'Space', 'Simulation', 'Strategy', 'Education', 'Touch-Friendly']",Overwhelmingly Positive,Zachtronics,1,4,3,5,positivo
P = NP /BBQPRTY\,76561197974210341,SpaceChem,"An extraordinarily difficult and rewarding puzzle game. As with other Zachtronics titles, you're essentially solving programming problems with novel game-specific tools and mechanics, in this case customizing chemical reactors and pipelines to produce desired outputs from the given inputs. There are usually several tutorial levels to get you started when you have to learn how to use a new tool, but the difficulty quickly ramps up, making finishing each 'world' quite a challenge. It's certainly not for everyone, but if you enjoy puzzle games and are looking for something you can really sink your teeth into, I highly recommend picking this up.","['Puzzle', 'Difficult', 'Programming', 'Indie', 'Singleplayer', 'Great Soundtrack', 'Sci-fi', 'Science', 'Illuminati', 'Casual', '2D', 'Space', 'Simulation', 'Strategy', 'Education', 'Touch-Friendly']",Overwhelmingly Positive,Zachtronics,2,5,4,5,positivo
Darth Andy,76561198023712888,SpaceChem,"Please know that this game is very difficult. If you love a challenge and if you love to brainstorm, then this is the game for you.","['Puzzle', 'Difficult', 'Programming', 'Indie', 'Singleplayer', 'Great Soundtrack', 'Sci-fi', 'Science', 'Illuminati', 'Casual', '2D', 'Space', 'Simulation', 'Strategy', 'Education', 'Touch-Friendly']",Overwhelmingly Positive,Zachtronics,2,5,4,5,positivo
ospond,76561198111654939,SpaceChem,"SpaceChem is basically its own genre of puzzle game. Each level requires you to program the ""waldos"" (the red and blue circles) to move input molecules around a screen and create different molecules as output. As you progress in the game, more commands are introduced which allow you to use the waldos in more interesting or more efficient ways. I played this game for 92 hours, more than any other game in my account, to beat every level and obtain the 20 achievements. It has remained challenging and engaging throughout, and I have never played a game quite like it. What really distinguishes SpaceChem from puzzle games in general is that it is open-ended. It feels like you are inventing a solution, not finding it. For any given puzzle you will find people who have implemented a solution and optimized it in dozens of conceptually different ways. Speaking of optimization, it's important to mention that the creators made optimization totally optional. Yet, I have found that some of my most satisfying moments playing the game were getting some highly optimized solution to work (e.g. with just one reactor, or with a tiny number of symbols) after hours of effort. As far as programming games go, a major strength of the game (over, for instance, TIS-100) is how visually intuitive it is. Everything is executed by the waldos moving around the screen; nothing is hidden from you. Debugging your program is simply a matter of watching what happens when you click ""run"". You don't really have to read what the rules are, as you just learn them by experimenting. I do have some negative things to say. I am not alone in complaining that the boss fights are not as enjoyable; especially the very last level, which was made difficult in a number of annoyingly artifical ways and ultimately made me take a few months away from the game. Having beat it, I appreciate it a bit more, but the limited space for the reactors was just unnecessary. In general, I think that I enjoy small, elegant puzzles a lot more (which I can then go and optimize), rather than these 5- or 6-reactor messy puzzles where the solution is to put a whole bunh of easy pieces together into a working contraption, and debug it.","['Puzzle', 'Difficult', 'Programming', 'Indie', 'Singleplayer', 'Great Soundtrack', 'Sci-fi', 'Science', 'Illuminati', 'Casual', '2D', 'Space', 'Simulation', 'Strategy', 'Education', 'Touch-Friendly']",Overwhelmingly Positive,Zachtronics,2,4,4,4,positivo
Outrojection,76561198036019758,SpaceChem,"It's cute, but boring","['Puzzle', 'Difficult', 'Programming', 'Indie', 'Singleplayer', 'Great Soundtrack', 'Sci-fi', 'Science', 'Illuminati', 'Casual', '2D', 'Space', 'Simulation', 'Strategy', 'Education', 'Touch-Friendly']",Overwhelmingly Positive,Zachtronics,1,2,3,3,negativo
increpare,76561198021110186,SpaceChem,"Earlier on today I activated the steam version of this, and thought I'd write a review.  Alas One needs five minutes of play time registered to play, so didn't I go and boot it up and play about for a bit.  This being my first time playing it on steam, didn't I see my friends records for levels, and didn't I go try and beat them.  And it's several hours later now.  But I certainly don't think they were hours wasted.  I didnt' even play that far in this time - just the first two worlds, but really enjoyed optimising my solutions to try match those of people on my friends list. This is one of my favourite games.","['Puzzle', 'Difficult', 'Programming', 'Indie', 'Singleplayer', 'Great Soundtrack', 'Sci-fi', 'Science', 'Illuminati', 'Casual', '2D', 'Space', 'Simulation', 'Strategy', 'Education', 'Touch-Friendly']",Overwhelmingly Positive,Zachtronics,2,5,4,4,positivo
<Leinz>,76561198075214178,Spaceport Hope,thrilled after figuring out the rebindable controls it worked nice with my X360 Pad +controls +story +style +level design +variety +technical completion ++99cent well invested,"['Indie', 'Adventure', 'Platformer', 'Action', 'Pixel Graphics', 'Anime', 'Metroidvania', '2D', ""Shoot 'Em Up"", 'Sci-fi', 'Retro', 'Space', 'Shooter', 'Singleplayer', 'Funny', 'Atmospheric', 'Gore', 'Story Rich', 'Arcade', 'Sandbox']",Mostly Positive,team BitClub,4,5,4,3,positivo
selver_zenica,76561198286620532,Spaceport Hope,"very interesting game,, excellent ok","['Indie', 'Adventure', 'Platformer', 'Action', 'Pixel Graphics', 'Anime', 'Metroidvania', '2D', ""Shoot 'Em Up"", 'Sci-fi', 'Retro', 'Space', 'Shooter', 'Singleplayer', 'Funny', 'Atmospheric', 'Gore', 'Story Rich', 'Arcade', 'Sandbox']",Mostly Positive,team BitClub,3,4,4,3,positivo
Sazo,76561197964345647,Spaceport Hope,"Pixel Art: 2.5/5 (But I still love it) Immersion: 3.5/5 Gameplay: 4/5 Controls: 4/5 (Good controls) Value: 5/5 Difficulty: 2/5...3.5/5 -------------- Overall 3.8 (Difficulty always excluded) When I saw the pixel art I had a great feeling...I think I loved it the moment it started ;) This is a very interesting little adventure platformer in space!  Don't let the simple graphics deceive you.  It is not a very hard game, but it is a quite satisfying platforming experience. It has all the hallmarks, collecting different weapons, fighting bosses, travel to different worlds, even some understand action. There are even little elements you don't find elsewhere, like the weapon kickback.  The baddies seek you out, rather than all following simple patterns. Light challenge and I do with the boss fights were a little harder, as the final boss difficulty curves way up in comparison...I think the only real issue is knowing where to go next is not always made clean, but that is the open nature of the game. 10 locations...12 weapons to collect...power ups!  What for can you ask for at this price?!?  When it is on sale, like Steam Winter Sale, you can get it super cheap ;) ACHIEVEMENTS:  Mostly straight forward with a few you have to pay attention to :) Fighting final boss with basic weapon is only realy challenge.","['Indie', 'Adventure', 'Platformer', 'Action', 'Pixel Graphics', 'Anime', 'Metroidvania', '2D', ""Shoot 'Em Up"", 'Sci-fi', 'Retro', 'Space', 'Shooter', 'Singleplayer', 'Funny', 'Atmospheric', 'Gore', 'Story Rich', 'Arcade', 'Sandbox']",Mostly Positive,team BitClub,3,4,4,2,positivo
Awai,76561198365236399,Spaceport Hope,"Spaceport hope is a decent platforming game with puzzle and shoot-em-up aspects. Definitely not a story-rich game, but it has some sort of a plot to progress the game. There are some sentences that can be touched up, but if you aren't paying attention, you won't catch them. The tutorial at the beginning of the game will teach all you need to know to play the game. Whatever you learn from the tutorial is all you need to know for navigating through the game. After the tutorial, you will start the free navigation of the world as the main character - Cole. While the game has the mission status available, for a player playing it around the first time, it can be confusing as to which direction were you suppose to go first. So basically, explore everything and remember where things are for the future. Perhaps some more direction or instructions would've been better to tell the player where to go instead of talking to all the NPCs/going to locations to figure out that is where the lab is or that is where the mines are. So as the game progress, you get to enjoy the platofmring aspects as well as the shoot-em-up parts of the game. Killing every moving object isn't mandatory, but helps as they drop gold. Another aspect that some playeres may not like is that when gold pieces are dropped into spikes or certain niches (not pitfalls), Cole can't reach them. That kind of sucked, but it isn't that big of a deal since you can easily kill other enemies for the lost gold. After that, you just progress along the game's story plot and you will find yourself finishing up the game in no time. There are unlockables throughout the game where it requires some puzzle-ing and mass exploration on your own part. I wished there were some more puzzle aspects into the game to off set the mass exploration and shoot-em-up aspects of the game. In terms of game design, the game is fairly decent for pixel art. Definitely better than other pixel art games I've played. Game mechanics, as described earlier, are easy to pick up and I don't think they are as tight or hard to master in the game. One annoyance in the game design is the enemy hit boxes. For hitboxes are exceedingly large and the only two enemies with such large hitboxes are the spiked balls on Derelict and the guard bots (4 legged guard bots). Based on the pixel art, I am not touching the enemy, but I still get hit. Next, the bosses are interesting to fight. The game is very forgiving where they always provide a save point before a boss so you don't have to keep trying to get back to the same spot if you die. After a death or two, you will start to know the boss' pattern and how to beat it. Nothing impossible and you can even use the first gun to defeat all the bosses. You don't really need the wide variety of guns available in the game. Although, it may help for some players and offers variability into the game. Along the lines of the weapon variability, each gun has its own pros and cons. I honestly just used the 1st gun and the bazooka one the most. All the other weapons I found to be less effective compared to those two. Even the ultimate weapon wasn't as good as the first gun imo. Last thing about the weapons is the shared ammo pool. Nice concept, but I kind of wished the ammo capacities were separated from each other instead of linked together. Two negatives from me. Because the character just walks and jumps, it can get boring when you are exploring a world and you can't go any faster than walking speed. Especially when you killed all the monsters in a stage (monsters don't respawn unless you die) and you are backtracking to see if you missed anything in the stage. From the first playthrough, I did wish the character can tumble or dash to progress faster throughout a stage. Last negative is the water mechanics. During the water stage, everything is managable, but annoying since you may have to double-jump to progress through the platforms. Next, getting out of the water can be a struggle. Also, there is one stage in the game where you see a pitfall, but it's filled with water. You think you can just land in there and swim across, but it acts just like a pitfall and you will die if you drop into it. Overall, decent game. Had to play the game twice to get all of the achievements. Forgot about beating the final boss with the 1st gun only, so I had to play the whole game again to reach that point :(. Kind of annoyed from that since you can continue playing from the save slot from when you beat the game to collect unlockables, but you can't play that last boss fight again. I believe I got this game in a bundle so I do think I got my money's worth from playing this. One playthrough without unlockables would probably be just 2-3 hours, but if you want to take your time, that can get extended to 5+ hours. 7.5/10 from me.","['Indie', 'Adventure', 'Platformer', 'Action', 'Pixel Graphics', 'Anime', 'Metroidvania', '2D', ""Shoot 'Em Up"", 'Sci-fi', 'Retro', 'Space', 'Shooter', 'Singleplayer', 'Funny', 'Atmospheric', 'Gore', 'Story Rich', 'Arcade', 'Sandbox']",Mostly Positive,team BitClub,2,3,4,3,positivo
🍀Edward 101™,76561198041832614,Spaceport Hope,"It's not bad, but not good either. If you are very desperate and don't know what you should play, try it. + double jumps and unlimited ammo - you have to install Java ( oh please, really?! ) - you have to install Java (nom nom, cookies)","['Indie', 'Adventure', 'Platformer', 'Action', 'Pixel Graphics', 'Anime', 'Metroidvania', '2D', ""Shoot 'Em Up"", 'Sci-fi', 'Retro', 'Space', 'Shooter', 'Singleplayer', 'Funny', 'Atmospheric', 'Gore', 'Story Rich', 'Arcade', 'Sandbox']",Mostly Positive,team BitClub,2,3,3,2,neutral
Thrill,76561197971291045,Spaceport Hope,"A pretty solid game for the price tag. Kind of shallow, but it scratches the Metroidvania itch. (Reported play time is basically doubled from having left this alt-tabbed while doing other things; I'd say 7-9 hours.) Pros: - Some unexpectedly charming worldbuilding. Games that look/play like this often eschew a story entirely, but this had a little heart to it. - Fun areas to explore that seem massive and daunting at first. Very satisfying to realize that you know your way around them. - Good diversity of enemy behavior! Cons: - Like I said, the actual gameplay is kind of shallow. Enemies have small hit boxes and high HP. You'll spend a lot of time dodging bullets and getting off a single shot on a stationary enemy or else running away so you can spam attacks from a safe distance until everything falls down. You don't really aim so much as hope that an enemy crosses your field of fire. - Lots of little things that are more like helpful notes I'd give to a developer than complaints. So yeah, I'd go for it if you're into this kind of thing.","['Indie', 'Adventure', 'Platformer', 'Action', 'Pixel Graphics', 'Anime', 'Metroidvania', '2D', ""Shoot 'Em Up"", 'Sci-fi', 'Retro', 'Space', 'Shooter', 'Singleplayer', 'Funny', 'Atmospheric', 'Gore', 'Story Rich', 'Arcade', 'Sandbox']",Mostly Positive,team BitClub,3,2,4,3,positivo
rhythmicSmasher,76561198040023375,Spaceport Hope,"After completing Spaceport Hope, I realized something. I did not have fun. I never laughed, I never cried, and I never got overly angry (okay, maybe a little at the jerk on his/her/their flying lay-z-boy and the stupid purple snakes). I kept waiting for the “wow’ moment, the point where I would start caring about something. But it never came. The story isn't ""gripping"". If that container was radioactive, then why wasn't Cole affected? Or that cargo guy you talked to before taking off? Why were the guards so inept as to forget to take his weapons early on? Why was no one watching his ship? (No, ""because the game had to move forward"" isn't a reason.) Why did those two guys steal your ship? You would THINK they wouldn't be jerks after the battle with them. Where did they go? The people in the mines should've been dead or obviously dying, not walking around. Who was that Lay-z-boy person? Where did the secretary poof off to? Some of the enemy placements were jerkish moves. You fight three bosses to advance just because. The Cilarian race mentioned in the description don't come in until late in the game. It played alright at least.","['Indie', 'Adventure', 'Platformer', 'Action', 'Pixel Graphics', 'Anime', 'Metroidvania', '2D', ""Shoot 'Em Up"", 'Sci-fi', 'Retro', 'Space', 'Shooter', 'Singleplayer', 'Funny', 'Atmospheric', 'Gore', 'Story Rich', 'Arcade', 'Sandbox']",Mostly Positive,team BitClub,1,3,2,3,negativo
War,76561197989273094,Spaceport Hope,"Spaceport Hope has an above average musical score for a pixelated side-scroller. This brings back memories of Commander Keen with some elements of Metroid. Spaceport Hope is an effective ""old school"" arcade platformer. There is a large array of weapons, though I found the initial gun to be more than sufficient for most fights--with the rocket launcher being the second most useful. Some boss fights are keyed to make certain weapons more viable, however, once you see the patterning, as with all games of this sort, any weapon would be a contender. My greatest critisism with the game relates to the final boss fight--you have no idea it is the final boss fight. This, for me, made it somewhat of a ""meh"" situation. I had been expecting, as I followed the story, that there would be ""more to come"". In reality, one does not need to fully explore all areas of the game to complete the primary story itself. This made for a final fight which was ""unexpected"" less in the difficulty and more in the realm of ""hmmm was that the end of the game""? I like the partially open ended exploration which is possible, however, I would have also prefered a greater emphasis on the final fight--to make it more memorable. A secondary critisism would be the large array of weapons--rather the lack of necessity of their use. I played through this game to full completion using 3 weapons(as alluded to above), and of those, 2 were vs. secondary bosses with the starter gun my main gun the entire game. Although the starter gun is supposed to overheat, and there is a bar indicating such, I never noticed any real ""cool down"" required. Its dps was more than adequate for almost all encounters. The overheating aspect of the starter gun should be increased to afford more utility to other weapons. Overall I enjoyed this title and would recommend it anytime you find it on sale.","['Indie', 'Adventure', 'Platformer', 'Action', 'Pixel Graphics', 'Anime', 'Metroidvania', '2D', ""Shoot 'Em Up"", 'Sci-fi', 'Retro', 'Space', 'Shooter', 'Singleplayer', 'Funny', 'Atmospheric', 'Gore', 'Story Rich', 'Arcade', 'Sandbox']",Mostly Positive,team BitClub,3,4,4,2,positivo
Shadow Ops,76561198113014119,Spaceport Hope,Spaceport Hope fast game with modern day graphics with easy controls that moves from location A to B to C and so on. good game. Personal Suggested Purchase Price: $0.49 Or Less During Sale,"['Indie', 'Adventure', 'Platformer', 'Action', 'Pixel Graphics', 'Anime', 'Metroidvania', '2D', ""Shoot 'Em Up"", 'Sci-fi', 'Retro', 'Space', 'Shooter', 'Singleplayer', 'Funny', 'Atmospheric', 'Gore', 'Story Rich', 'Arcade', 'Sandbox']",Mostly Positive,team BitClub,2,4,3,2,positivo
Kuolema,76561198054387451,Spaceport Hope,Metroidvania-ish adventure platformer with charming pixel graphics and engaging gameplay. Kinda a hidden gem! Worth a try!,"['Indie', 'Adventure', 'Platformer', 'Action', 'Pixel Graphics', 'Anime', 'Metroidvania', '2D', ""Shoot 'Em Up"", 'Sci-fi', 'Retro', 'Space', 'Shooter', 'Singleplayer', 'Funny', 'Atmospheric', 'Gore', 'Story Rich', 'Arcade', 'Sandbox']",Mostly Positive,team BitClub,3,4,4,3,positivo
defender0134,76561198088025010,Spaceport Hope,"Not bad, but deffinately not good.","['Indie', 'Adventure', 'Platformer', 'Action', 'Pixel Graphics', 'Anime', 'Metroidvania', '2D', ""Shoot 'Em Up"", 'Sci-fi', 'Retro', 'Space', 'Shooter', 'Singleplayer', 'Funny', 'Atmospheric', 'Gore', 'Story Rich', 'Arcade', 'Sandbox']",Mostly Positive,team BitClub,2,2,3,2,neutral
432 Hz,76561198063042468,Spaceport Hope,"This Retro Platformer game has it all! Explore & collect, puzzle and battle against many bosses, using some nice weapons! It's very rewarding to proceed on your journey, discovering new items etc. That, plus a nice soundtrack and a pretty neat designed Retro 2D world makes me smile. 9/10","['Indie', 'Adventure', 'Platformer', 'Action', 'Pixel Graphics', 'Anime', 'Metroidvania', '2D', ""Shoot 'Em Up"", 'Sci-fi', 'Retro', 'Space', 'Shooter', 'Singleplayer', 'Funny', 'Atmospheric', 'Gore', 'Story Rich', 'Arcade', 'Sandbox']",Mostly Positive,team BitClub,4,5,5,3,positivo
wander j,76561197998889273,Spaceport Hope,"A very enjoyable game if you take it for what it is. It isn't the longest game nor will it make you forget about Super Metroid. BUt it was well made with tight controls and a bunch of weapons to use against a variety of enemies. Sometimes a bit unclear about where you should go next, exploration is certainly rewarded. If you follow the items guide on Steam you won't get too lost.","['Indie', 'Adventure', 'Platformer', 'Action', 'Pixel Graphics', 'Anime', 'Metroidvania', '2D', ""Shoot 'Em Up"", 'Sci-fi', 'Retro', 'Space', 'Shooter', 'Singleplayer', 'Funny', 'Atmospheric', 'Gore', 'Story Rich', 'Arcade', 'Sandbox']",Mostly Positive,team BitClub,3,4,4,3,positivo
AstrAy,76561198257119194,Spaceport Hope,+positive,"['Indie', 'Adventure', 'Platformer', 'Action', 'Pixel Graphics', 'Anime', 'Metroidvania', '2D', ""Shoot 'Em Up"", 'Sci-fi', 'Retro', 'Space', 'Shooter', 'Singleplayer', 'Funny', 'Atmospheric', 'Gore', 'Story Rich', 'Arcade', 'Sandbox']",Mostly Positive,team BitClub,4,4,5,3,positivo
"Oh look, JJ is here! (AFK)",76561198044229474,Spaceport Hope,"Game world, this is a solid title. Requiring a java download to go (not a suprise to minecraft players) enter the 2-D hyper pixelated world of Spaceport. Play as a rougish delivery boy who is sent on errands of which one particular job throws the player into a crime infested and highly corrupt millitary prawngame as you try to figure out what framed you into sending radioactive ""medical"" material into the hands of soldiers. Run, jump and shoot your way through a hub universe, collect firearms, trade in the black market, and keep on your toes for this journey of fun gameplay and story. Id play it, twice.","['Indie', 'Adventure', 'Platformer', 'Action', 'Pixel Graphics', 'Anime', 'Metroidvania', '2D', ""Shoot 'Em Up"", 'Sci-fi', 'Retro', 'Space', 'Shooter', 'Singleplayer', 'Funny', 'Atmospheric', 'Gore', 'Story Rich', 'Arcade', 'Sandbox']",Mostly Positive,team BitClub,4,5,4,3,positivo
Szakállas Légzésfigyelő,76561197963831883,Spaceport Hope,"No flash, no java here. And this will remain the case. Tell me if I will be able to run it without those. Maybe I would like the game. (Gametime is from card farming - I left the ""requires Java"" window open in the background.)","['Indie', 'Adventure', 'Platformer', 'Action', 'Pixel Graphics', 'Anime', 'Metroidvania', '2D', ""Shoot 'Em Up"", 'Sci-fi', 'Retro', 'Space', 'Shooter', 'Singleplayer', 'Funny', 'Atmospheric', 'Gore', 'Story Rich', 'Arcade', 'Sandbox']",Mostly Positive,team BitClub,2,2,3,2,neutral
Kloodge,76561198042628923,Spaceport Hope,"This is a fun game, with a good atmosphere, tight controls and a good variety of smart-ish enemies. There is a story to follow but you are free to take your ship to one of several planets and explore. Some of them require a certain item that you must find or buy first to be able to safely go there. There is no controller support, which is unfortunate for a game like this. It does work fine with xpadder. You start with a hand gun with unlimited ammo (although it does overheat and you have to wait a few seconds for it to cool off). I found another weapon about 10 minutes in to it. After 4 hours i have 4 weapons. The enemies are not the standard 1-2 hits to kill. They (and you) have HP, not hearts. Some of the early enemies are taking many hits to kill (you can't see their HP.) The enemies do have simple AI and do more than walk back and forth. Given that a screen with 3-5 enemies can take a little while to kill, the checkpoints seem a bit far apart for my tastes, but I'm not very patient with redoing content. Because of the distance of the checkpoints, for me at least, the fast action seen in the store page video is just not realistic. You can't jump around getting hit as much as the video shows without constantly running back to the last checkpoint to get healed. It could get faster paced once I find more weapons, but so far it is more of a careful crawl to make sure I survive to the next checkpoint. This is especially true when you also have to go through a long series of spikes and moving blocks. The checkpoints are my only real complaint about the game. It might be better if the enemies dropped some form of HP. The bosses are on the easy side. Once you get a ways in to it, there is a suprisingly large variety of enemies, most of them unique in one way or another. Overall it's a pretty nice game, and worth the price. Edit: I finished the game in just under 7 hours. The checkpoint spacing was not as bad as it seemed early on. They are a bit sparse in the beginning areas. The bosses remained fairly easy all the way to the end. The final boss took me three tries, and I was one hit away from doing it in two tries. No boss took more than three tries. About half of them I killed on the first attempt, and I'm not especially good at boss fights.","['Indie', 'Adventure', 'Platformer', 'Action', 'Pixel Graphics', 'Anime', 'Metroidvania', '2D', ""Shoot 'Em Up"", 'Sci-fi', 'Retro', 'Space', 'Shooter', 'Singleplayer', 'Funny', 'Atmospheric', 'Gore', 'Story Rich', 'Arcade', 'Sandbox']",Mostly Positive,team BitClub,3,4,4,3,positivo
Coffee cat,76561198208188047,Spaceport Hope,"The game has a really nice atmosphere, and the music is definitely fitting the retro vibe.  The weapons were also cool.  Overall though the game just feels kindof lifeless and unsatisfying.  Im not halfway through and I'm already bored.","['Indie', 'Adventure', 'Platformer', 'Action', 'Pixel Graphics', 'Anime', 'Metroidvania', '2D', ""Shoot 'Em Up"", 'Sci-fi', 'Retro', 'Space', 'Shooter', 'Singleplayer', 'Funny', 'Atmospheric', 'Gore', 'Story Rich', 'Arcade', 'Sandbox']",Mostly Positive,team BitClub,2,2,4,2,negativo
abcdefghijklmnopqrstuvwxyz,76561198040466770,Spaceport Hope,beat the game without having explored all the planets.  Kinda wish the story sent me to them as exploring them after the fact was not as satisfying.  Other than this...goo dgame,"['Indie', 'Adventure', 'Platformer', 'Action', 'Pixel Graphics', 'Anime', 'Metroidvania', '2D', ""Shoot 'Em Up"", 'Sci-fi', 'Retro', 'Space', 'Shooter', 'Singleplayer', 'Funny', 'Atmospheric', 'Gore', 'Story Rich', 'Arcade', 'Sandbox']",Mostly Positive,team BitClub,3,4,4,3,positivo
gbors,76561197991465987,Spaceport Hope,"Nice little action platformer with a trace of RPG. Minimalistic visuals, large levels and snappy controls. Fun for a few hours.","['Indie', 'Adventure', 'Platformer', 'Action', 'Pixel Graphics', 'Anime', 'Metroidvania', '2D', ""Shoot 'Em Up"", 'Sci-fi', 'Retro', 'Space', 'Shooter', 'Singleplayer', 'Funny', 'Atmospheric', 'Gore', 'Story Rich', 'Arcade', 'Sandbox']",Mostly Positive,team BitClub,3,4,3,2,positivo
Mr. Boogie,76561198120530775,SpellForce 2 - Anniversary Edition,"Great game. The blend between RTS, Age of Empires style, and RPG is what makes this game pretty much unique. The game is long and the expansion is big, so good value. Looks nice enough. Now, this gold version packs a very annoying bug. The camera got stuck while doing some puzzles (hint: ground puzzles with no levers). There's no workaround other than to introduce some commands, that you can search online, to get out. That's not a fix, just a way to carry on and get back to normal. Saving before touching is a good idea. At times, though, with some effort and some guessing you can actually solve the puzzle with the camera fixed that way, since your character is still able to move, but on a couple of times you just need to avoid it. The good thing is that none of the impossible ones are vital to finish the game or something important. This only happened with the main game, Dragonstorm is fine. Other than that, the game is pretty entertaining. The story is fine, not great, and since you have many quests at one time is kinda hard to follow the whole thing. Nevertheless, this game is one of those that should be a lot more known and awarded with more attention since some elements are quite original and cool. Once you get to play it, you'll finish it.","['Strategy', 'RPG', 'RTS', 'Action', 'Fantasy', 'Singleplayer']",Mostly Positive,"Phenomic,THQ Nordic",3,4,4,3,positivo
rubyismycat,76561198215461792,SpellForce 2 - Anniversary Edition,A bug filled game that becomes increasingly annoying as you progress. No wonder the developer went bancrupt..... on the other hand spellforce1 was a great game go figure dont buy this♥♥♥♥♥♥,"['Strategy', 'RPG', 'RTS', 'Action', 'Fantasy', 'Singleplayer']",Mostly Positive,"Phenomic,THQ Nordic",1,1,1,2,negativo
john,76561197970493590,SpellForce 2 - Anniversary Edition,"Camera is broken . Clunky conrols. Gold edition does not include all DLC. Much better options out there for less. Keeps asking for key upon loading. The game is in need of fixing, yet the dev is working on Spellforce 3 while this version rots. Read the forums for more.","['Strategy', 'RPG', 'RTS', 'Action', 'Fantasy', 'Singleplayer']",Mostly Positive,"Phenomic,THQ Nordic",2,1,2,3,negativo
bobito1464,76561198111612492,SpellForce 2 - Anniversary Edition,i will have to recommend this game to my friends its a joy to play and is fun to play on lan connection with family.,"['Strategy', 'RPG', 'RTS', 'Action', 'Fantasy', 'Singleplayer']",Mostly Positive,"Phenomic,THQ Nordic",3,5,4,2,positivo
Dire,76561197992229015,SpellForce 2 - Anniversary Edition,"Wanted to give this game a positive review, alas it was not to be. I played through the main campaign without too many issues. Yes, there were some glitches, mostly graphics related, but no game breaking bugs, no quests being uncompletable, etc. However, in the Dragon Storm campaign I cannot progress past the 2nd mission to Sevenkeeps, because the game keeps crashing (error during platform switch -> access violation). I have tried all sorts of fixes, but to be honest there's not even a lot of sources to find any solutions. I have verified the game files, downloaded a new graphics driver, etc. Doesn't matter. I simply can't progress past this point. Now, this may be because of a script but, maybe the whole save file is corrupted, I don't know, I don't care anymore. If you're releasing an ""Anniversary Edition"" you'd better make sure it actually works on modern systems as well (I did also have lots of micro stuttering issues). It's not worth the effort, because: While the game is definitely a lot better, more accessible and more streamlined than its predecessor it still struggles to combine RTS with RPG elements. The RTS part is completely dumbed down. You basically have three resources: Stone, Silver and Lenya. Every faction has access to the same ones, which is not inherently bad. There are no building deviations though. Every faction plays exactly the same in terms of buildings. You have your production facilities for each of the three ""subraces"" and a tech building for them as well. And a defensive structure that can be upgraded three times, but actually doesn't do anything vs. an actual army, even if you build 10 of them. There are also NO upgrades for units, no variations. And some of the subraces are just plain better than others and don't complement each other. For example, is there a reason there are crossbow men AND elven archers in the same faction? Why wouldn't I build healers for anything else? Or why build axemen instead of orc archers? It's just that many of the faction units serve the same purpose, instead of being real options that would make for an interesting army composition. This was somewhat fixed in Dragon Storm, at least as far as I could play, since the ""new"" Shaikan faction has mutually exclusive upgrades for its units, which is really interesting. Unfortunately the RPG aspect of the game is also not very good. There's barely any customization and the game stubbornly refuses at times to let you assign skill points to your companions manually, even if you have disabled the auto feature...but does it really matter? There aren't many skills to choose from anyway and for some reason you need to invest for example into light combat arts before you can progress further down the heavy combat arts tree. Why?! Why would I invest single points into skills I will NEVER use? I'm using a Two hander, I don't need skill points to use daggers? Pointless and wasteful. There is also no possibility I think to get spent skill points back. On the other hand the campaign has been streamlined quite a bit, which is good, because, frankly, it's long enough already without having to teleport all over the world for the 5 million fetch quests of Spellforce 1 (which by the way was also broken for me and even on easy had impossible creature spawns that were not defeatable even with full armies...I got obliterated in fact, and that in almost every level). No longer do you need to gather new runes for better workers, soldiers or companions, no longer will you have to run from A to B to C to B then to D then to E and back to B and finally A again. Only Sevenkeeps retains a little bit of that and that's ok, because it's a hub city and you're only gonna be there 2 or 3 times. You even get to build up your very own fiefdom with its own little quest chain. The equipment system, however, is a total mess. Still. After a few levels you will be drowning in pointless items, which you can of course vendor, but that takes ages, since there's no easy one-click way to sell an item...comparing items and finding good ones is also a chore...and to this day I have no idea why my main character with a Twohander can take a lot more punishment than a dedicated tank in heavy armor with a shield. Not to mention that bows by the way are practically useless vs. skeletons, which make up a big part of the game, but of course you didn't know that when you turned your character into an archer. Then again there are units that can only be attacked by archers, because they are flying, which makes sense, but is terrible game design if you only have 1 archer in your group of 3, who takes ages to down these foes. The worst part, however, is the atrocious voice acting and the plot. No, neither is very good. The VA are clearly company employees and not professionals, but you could say ""OK, Spellforce 2 is an old game, resources were tight, small studio, etc."" I'll admit that and I'll allow it, BUT then your game better be really good in every other department. So goes another Spellforce on which I have wasted my time...I think I'll pass on Spellforce 3. Apparently that one is even buggier at the moment.","['Strategy', 'RPG', 'RTS', 'Action', 'Fantasy', 'Singleplayer']",Mostly Positive,"Phenomic,THQ Nordic",1,2,2,3,negativo
MaStUrBaTiNgWoOkIeE,76561198009097529,SpellForce 2 - Anniversary Edition,"Warcraft fans that like Dungeon Running and RPG will like this game. I thought it was pretty damn good.  I had fun. The story is great for play through. I like the customizaiton a lot and the characters you get in your party were great. Quests too; pretty decent for quests. The strategy part could've been a LITTLE BIT better, or at least unique... But it's still great.","['Strategy', 'RPG', 'RTS', 'Action', 'Fantasy', 'Singleplayer']",Mostly Positive,"Phenomic,THQ Nordic",4,4,4,3,positivo
lancelot2001ca,76561198049949381,SpellForce 2 - Anniversary Edition,"Good game and the Gold Edition is worth buying, especially on sale. A good story mixed with innovative gameplay makes it an interesting game. Here you play a top-view action-adventure game, then you are fighting with troops, then you are building a village and castle, etc. Really nice. The only downside for me is that because it is real time tactical game-like, it sometimes takes too much time to go through a mission. It would be nice if the troops were only an aid, not a necessity to finish a mission. At least it should not be the norm so that gameplay is non-repetitive. Hopefully, they can remedy to that in Spellforce 3 if it comes out. I don't like repetitive gameplay. Buy it if you like innovative gameplay.","['Strategy', 'RPG', 'RTS', 'Action', 'Fantasy', 'Singleplayer']",Mostly Positive,"Phenomic,THQ Nordic",4,3,4,3,positivo
alexchevrier,76561197972505338,SpellForce 2 - Anniversary Edition,"Excellent game, like the first one. Only negative point, some camera bugs that prevent the completion of some side quests.","['Strategy', 'RPG', 'RTS', 'Action', 'Fantasy', 'Singleplayer']",Mostly Positive,"Phenomic,THQ Nordic",4,4,4,3,positivo
Kelthorian,76561198049527900,SpellForce 2 - Anniversary Edition,"I can not recommend this to any fan of Spellforce 1. So many changes were made that aside from the lore you would say that this is a different game. Cons: 1. Character building was made streamlined to the point of making it fool-proof. You can no longer choose attributes only skills ( which come equipped with said attributes in the armor/weapons they allow to use ). 2. Game is not designed to allow retries organically like the 1st. If one of your heroes or your Character die a countdown starts during which you have to ress them with either your Character/hero or at a Life Shrine ( a player made building ) or its GAME OVER. ALSO THERE ARE OBJECTIVES YOU CAN FAIL WTF? I mean yeah sure the 1st game 2nd campaign had you escorting refugees which could be killed except for that one immortal named char but it was keeping in tone with the rest of the game up-to and after that point. I would rather take 1 escort mission with a sily immortal grandpa than Spellforce 2's escort horses,  on the bloody second map, for which the game can't be bothered to tell if they are being attacked. I guess  Falkmar is being passive aggressive. 3. Races also seem to have been streamlined. In your very first map you will notice in the new Headquarters building that  there are 3 upgrades named for the 3 Light races. Im sorry but squishing Human, dwarf and elf ( which were 3 distinctly different races if not much by gameplay then by buildings and resource requirements) into 1 race is painful dumbing down. Just because you can't be bothered to make large enough maps for all the buildings required in the previous game does not mean you can suddenly make a all in one building for 3 races ( I mean FFS in the 1st game's second campaign you learn that the elves and dwarfs fought and killed each other at one point). 4. This one is tied to 3. You seemingly only use 3 resources now........ Why? No seriously Why? Is it because of the 3 in 1 race thing. Dwarfs stopped using mithril and elfs stopped caring about trees? WTF is this? 5. One of the worst pathfinding I have ever seen in a RTS. Have a group of mounted archers attacking through a chokepoint? Get used to the idea that those damned horses will now block any other of your units getting in range, guess they take attack orders a bit too seriously. 6. BUGS. Oh and as a last F U to the player, even the music seems to be mimicking Lord of the Rings in the first few missions. You can tell they couldn't be bothered to try and let Spellforce be it's own unique bland of RTS/RPG when the dreaded ''WIDER APPEAL'' feeling kicks in.","['Strategy', 'RPG', 'RTS', 'Action', 'Fantasy', 'Singleplayer']",Mostly Positive,"Phenomic,THQ Nordic",2,1,2,3,negativo
APoCaLyPSE NoW,76561198057809284,SpellForce 2 - Anniversary Edition,I like this game even if it is not perfect.,"['Strategy', 'RPG', 'RTS', 'Action', 'Fantasy', 'Singleplayer']",Mostly Positive,"Phenomic,THQ Nordic",3,4,4,3,positivo
roboapplejack,76561198154964744,SpellForce 2 - Anniversary Edition,"Don't comment on this. I forgot if the game was hard or not. I am just leaving a comment to see if I played the game at all. Since I have the option of leaving a review. I think it was a demo at one point. I thinked I loved it or I thinked it was too hard. Just don't leave a comment. Just checking here. Ok. I remember why I didn't like this game. You can't change the diffeculty, which is dumb. I can't get to know the game better because normal is a bit to hard for me, I want to like this game but I can't enjoy it when I am letting two bots do the 1v1 and I am just at my base just going what do I do? I already know half of the functon of the game, it's like food comes from food tiles and iron from iron tiles and etc etc. But the upgrades and everything I can't understand them like I was playing the human I guess and they have a upgrade that only works 1 at a time. Which I didn't know and wasted a bunch of resources. Can't do much when all the A.I's are just rushing the entire time and their is lack of me trying to play to have some fun. I don't like jump starting the diffecuity without getting to enjoy a slow and pace game so I can understand it better. Idk if I want to get spellforce 3 cause that one looks very nice. But will there be a diffeculty options? Or will it be pre-setted to normal rushing bots? sadly I got to give a dislike, but I like everything about the game expected the diffeculty. That's the only thing that's killing this game.","['Strategy', 'RPG', 'RTS', 'Action', 'Fantasy', 'Singleplayer']",Mostly Positive,"Phenomic,THQ Nordic",2,2,3,4,negativo
Old Timer,76561198037834509,SpellForce 2 - Anniversary Edition,"The graphics are starting to get a little dated, but the game runs well.  The RPG elements are a little limited and there are not many different ways to customize your character as they advance.  It is more geared toward RTS.  The game does have a good story line.","['Strategy', 'RPG', 'RTS', 'Action', 'Fantasy', 'Singleplayer']",Mostly Positive,"Phenomic,THQ Nordic",4,3,3,3,neutral
Luagha,76561197990073474,SpellForce 2 - Anniversary Edition,"Hasn't aged terribly well, but it's fun bit of fantasy soap opera if you have enough nostalgia to enjoy throwing blobs at blobs to get cutscenes.","['Strategy', 'RPG', 'RTS', 'Action', 'Fantasy', 'Singleplayer']",Mostly Positive,"Phenomic,THQ Nordic",3,3,3,2,positivo
Dr. LosT GuY D.C.,76561197976403180,SpellForce 2 - Anniversary Edition,nope do not recommend,"['Strategy', 'RPG', 'RTS', 'Action', 'Fantasy', 'Singleplayer']",Mostly Positive,"Phenomic,THQ Nordic",1,1,1,2,negativo
zastroph,76561198012545565,SpellForce 2 - Anniversary Edition,It is impossible to play this game unless you go to the location of the game in the steam directory and then run it as administrator. You will then be able to enter they game key so that it lets you proceed. It is also impossible to play the game when it just ignores everything you tell it to do. I just failed the entire game because it refused ti let me blow some stupid horn that would stop the enemy from advancing!,"['Strategy', 'RPG', 'RTS', 'Action', 'Fantasy', 'Singleplayer']",Mostly Positive,"Phenomic,THQ Nordic",2,1,2,3,negativo
Tallestdavid,76561198030980450,SpellForce 2 - Anniversary Edition,i like it :),"['Strategy', 'RPG', 'RTS', 'Action', 'Fantasy', 'Singleplayer']",Mostly Positive,"Phenomic,THQ Nordic",3,4,4,3,positivo
TorrentGamer,76561198323778423,SpellForce 2 - Anniversary Edition,"This is one of those old school games that your friends probably talk about when they talk about Games they want to finish some day when they retire or win in the lottery or something equal to it and afterwards have enough time to dig into it. If this wouldn`t be already my second try to play through the Game (I got it back then when it still was printed on a disk and was protected by the first time) I would probably be complete blown up by the sheer size of the Game. This Game is not only huge if it comes to it's feature list but too if it comes to the Gameplay Length and nothing of it seem to be stretched or phoney done to make the Game longer then it actually is. It`s almost like back in 2006 someone tried to create an Offline Roleplaying Action Game with some RTS (Real Time Strategy) Parts and went full bonkers if it comes to the among of Story & Side Quests that sometimes keep you busy for hours if you let it happen while you travel through the Game before you finish it and afterwards ask yourself how they manage it to don`t make it boring at all. I won`t even try to waste your time with talking about how decent the story is since compared to any other me knowing Game out there that at least cover up one of the two genre SpellForce 2 – Shadow Wars have seem to have delivered long before Blizzard put the Genre with StarCraft II to the next level and showed how to create a decent storyline in an RTS after Command & Conquer had left everyone for years struggling. While this is said I have to make sure to mention too that the RTS Part in SpellForce 2 – Shadow is not very demanding at all and if you have digged yourself through every RTS Game out there that you might not get the most out of the Game if you mainly buy it for this part of the Game. SpellForce 2 – Shadow does cover up the basic gameplay mechanics that were back in 2006 on the RTS market by then already well known without moving the genre to the next level. Also some of the Roleplaying Action Game Parts do too kick into the RTS I wouldn`t call it hard to master at all. So in the end SpellForce 2 – Shadow does offer a pretty decent RTS that does come at the same time with a pretty decent Roleplaying Action Game too. Not bad at all in my eyes. There are still a handful of Bugs/Glitches in the Game that will make you from time to time wonder why those still weren't fixed at all. Crashes straight to the Desktop, Glitches where the Map didn't show up as it should be, Quest that I had to repeat since a Trigger clearly were not triggered on the Map and therefor i had to repeat a Mission. Make sure you save your Game. A lot. I would even go as far as to say that you should save your current Game on a different slot every 30. Minutes and work with three different Slots so you loose in the worst case around half an hour of Gameplay. To make it worse i had similar issues with the Game over eleven years ago too so it seems that since then nobody took the time to fix those Bugs/Glitches at all. This is probably one of the biggest issues I had with the Game and that kinda is one of the reasons that does prevent me from saying that the Game is a must-buy and played at least once in your lifetime Video Game. I had really a hard time to don`t rate this Game with just a very strong Thumbs Up but some of the issues i had encountered through my current playthrough made me kinda hold back my fanboy praising of the Game in the end and I can`t really repeat myself enough if it comes to the saving part in the Game. Save your Game a lot on a regular base in the Game or otherwise you will regret it as much as i did since you will encounter crashes during moments where it will hunt you in your dreams if you won't do it and you will loose a lot of time by that. Besides that issue that is a huge pain in the♥♥♥♥♥I can't recommend this Game enough if you are looking for a Video Game that is half Action Roleplay and half RTS Game with a very long and very decent Story. Therefor in the end I'm still giving out a.. That´s it. Thanks for reading and have a great time ;-)","['Strategy', 'RPG', 'RTS', 'Action', 'Fantasy', 'Singleplayer']",Mostly Positive,"Phenomic,THQ Nordic",4,3,4,2,positivo
Darth Chocula,76561198007209535,SpellForce 2 - Anniversary Edition,"Bad voice acting, really bad even for a JooWood game. The graphics are dated, but not terrible. The gameplay is very much a RPG/RTS crossbreed, and it works well. Not as detailed as the first Spellforce, but not as dated either. Very solid if you are looking for something different. Basicly, in this 2nd game, you have a skill tree that is split between combat and magic, and all spells are learned by putting points into various magic skills, unlike the first game in which you had to find or buy spells. However, combat and magic is broken up into paths that lead to a general sort of class, though you can have many such classes. You could select magic to get to Necromancy, and you could also invest points in combat to get to platemail, so you could be a necro-tank toon, and there are many such combos. The rts part of the game is very simple, just three things to gather, and not many buildings, again the first Spellforce is more complex, but it is still fun for what it is. 80+ hours","['Strategy', 'RPG', 'RTS', 'Action', 'Fantasy', 'Singleplayer']",Mostly Positive,"Phenomic,THQ Nordic",3,4,3,2,positivo
Janine Bagborn,76561197978567503,SpellForce 2 - Anniversary Edition,This game is total garbage. Just reminds me of a lackluster Warcraft with worse graphics though. No resolution support for widescreens. WARNING: Game does not have any graphics you are viewing as part of the screen shots and trailer.  It is another game altogether. I am also sure that the 80% rating has been tampered with. I tried to get a refund as this software isn't the same as the game description. It was a huge mistake purchasing this counterfeit software.,"['Strategy', 'RPG', 'RTS', 'Action', 'Fantasy', 'Singleplayer']",Mostly Positive,"Phenomic,THQ Nordic",1,1,1,2,negativo
hogie9,76561198018679417,SpellForce 2 - Anniversary Edition,"Combines Warcraft with Diablo, and does neither as well.","['Strategy', 'RPG', 'RTS', 'Action', 'Fantasy', 'Singleplayer']",Mostly Positive,"Phenomic,THQ Nordic",2,2,2,3,negativo
Barry Manilow,76561197981682505,Spirits of Xanadu,If you can buy it cheap enough it's a good game. How cheap? Let's say $9 or less. :P,"['Adventure', 'Indie', 'Action', 'First-Person', 'Horror', 'Atmospheric', 'Mystery', 'Female Protagonist', 'Puzzle', 'Psychological Horror', 'Story Rich', 'Sci-fi', 'Space', 'FPS']",Mostly Positive,"Good Morning, Commander",3,3,4,2,positivo
Morphy,76561198006476640,Spirits of Xanadu,"A game influenced by System Shock 2 but nowhere near as good. It's fairly short, graphics and enemies are basic, a far simpler game than the great SS2. Still it does have some interesting secrets and it's nice to see a game that obviously takes alot from and respects SS2.","['Adventure', 'Indie', 'Action', 'First-Person', 'Horror', 'Atmospheric', 'Mystery', 'Female Protagonist', 'Puzzle', 'Psychological Horror', 'Story Rich', 'Sci-fi', 'Space', 'FPS']",Mostly Positive,"Good Morning, Commander",3,2,3,2,neutral
Argyle,76561198087713157,Spirits of Xanadu,"This seems a lot like System Shock 2, except inferior in every way besides approachability. But then again I love SS2 so check it out. It's story isn't nearly as deep as others, but it holds up the intrigue better than most.","['Adventure', 'Indie', 'Action', 'First-Person', 'Horror', 'Atmospheric', 'Mystery', 'Female Protagonist', 'Puzzle', 'Psychological Horror', 'Story Rich', 'Sci-fi', 'Space', 'FPS']",Mostly Positive,"Good Morning, Commander",3,4,4,3,positivo
P = NP /BBQPRTY\,76561197974210341,Spirits of Xanadu,"Cute game, but definitely not for everyone. Weak graphics for its generation combined with lack of polish in many areas leave a sour taste for most people. However, the storytelling via notes and audiologs is quite well done, and most of the puzzles aren't too bad either. Also has some interesting (and ambiguous) endings to find. So if this comes out on sale and you're willing to play something less than perfect, then this might just be the game for you.","['Adventure', 'Indie', 'Action', 'First-Person', 'Horror', 'Atmospheric', 'Mystery', 'Female Protagonist', 'Puzzle', 'Psychological Horror', 'Story Rich', 'Sci-fi', 'Space', 'FPS']",Mostly Positive,"Good Morning, Commander",4,3,3,3,neutral
swingline,76561198050157835,Spirits of Xanadu,"There's been a problem on a space ship far away. It was on an important mission, but communications have gone silent. You're sent to see what happened, make repairs, and have orders to bring the ship back if possible. Of course a mystery awaits when you arrive. I won't go much farther than that as it's a game best experienced without too much description. I consider Spirits of Xanadu to be an excellent game, with a good mix of first person action, exploration, stealth, mystery, and light puzzles. The story and method of exposition is excellent. There's just enough to clue you into what's happening and keep you moving forward, and the writing and performance (via audiologs) is effective in allowing you to see clearly. (I'm sometimes frustrated by games where the writing tries to trick and confuse the player w/ the unreliable narrator thing, and Xanadu does not do that - it lays out the story for you to discover without the intentional misdirection that some games use.) I got stuck at one point and had to seek out a hint, but it's probably something I should've figured out myself if I'd been more careful w/ my exploration. Another thing I like: the environments have a good degree of interactivity which helps make the world feel real and lived in. I enjoy games that reward exploring, and there are quite a few little ""extras"" that are not central to the game, but exist to help make the place feel real. So yes, I recommend this game. Quite an achievement for a small team - and I understand there was one developer doing the coding.","['Adventure', 'Indie', 'Action', 'First-Person', 'Horror', 'Atmospheric', 'Mystery', 'Female Protagonist', 'Puzzle', 'Psychological Horror', 'Story Rich', 'Sci-fi', 'Space', 'FPS']",Mostly Positive,"Good Morning, Commander",5,4,5,3,positivo
Annoying Dog,76561198096213994,Spirits of Xanadu,"This is literally the most underated gem on steam! It's like a mix of System Shock 2 and Alien with a mix of easter eggs. It isn't particularly scary, but it had a very eerie atmosphere, and a great narrative story with no hand holding. It's the sort of game where you have to work out what's going on yourself, not press 'tab' to see what your goal is, you have to do it yourself.","['Adventure', 'Indie', 'Action', 'First-Person', 'Horror', 'Atmospheric', 'Mystery', 'Female Protagonist', 'Puzzle', 'Psychological Horror', 'Story Rich', 'Sci-fi', 'Space', 'FPS']",Mostly Positive,"Good Morning, Commander",4,4,4,3,positivo
Spock RC,76561197966573552,Spirits of Xanadu,An objective based FPS that doesn't hold your hand. Excellent voice acting. Excellent writing. Excellent shooting gameplay. Minor performance issue in certain rooms. Finished in 3 hours at a leasure pace.,"['Adventure', 'Indie', 'Action', 'First-Person', 'Horror', 'Atmospheric', 'Mystery', 'Female Protagonist', 'Puzzle', 'Psychological Horror', 'Story Rich', 'Sci-fi', 'Space', 'FPS']",Mostly Positive,"Good Morning, Commander",5,4,4,3,positivo
Owlmanandy,76561198045807635,Spirits of Xanadu,"As the Rely on Horror reccomendation says, it's a very well-crafted little game made especially impressive by its limited number of developers.  And while I absolutely agree that it's a fantastically written game, and I might add that I find the visuals quite appealing and the exploration quite fun, I would argue that it's less horror and more action.  While it certainly builds tension at the beginning, that goes right out the window as soon as you die (and you will, at least once) since there's really no penalty to dying, and the robots aren't particularly frightening, though seeing a glowing red light approach me from the end of a darkened hall is something I won't be forgetting soon.  This lack of horror is what I find to be the game's biggest draw, though it certainly makes up in other departments.  I reccomend giving it a go.","['Adventure', 'Indie', 'Action', 'First-Person', 'Horror', 'Atmospheric', 'Mystery', 'Female Protagonist', 'Puzzle', 'Psychological Horror', 'Story Rich', 'Sci-fi', 'Space', 'FPS']",Mostly Positive,"Good Morning, Commander",4,4,3,2,positivo
Trrcn,76561198000318945,Spirits of Xanadu,"I want to begin with noting the length of the game.  This game could easily be completed in fifteen minutes up to an hour if you want to find everything on a blind run.  That being said let's being. In Spirits of Xanadu you control a nameless female space detective on a mission to investigate what happened to the crew of four on the space vessel 'Xanadu'. While on the ship, everything is done in the 1st person perspective almost in the exact way as System Shock. You get two weapons, you figure puzzles to turn on computers, get passcodes to doors, etc.  All the while you shoot at, hack, or escape robots which try to kill you.  Without revealing too much more I'll leave it at that and say it's an eerie and welcome experience for so cheap. Get it if it's under $10.  It'll get your System Shock urges down until the real deal releases from this very same company later in the year.","['Adventure', 'Indie', 'Action', 'First-Person', 'Horror', 'Atmospheric', 'Mystery', 'Female Protagonist', 'Puzzle', 'Psychological Horror', 'Story Rich', 'Sci-fi', 'Space', 'FPS']",Mostly Positive,"Good Morning, Commander",4,4,5,2,positivo
FreakeyP,76561198281484746,Spirits of Xanadu,"The Xanadu has gone silent, and it's your job to wake her up, and bring her back home to earth. That might be easier said than done. You will have to solve the mystery of what has happened to the crew, fight out of control robots, and activate the ship, and bring her safely back to earth. You may ask why the graphics seem dated... This game takes place in an alternate 1980s where man is already visiting other planets, so I think the developer was trying to get the graphics to reflect that. I personally feel this was not necessary. Did they dumb down the movie Watchmen? No. I also felt that the puzzles were either direct and to the point, or very vague in what was needed to figure them out. The battles with the robots got old quick, as they became obvious in their patterns. The gameplay and controls are very simple, and solid, that anyone can play with no issues. Not the worst game I have played, but not the best either. If you are going to get this game, my recommendation is to get it while it's on special for under 5 dollars. Don't take my word for it, and check out my video by clicking on the link.","['Adventure', 'Indie', 'Action', 'First-Person', 'Horror', 'Atmospheric', 'Mystery', 'Female Protagonist', 'Puzzle', 'Psychological Horror', 'Story Rich', 'Sci-fi', 'Space', 'FPS']",Mostly Positive,"Good Morning, Commander",3,3,3,2,neutral
JohnnyTheWolf,76561197968395460,Spirits of Xanadu,"This hidden gem from the studio who brought System Shock 2 back is a short but sweet love letter to the classic FPS/RPGs of the late 90s/early 2000s. PROS: + Intriguing story + Retro aesthetics + Decent replayability + Excellent voice-acting + ""King of the Dead"" mini-game + Deus Ex and System Shock 2 references + Interactive computer terminals a la DooM 3 + Open-ended gameplay and multiple endings + Immersive integration of the map system and objective markers + Five difficulty levels, including Peaceful (no combat) and Ironman (no respawn) settings CONS: - Poorly advertised, even for an indie game! - Simplistic stealth and combat - Few interactive objects - Infinite enemy respawn - Not particularly original - Anticlimactic endings - Not particularly scary - Fairly expensive - Fairly short","['Adventure', 'Indie', 'Action', 'First-Person', 'Horror', 'Atmospheric', 'Mystery', 'Female Protagonist', 'Puzzle', 'Psychological Horror', 'Story Rich', 'Sci-fi', 'Space', 'FPS']",Mostly Positive,"Good Morning, Commander",4,3,4,3,positivo
ednooooo,76561198065806040,Spirits of Xanadu,Amazing! It's amazing that such a seemingly simple game can create such an intense sense of fear and dred. A must play for horror fans!,"['Adventure', 'Indie', 'Action', 'First-Person', 'Horror', 'Atmospheric', 'Mystery', 'Female Protagonist', 'Puzzle', 'Psychological Horror', 'Story Rich', 'Sci-fi', 'Space', 'FPS']",Mostly Positive,"Good Morning, Commander",4,4,5,3,positivo
infin,76561197970840537,Spirits of Xanadu,"A short, enjoyable existential space scifi experience that pays homage to the System Shock series and 2001: A Space Odyssey (among others).  The gameplay mechanics are varied but with limited depth:  light exploration, light combat/stealth, light puzzling.  Similarly, the visual aesthetic (and, some might argue, the graphical fidelity) is minimalist; yet smooth and responsive.  The real focus in Spirits of Xanadu is the high quality narrative and its beautiful integration with the simple but immersive game world, aided by strong writing and voice work. That said, I don't know that I can recommend paying for the game at its full price given the extreme briefness of the experience -- even including the multiple replays required to see all the endings.  It's also worth noting that on almost all difficulty levels you will likely face at least a few frustrating/unfair 'deaths'... though at least a couple of these are tied to the narrative.  When on sale, however, the System Shock 2 nostalgia evoked here alone is well worth the (sale) price to me. I'm hoping these developers continue in the vein of Spirits of Xanadu, preferably with larger/deeper game worlds.","['Adventure', 'Indie', 'Action', 'First-Person', 'Horror', 'Atmospheric', 'Mystery', 'Female Protagonist', 'Puzzle', 'Psychological Horror', 'Story Rich', 'Sci-fi', 'Space', 'FPS']",Mostly Positive,"Good Morning, Commander",5,3,4,3,neutral
TheBeak,76561198083068272,Spirits of Xanadu,"Spirits of Xanadu is a fun, flawed take on the first person adventure/horror genre with sci-fi twists that reckon of System Shock 2, Alien Isolation, Event Horizon and other deep space, science fiction creepfests.  My time with the game was well-spent even if it was a bit short overall.  In the game you play as the stalwart, lone space technician who docks with the Xanadu in order to fix its systems, find out what happened to the crew and bring that sucker back to Earth. Those looking for high-tech, top-tier graphics won't get 'em here, but the old school flavor and visual design does lend Xanadu some atmosphere and weirdness that is unique.  They won't push your PC to the max, yet they look good and are perfectly dim n' grungy with dynamic lightning and some vibrant color hues shaking things up.  Where Xanadu shines even brighter is in the sound department.  You'll frequently find yourself looking over your shoulder to find out the source of various robotic chirps, whirrs and buzzes.  My dog would bark at the computer as I performed various actions which is a pretty good sign.  She normally could give a ruff less if I'm playing a game. The meat of Xanadu lies within its gameplay.  You're free to explore the ship at your pace, opening drawers, activing utilities, fixing broken ship systems, reading files, collecting audio logs, etc.  There is no voice acting from your character so it's up to the audio logs to provide you with important details and they get the job done admirably with solid writing and above-par narration from the cast.  You can literally beat this game quickly or take your time with it (which is what I chose to do) and there's not much in terms of waypoints, guidance or hand-holding.  The way you feel like you are the trigger and catalyst for everything that happens in the game is immersive and welcome in this day and age.  You have a vague sense of what to do but the HOW is on your shoulders. Roughly 75% of the gameplay revolves around finding as much info as you can find and getting the ship in flying shape while the remaining 25% revolves around combat.  There are only a few guns to find and if you don't take the time to thoroughly explore you're probably going to miss at least one on your first playthrough.  You'll face opposition in the form of different robots controlled by the ship's defense AI and even on the hard difficulty setting they put up a decent fight.  Your character isn't Herculean and a few successive beatings will kill you, so you need to take careful aim and adopt the ol' shoot first/ask questions later strategy.  The shooting is completely serviceable but not top-tier FPS; charmingly adding to the tension of trying to survive.  Even if you die you don't lose any progress and save stations are scattered generously enough around the Xanadu that you will never lose giant chunks of playtime.  Some of these things make Xanadu a tad on the easy side, even if you bother bumping up the difficulty.  And once you clear the ship of hostiles (at least on hard, not sure about ironman), it stays clear.  So, it's a true possibility that you will eventually destroy every enemy in the game.  You can play the game on a ""peaceful"" setting with no combat occuring unless you willingly harass the robotic guards, but this didn't seem very enticing to me as part of the fun was worrying about getting cut down by violent robo-security while rummaging through desk drawers. As everyone probably knows, there are multiple endings to be found in the game and I was able to uncover them all without resorting to a walkthrough.  You don't really even need to start the game over to get them all, but I took on a second playthrough anyway just to experience the action a second time.  While the Xanadu itself is a rather small setting, it's totally possible to get lost a few times and for a fairly short horror game (the norm mostly these days), there's a surprising amount to find, see and do in the time you spend with it.  I recommend a deliberate pace and taking your time, because it did feel rewarding gathering most of the achievements in this game (I'm at 84% right now).  Overall, Xanadu was alot of fun to play and I'm completely happy with the money spent on this one.  It's not perfect but it does more than enough to please horror fans that have seen/done most everything in the genre like myself. Pros: -Dark, intriguing storyline unfolds in a captivating minimalism -Great setting recalls classic horror/sci-fi film and games from the past -Excllent sound design with well-done voiceovers -Gameplay is devoid of hand-holding which allows you to experience the game at your own pace -Atmospheric graphics are not high end but get the job done -Fun Steam achievements worth spending time to gather -Multiple endings -Combat is fun and satisfying Cons: -Despite its general enjoyability and replay value, Xanadu is fairly short -Sometimes the graphics are a little too blocky -Controls are solid but not overly tight leading to a few uncessary deaths -You can get all of the endings without effectively starting the game over -Only a scant few weapon choices (a secret gun or two would have been fun to find) Final score:  8/10 Verdict:  Xanadu would make a good double-header with other offbeat FPS horror adventures like Betrayer.  It's a different ball of wax than something like Betrayer with its own very unique flavor.  I've been pretty hooked on working and playing through Deadcore when I started Xanadu but as soon as I started this game I had to put Deadcore down for the time being.  Spirits of Xanadu sucked me in and I immediately had to dedicate my free gaming time over the last two days consistently to Spirits of Xanadu and only it once I got started and I totally enjoyed the experience!","['Adventure', 'Indie', 'Action', 'First-Person', 'Horror', 'Atmospheric', 'Mystery', 'Female Protagonist', 'Puzzle', 'Psychological Horror', 'Story Rich', 'Sci-fi', 'Space', 'FPS']",Mostly Positive,"Good Morning, Commander",4,4,4,3,positivo
FriendFive,76561198096079278,Spirits of Xanadu,"Conflicted, but if this is your type of game, then go for it if it's on sale. It's pretty cliche;you've probably seen this all before, but with better graphics. You are alone on a deserted space station/ship and you have to figure out what happened to the crew. You've got to get things up and running again. Some mysterious artifact was discovered on some far off planet. The crew gets infected with something and starts going crazy. Then you get infected. All the while the crazed robots on the ship are trying to kill you. I reached the end, but I am guessing this is not the only possible ending because it was very unsatisfying. What bugs me is that the game wants to make me start all over again; I can't just try to get to another ending from my last save point. I probably enjoyed this game more than I should, but there were some serious frustrations at times. Doors would not open for me sometimes, even when they had before. Was this part of the game? Or just bad glitching? I really don't know. I figured out after awhile that if I pressed up against the stuck doors and then jumped up and down, that sometimes opened them. Anyway, even though it was cliche, I did like the setup of the game even if the execution was wonky. I will still recommend the game, but honestly, if you like this premise, why not just go play something like System Shock 2, which, though it's way older, was done a lot better.","['Adventure', 'Indie', 'Action', 'First-Person', 'Horror', 'Atmospheric', 'Mystery', 'Female Protagonist', 'Puzzle', 'Psychological Horror', 'Story Rich', 'Sci-fi', 'Space', 'FPS']",Mostly Positive,"Good Morning, Commander",3,2,4,3,neutral
Laslo,76561197973864561,Spirits of Xanadu,Uhh...  Is there no save system at all in this game? What the f....,"['Adventure', 'Indie', 'Action', 'First-Person', 'Horror', 'Atmospheric', 'Mystery', 'Female Protagonist', 'Puzzle', 'Psychological Horror', 'Story Rich', 'Sci-fi', 'Space', 'FPS']",Mostly Positive,"Good Morning, Commander",2,1,3,2,negativo
Nokzen,76561198020085437,Spirits of Xanadu,"I love this game, the devs did a good job on this, i love the art style and the story. I did a playthrough, but there are 2 different endings, havent figured out the good ending yet :) I recommend all to go get this game.","['Adventure', 'Indie', 'Action', 'First-Person', 'Horror', 'Atmospheric', 'Mystery', 'Female Protagonist', 'Puzzle', 'Psychological Horror', 'Story Rich', 'Sci-fi', 'Space', 'FPS']",Mostly Positive,"Good Morning, Commander",4,4,5,3,positivo
DarkVolter,76561197991694157,Spirits of Xanadu,From what a Indie Developer can really do. To a clever well contructed little game. -Pros: Strickly unqiue and fair amount of game that has you on a simple edge of dark corners with spooks and small jumps. -Cons: Enough exploring to find the back story and only a small amount of so far to go. Other then that it deserves a single thumbs up and a smile.,"['Adventure', 'Indie', 'Action', 'First-Person', 'Horror', 'Atmospheric', 'Mystery', 'Female Protagonist', 'Puzzle', 'Psychological Horror', 'Story Rich', 'Sci-fi', 'Space', 'FPS']",Mostly Positive,"Good Morning, Commander",3,4,4,2,positivo
casual_gamer_guy,76561198228941028,Spirits of Xanadu,"The game has interesting premise, and there's some depth to the story. However, the actual gameplay is very tedious. Progress, especially for the ""good"" ending, relies on finding items scattered throughout the ship, and there's unclear logic with regard to where those items might be. As a result, it becomes necessary to check all rooms and open all drawers / containers. The fact that the character starts in a totally dark ship with only a flashlight and a gun made early exploration more annoying. Much of the game's length is due to this search for items and bits of information. It becomes very obvious on replays -- with knowledge of all the important information (e.g. location of required items, coordinate for destination you want), the game itself can be completed in about 10 minutes.","['Adventure', 'Indie', 'Action', 'First-Person', 'Horror', 'Atmospheric', 'Mystery', 'Female Protagonist', 'Puzzle', 'Psychological Horror', 'Story Rich', 'Sci-fi', 'Space', 'FPS']",Mostly Positive,"Good Morning, Commander",4,2,3,3,neutral
KoolKrax,76561197972072638,Spirits of Xanadu,Space Odyssey all over again.,"['Adventure', 'Indie', 'Action', 'First-Person', 'Horror', 'Atmospheric', 'Mystery', 'Female Protagonist', 'Puzzle', 'Psychological Horror', 'Story Rich', 'Sci-fi', 'Space', 'FPS']",Mostly Positive,"Good Morning, Commander",3,3,4,2,positivo
I.D.P.D. TerminAtor,76561198077860680,Splatter - Zombie Apocalypse,"A short, sweet, deviously gory game, and thus a short positive review.","['Action', 'Indie', 'Zombies', 'Top-Down Shooter', 'Top-Down', 'Shooter', 'Adventure', 'Gore', 'Anime', 'Noir', '2D', 'Singleplayer', 'Horror', 'Arcade', 'Atmospheric', 'Local Co-Op', 'Great Soundtrack', 'Comedy', 'Third Person', 'Story Rich']",Very Positive,Dreamworlds,3,4,4,2,positivo
UndipustedGibus,76561198120110581,Splatter - Zombie Apocalypse,Good game for 0.99$,"['Action', 'Indie', 'Zombies', 'Top-Down Shooter', 'Top-Down', 'Shooter', 'Adventure', 'Gore', 'Anime', 'Noir', '2D', 'Singleplayer', 'Horror', 'Arcade', 'Atmospheric', 'Local Co-Op', 'Great Soundtrack', 'Comedy', 'Third Person', 'Story Rich']",Very Positive,Dreamworlds,2,4,3,2,positivo
gullyĐĵ,76561198326023938,Splatter - Zombie Apocalypse,"immensely enjoyable top down shooter - its like super sprint but with guns and zombies and no cars to race, which means its nothing like super sprint. but it is just as enjoyable. In fact it as enjoyable as peanutbutter and jelly sandwiches - brown on the outside red on the inside - just like a zombie. Yummie. Theres not much to say except this is a good top down shooter which if you pick up on sale for 15p is a great bargain. Its a little short but enjoyable just like something else i know :) Sound effects could be improved slightly but other than the that if this game was orange juice, The Man From Del Monte would say YES.","['Action', 'Indie', 'Zombies', 'Top-Down Shooter', 'Top-Down', 'Shooter', 'Adventure', 'Gore', 'Anime', 'Noir', '2D', 'Singleplayer', 'Horror', 'Arcade', 'Atmospheric', 'Local Co-Op', 'Great Soundtrack', 'Comedy', 'Third Person', 'Story Rich']",Very Positive,Dreamworlds,2,4,3,2,positivo
Incipit SISSY 10 MY CAT!!!!!,76561198021757575,Splatter - Zombie Apocalypse,A Must Own!,"['Action', 'Indie', 'Zombies', 'Top-Down Shooter', 'Top-Down', 'Shooter', 'Adventure', 'Gore', 'Anime', 'Noir', '2D', 'Singleplayer', 'Horror', 'Arcade', 'Atmospheric', 'Local Co-Op', 'Great Soundtrack', 'Comedy', 'Third Person', 'Story Rich']",Very Positive,Dreamworlds,4,5,5,3,positivo
HaTTriKK,76561198199493043,Splatter - Zombie Apocalypse,full to time pass,"['Action', 'Indie', 'Zombies', 'Top-Down Shooter', 'Top-Down', 'Shooter', 'Adventure', 'Gore', 'Anime', 'Noir', '2D', 'Singleplayer', 'Horror', 'Arcade', 'Atmospheric', 'Local Co-Op', 'Great Soundtrack', 'Comedy', 'Third Person', 'Story Rich']",Very Positive,Dreamworlds,2,3,3,2,neutral
The-Skull-Will-Conquer,76561198082918293,Splatter - Zombie Apocalypse,"""Here i find myself in the midst of chaos,but everything breaks if exposed to enough pressure"" listening to that and watching the static cinema that came with it i thought i was in a ""MAX PAYNE"" game,but no i was in the rather enjoyable and action packed shooter that is ""SPLATTER : BLOOD RED EDITION"". Ok when you start to play you wake up in your house and after some rambling to yourself wander of outside,*BANG* bullets everywhere and the army telling you to get of the street you follow them and then you get to find your first weapon the obligatory hand gun (which has infinite ammo,of course it does DUH). As the game progressess you gain acess to more powerfull and impressive weapons (shotgun,rocket launcher ECT) and trust me when i tell you,you are going to need them as some of the boss battles and even some of the normal battles (you do get over run at times) get quite hard and the enemy can overwhelm you if you use the wrong weapon. Now the most easiest and best way to help from getting overcome is to throw a flare,see the dark abomination's you face have a fear and total dislike of the light (""wonder where we have seen this game play element before"" ""i dont know ALAN,WAKE up"") which can give you time to re-gather your thoughts and blow them away whilst they scuttle away from the bright and painfull light that encompasses them.This game play mechanic is one that you will use to your advantage on numerous occasions and will save your neck more than once. As the game plays on you will encounter some puzzles but they are usually of the push button variety and are allways easy to overcome and you will never feel lost as to what to do next and this is a good thing as the action should (and does) take a front seat to all else in game. The graphics in game do a good job and for this sort of game handle really well with no lag no matter how many enemies are on screen (shouldent be in this sort of game),the music in game is good but at times you do find that the spoken dialogue is overshadowed by the music or the gunfire happening in game (minor quibble but i did miss out on some conversations due to this). The story and script are both good and at times you do feel like you are in a different game (MAX PAYNE anyone),but at times it does feel all a little B-MOVIE but actually this is not a bad thing and does suit this game right down to the ground. Will you play this game and would you want to even buy it,well enjoy a game that is all bang for its buck and want something that will itch those trigger finger blues then i would say yes,if that doesnt sound like you and you want more from your game than gun blasting action then i would say look elswhere. In my humble opinion this is one enjoyable blast and i would fully reccomend it just dont expect it to be one of the best games you have ever played just one of the best blasters you have ever played and enjoy it for what it is ""ONE HELL OF A BLASTING GOOD TIME""","['Action', 'Indie', 'Zombies', 'Top-Down Shooter', 'Top-Down', 'Shooter', 'Adventure', 'Gore', 'Anime', 'Noir', '2D', 'Singleplayer', 'Horror', 'Arcade', 'Atmospheric', 'Local Co-Op', 'Great Soundtrack', 'Comedy', 'Third Person', 'Story Rich']",Very Positive,Dreamworlds,4,4,4,3,positivo
badkrma,76561197987982145,Splatter - Zombie Apocalypse,"Fun game, cool (one man) developer...","['Action', 'Indie', 'Zombies', 'Top-Down Shooter', 'Top-Down', 'Shooter', 'Adventure', 'Gore', 'Anime', 'Noir', '2D', 'Singleplayer', 'Horror', 'Arcade', 'Atmospheric', 'Local Co-Op', 'Great Soundtrack', 'Comedy', 'Third Person', 'Story Rich']",Very Positive,Dreamworlds,2,4,3,3,positivo
DarkKnight,76561197961542248,Splatter - Zombie Apocalypse,shot until they die,"['Action', 'Indie', 'Zombies', 'Top-Down Shooter', 'Top-Down', 'Shooter', 'Adventure', 'Gore', 'Anime', 'Noir', '2D', 'Singleplayer', 'Horror', 'Arcade', 'Atmospheric', 'Local Co-Op', 'Great Soundtrack', 'Comedy', 'Third Person', 'Story Rich']",Very Positive,Dreamworlds,1,4,3,3,positivo
Sayrthara,76561197993315064,Splatter - Zombie Apocalypse,"Great top-down shooter. Very nice gameplay, good and challening mobs, simple story, worth a shot.","['Action', 'Indie', 'Zombies', 'Top-Down Shooter', 'Top-Down', 'Shooter', 'Adventure', 'Gore', 'Anime', 'Noir', '2D', 'Singleplayer', 'Horror', 'Arcade', 'Atmospheric', 'Local Co-Op', 'Great Soundtrack', 'Comedy', 'Third Person', 'Story Rich']",Very Positive,Dreamworlds,2,4,3,4,positivo
Maverick,76561198260344758,Splatter - Zombie Apocalypse,"Not a bad game, the voice acting is kind of half♥♥♥♥♥♥♥and the main charecter is edgy as hell, but overall not bad","['Action', 'Indie', 'Zombies', 'Top-Down Shooter', 'Top-Down', 'Shooter', 'Adventure', 'Gore', 'Anime', 'Noir', '2D', 'Singleplayer', 'Horror', 'Arcade', 'Atmospheric', 'Local Co-Op', 'Great Soundtrack', 'Comedy', 'Third Person', 'Story Rich']",Very Positive,Dreamworlds,2,3,3,2,neutral
intence66,76561198210071037,Splatter - Zombie Apocalypse,ok where to start  number 1 ignore the bad reviews i payed about 39 p on sale for this game the game is action packed adventure well drawn and designed the weapons are nice with upgrades the story is also good i think the point of this game is to keep you busy but at the same time its actually fun ... there are bosses levels also and new creatures as you progress and also missions on the side ........... this game allows u to change the settings so u can play with a controler ... which i would reccomend doing when playing this game .....also on the main screen i think u can set up a diffrernt game and its like a survival mode ? i havent tryed it yet though but all in all for the price and what you get its well worth the money i dont see why people always put negative  .... would i reccomend yes 10/10,"['Action', 'Indie', 'Zombies', 'Top-Down Shooter', 'Top-Down', 'Shooter', 'Adventure', 'Gore', 'Anime', 'Noir', '2D', 'Singleplayer', 'Horror', 'Arcade', 'Atmospheric', 'Local Co-Op', 'Great Soundtrack', 'Comedy', 'Third Person', 'Story Rich']",Very Positive,Dreamworlds,4,5,4,3,positivo
RabidUrko,76561197983301475,Splatter - Zombie Apocalypse,"Only played this for about one hour at time of writing this review but long enough to see what a gem this game is, one of the best top down type shooters i have played for a while, worth far more than its main price. Great artwork and storyline combined with well designed mechanics. Happily have paid loads more for this excellent game, especially if this had an editor with it too. Sad i overlooked this in 2014.","['Action', 'Indie', 'Zombies', 'Top-Down Shooter', 'Top-Down', 'Shooter', 'Adventure', 'Gore', 'Anime', 'Noir', '2D', 'Singleplayer', 'Horror', 'Arcade', 'Atmospheric', 'Local Co-Op', 'Great Soundtrack', 'Comedy', 'Third Person', 'Story Rich']",Very Positive,Dreamworlds,4,5,4,3,positivo
FusionJay,76561198095924054,Splatter - Zombie Apocalypse,"If your a fan of alien shooter or the zombie shooter from ""sigma"" then there is no reason why you wouldn't like this. I found it enjoyable but there are things you should do before playing: 1.go to the option menu and turn off the auto fire or the game will be boring 2. change the camera/movement to your liking. 3. The difficulty can be overwhelming especially when fighting bosses because the amount hitpoints required to defeat them, so before you decide to choose a complex difficulty, make a conscious decision in how you want to spend your time playing the game. Harder difficulty means more hitpoints for enemies and damage being dealt to you. 4. I wouldn't waste the money upgrading the handgun, just search for the gold pieces of the attachment which fully upgrades it without spending any money into it. ( I wish I knew that from the very begining before dumping most of the cash to it) The only let down was the multiplayer being only local.","['Action', 'Indie', 'Zombies', 'Top-Down Shooter', 'Top-Down', 'Shooter', 'Adventure', 'Gore', 'Anime', 'Noir', '2D', 'Singleplayer', 'Horror', 'Arcade', 'Atmospheric', 'Local Co-Op', 'Great Soundtrack', 'Comedy', 'Third Person', 'Story Rich']",Very Positive,Dreamworlds,3,4,4,4,positivo
Here_Is_Plenty,76561198142366455,Splatter - Zombie Apocalypse,This is incredible fun.  I am not great at shootemups but there are difficulty levels for everyone. Edit:  I have gone on to play a number of zombie games and this one really beats them all for atmosphere.  One of my favourite Steam games.,"['Action', 'Indie', 'Zombies', 'Top-Down Shooter', 'Top-Down', 'Shooter', 'Adventure', 'Gore', 'Anime', 'Noir', '2D', 'Singleplayer', 'Horror', 'Arcade', 'Atmospheric', 'Local Co-Op', 'Great Soundtrack', 'Comedy', 'Third Person', 'Story Rich']",Very Positive,Dreamworlds,4,4,5,3,positivo
Dwight,76561197984775828,Splatter - Zombie Apocalypse,Cheap games are a hit or miss. This one is good for the price and it has a decent survival mode after you beat the game which gives it a replay value.,"['Action', 'Indie', 'Zombies', 'Top-Down Shooter', 'Top-Down', 'Shooter', 'Adventure', 'Gore', 'Anime', 'Noir', '2D', 'Singleplayer', 'Horror', 'Arcade', 'Atmospheric', 'Local Co-Op', 'Great Soundtrack', 'Comedy', 'Third Person', 'Story Rich']",Very Positive,Dreamworlds,3,4,4,3,positivo
trottier.wong,76561198037157856,Splatter - Zombie Apocalypse,"Now that I've finished the game, I feel compelled to write a review. If you like top down shooters, this is a lot of fun. You get a good variety of enemies, weapons, and scenarios. Sometimes you get to operate a car, or rescue distressed civilians, or defend settlements. If you like to just destroy stuff, this is really fun. The graphics are not ""amazing"" but they get the job done. Despite the dark ambience, you can mostly see things clearly -- except when you're clearly not supposed to. Though games like these tend to be dreary, I was pleasantly surprised by the variety of colour. The cutscene graphics, however, are cringeworthy. More on that later. One thing I love about this game is that it runs on a variety of hardware. If you have any PC made within the past 5 years, whether Windows, Mac, or Linux, you'll be able to run this game fine. Trust me, in addition to my plethora of Windows hardware, I also own a Thinkpad T440p running Ubuntu as well as a MacBook Air (2015). The game works on all of them. This game also has full controller support, but with games like these, you're far better going mouse and keyboard. Sure, you could wield double analog sticks, but the real fun is with pointing at the enemies and laying them to waste. Not all is good, however. The in game art style is great but the cut scenes are ""fedorable"". For some reason, the designers thought a shadowy man holding a fedora over his head looks cool but all I could think of was Neckbeard RPG. There's also lots of spelling and grammar problems in the subtitles, and the voice acting is over the top. If you like ""so bad it's good"" B-movies, maybe you'll like this, but I don't think it goes well with the game. Still, the cutscenes are skippable. The real meat of the game is the overhead shooting. And in that, Splatter succeeds very well. Overall rating: 3.5/5","['Action', 'Indie', 'Zombies', 'Top-Down Shooter', 'Top-Down', 'Shooter', 'Adventure', 'Gore', 'Anime', 'Noir', '2D', 'Singleplayer', 'Horror', 'Arcade', 'Atmospheric', 'Local Co-Op', 'Great Soundtrack', 'Comedy', 'Third Person', 'Story Rich']",Very Positive,Dreamworlds,2,4,3,3,positivo
Ironicus,76561198183956818,Splatter - Zombie Apocalypse,"A fun little top down shooter with nice graphics and smooth controls. An utterly generic zombie story but you don't play this kind of games for the rich narrative but for the fun, and there's plenty of that in Splatter. A refreshing if a bit short break after a few hours of more complex games.","['Action', 'Indie', 'Zombies', 'Top-Down Shooter', 'Top-Down', 'Shooter', 'Adventure', 'Gore', 'Anime', 'Noir', '2D', 'Singleplayer', 'Horror', 'Arcade', 'Atmospheric', 'Local Co-Op', 'Great Soundtrack', 'Comedy', 'Third Person', 'Story Rich']",Very Positive,Dreamworlds,2,4,4,2,positivo
SocioPsycho,76561198022820771,Splatter - Zombie Apocalypse,"Splatter Blood Red Edition is a top down shooter with some story, and the main question, is it worth your time? Sadly I have to say no, for the reasons that while the game does have a strong atmosphere, the story however has many gaps in it. The voice acting and art style of the  cutscense is very well done, but they leave way to many unanswered questions. The music is good and fast pace but one of attack attack, not suspense or fear of being attacked. That aside, how the weapons handle, the animation and very small number of weapons you have are nothing special.  The combat becomes very repetitive after the first mission, and the enemy animation and art style do not invoke any fear or suspense to the game. For more reviews be sure to check out the channel here, and thank you for your viewership.","['Action', 'Indie', 'Zombies', 'Top-Down Shooter', 'Top-Down', 'Shooter', 'Adventure', 'Gore', 'Anime', 'Noir', '2D', 'Singleplayer', 'Horror', 'Arcade', 'Atmospheric', 'Local Co-Op', 'Great Soundtrack', 'Comedy', 'Third Person', 'Story Rich']",Very Positive,Dreamworlds,2,2,4,2,negativo
MadAsAHatter,76561197964798094,Splatter - Zombie Apocalypse,"This is probably the best indie title of the genre for years to come. Splatter is an incredible dense and atmospheric top-down zombie shooter with a unique Max Payne noir style. Everything in this game has so much artistic detail put into it. The latest version is fully voiced, the voice acting is decent and supports the atmosphere. Animation, lighting and effects (especially the splatter) are great, the noir-storytelling is awesome and the gameplay offers despite its linearity a lot of variety that keeps you motivated. Besides ammo and health you collect money to invest in upgrades for different weapons (genre typical pistol, shotgun, AR, flamer,  RPG, ...). Be warned though, the medium difficulty already gives you a taste of survival in a zombie apocalypse: You run blindly into the streets, you'll die. You rush into a room without checking your six, you'll die. You let yourself get surrounded or cornered, you'll die. You rush into a corridor without thinking of a emergency exit, ... guess what... you'll die. There are a few things you have to set up in the options though: First, turn down music and effect volume and turn up the voice volume. Second, set the control style to 'cardinal direction' or you'll be moving like Jill in the first Resident Evil game. I prefer to play with the xbox controller, but mouse controls work great as well.","['Action', 'Indie', 'Zombies', 'Top-Down Shooter', 'Top-Down', 'Shooter', 'Adventure', 'Gore', 'Anime', 'Noir', '2D', 'Singleplayer', 'Horror', 'Arcade', 'Atmospheric', 'Local Co-Op', 'Great Soundtrack', 'Comedy', 'Third Person', 'Story Rich']",Very Positive,Dreamworlds,5,4,5,3,positivo
Warmonk xD,76561198272081313,Splatter - Zombie Apocalypse,"The game offers a pretty nice top-down shooter killing zombies/monsters experience. 08/10! Upsides: +The game runs great +Gameplay is  smooth +The weapons have a decent variety and the upgrade system adds a flavor +The enemies are pretty good too, nice variety and not dump as a rock (mostly, they are kinda zombies in the end of the day) +From weapons, enemines, level design and mechanics I think the game is pretty well polished +Good story (nothing increadible creative but it flows nicely and has decent VA. Its much better than most games, and certainly alot better than overall zombie games that tend to not have any story mode whatsoever) +Autosave + quick save and quick load works wonder +Survival mode is interesting, especialy since it carry over your story mode upgrades Downsides: -It can feel somewhat awkward if a fast enemy is close to you, but the point is to not let it happen so... -Bugs man, so many bugs... (To clarify, not bugs as in computer program bugs. TBH I havent encountered any bugs during my play. I mean bugs as in anoying fast moving creapy zombie insects, the ♥♥♥♥♥♥♥s really annoy the♥♥♥♥♥♥out of me lol)","['Action', 'Indie', 'Zombies', 'Top-Down Shooter', 'Top-Down', 'Shooter', 'Adventure', 'Gore', 'Anime', 'Noir', '2D', 'Singleplayer', 'Horror', 'Arcade', 'Atmospheric', 'Local Co-Op', 'Great Soundtrack', 'Comedy', 'Third Person', 'Story Rich']",Very Positive,Dreamworlds,4,4,4,3,positivo
