username,user_id,title,text,tags,sentiment,developer,narrativa,jugabilidad,atmósfera,dificultad,tono_emocional
tomtom,76561197994117737,Black Mirror I,"Quite interesting, albeit not the most orginal horror/mystery story marred by cringe worthy english voice acting that makes one feel a compulsion to choke the main character by shoving a limp hotdog sausage down his windpipe.  Voice acting of the rest of the cast feels like sex education videos from 60's you' had to endure in high school. Graphic representation fluctuates everywhere from great to mediocre. Painfully slow and mostly fugly character  animation. Quality of puzzles is a mixed bag For it's on sale in a 2-5 range, you might as well get it and play it with a guide for the story alone. At full price, i'd recommend buying  gabriel knight I instead.","['Adventure', 'Point & Click', 'Mystery', 'Atmospheric', 'Horror', 'Story Rich', 'Dark', 'Singleplayer', 'Puzzle', 'Classic', 'Gothic', 'Third Person', 'Great Soundtrack']",Very Positive,"Future Games,Unknown Identity",3,2,4,3,negativo
ElLirogono,76561198262080096,Black Mirror I,"A good classic point&click adventure. There are some glitches, the game is to long which makes searching for the right tool to solve next puzzle a bit tiresome (it's more guessing what the devs had in my mind rather than 'what would I do') and the plot is not as surprising as it would like to be, but still it's fun.","['Adventure', 'Point & Click', 'Mystery', 'Atmospheric', 'Horror', 'Story Rich', 'Dark', 'Singleplayer', 'Puzzle', 'Classic', 'Gothic', 'Third Person', 'Great Soundtrack']",Very Positive,"Future Games,Unknown Identity",3,3,4,3,positivo
Sleeper,76561198034582159,Black Mirror I,"Dark, gritty and suspenseful but bad translations and unbelieveble voice over that could have made the game even better. Puzzles are challenging however there are too many instances of time fillers walking around waiting for some characters to finish researching for you until the game can progress further. Overall and enjoyable adventure game even though the ending was abrupt. Score : 6.5/10","['Adventure', 'Point & Click', 'Mystery', 'Atmospheric', 'Horror', 'Story Rich', 'Dark', 'Singleplayer', 'Puzzle', 'Classic', 'Gothic', 'Third Person', 'Great Soundtrack']",Very Positive,"Future Games,Unknown Identity",3,3,4,4,neutral
killingyouguy,76561197970983403,Black Mirror I,"Dear lord, couldn't even finish it. The protagonist sounds like the android love-child of Peter Serafinowicz and Patrick Stewart. The dialogue is painfully deliberate. And the interaction with objects is inconsistent; sometimes left-click looks, sometimes it interacts, sometimes right click looks, sometimes it interacts... just press both on everything! And there's also the way it places objects of interest only at certain stages of progress. So you find yourself constantly going through the same areas each time you learn anything new just in case something is now popping up. A painful game. I bought the trilogy though, so I'll move onto the next one and hope things improve.","['Adventure', 'Point & Click', 'Mystery', 'Atmospheric', 'Horror', 'Story Rich', 'Dark', 'Singleplayer', 'Puzzle', 'Classic', 'Gothic', 'Third Person', 'Great Soundtrack']",Very Positive,"Future Games,Unknown Identity",2,1,3,2,negativo
BatGirlJack,76561198117374265,Black Mirror I,"Playing this game is like reading a 19th century novel; know it's going to take quite a long time and some parts will be very slow but the rich story line and character progression make for a very rewarding experience. Black Mirror is a very straight-forward, adventure, point and click game where most problems can be solved by repeatedly talking to different characters and finding inventory items. There are very few mini games, but all that are there were really fun. As always, I must comment on my own personal pet peeve, slow walking protagonists, but in this game it's not just the protagonist that's slow. Every time you click on someone to talk to, there will be an approximately 5 second, animated delay while they stop what they're doing and turn to you. It can get a bit grating but clearly, this is no manic game and is designed for a relaxed game play experience. One small upside is that while Samuel doesn't run and definitely doesn't jump, ha, if you can click on a scene exit, the game will jump to the next screen (though again, after a few second delay). I also have to warn you about the absolutely most annoying thing in the game, there are two or three scenarios where you have to wait for another character to get back to you about something before you can continue along with the story line. They say things like ""Come back later"" and well, they really do mean later. There's nothing you can do to speed this along. You can go to every location possible, look and talk to everything or everyone you've already clicked on, or just sit and wait. Clearly, this does make sense from a story perspective, but having gameplay where the character does nothing but just has to move around or wait is absolutely ridiculous and should never ever be included. Now regardless of my above complaints, I still really liked this game and I can't wait to continue in the sequel.","['Adventure', 'Point & Click', 'Mystery', 'Atmospheric', 'Horror', 'Story Rich', 'Dark', 'Singleplayer', 'Puzzle', 'Classic', 'Gothic', 'Third Person', 'Great Soundtrack']",Very Positive,"Future Games,Unknown Identity",5,3,4,2,positivo
TreyNutz,76561197971042250,Black Mirror I,"There are aspects of this game I do really like.  But overall I cannot recommend it.  The point and click adventure part of the game, which should be the meat and bones here, is too flawed.  I've only played partway through chapter 3, and I've had to consult a walkthrough too many times to figure out what to do next.  There are no objectives explicitly given so often I'm left loading up area after area talking to everyone hoping to advance the game.  When that doesn't work I'm left to pixel hunting scene after scene again and again wondering if I've missed something.  Most of the game so far has wandering around wondering how I'm to accomplish what at least I can figure out what I'm supposed to do. And usually I have problems because it's so easy to miss something.  Once it was a right click.  Right click is used sporadically in this game; sometimes it does something, but most often it does nothing.  One missed right click on an inventory object or hotspot will get you stuck.  Several times it's been one tiny hotspot overshadowed by another much larger hotspot right next to it.  If you buy this game, don't assume all hotspots are separated from each other.  If/When you get stuck look for slivers of a 2nd hotspot along side ones you've already found.  There's also some degree of misdirection in the game.  I was told to leave the main house once to procure an object.  However the game wouldn't let me leave.  After talking to everyone and not getting anywhere I had to resort to a walkthrough only to discover I wasn't supposed to leave at all, but I was supposed to procure a substitute object another way.  That's kind of cheaty IMO.  If the main character I'm playing wants to do that then the game should inform me that's the objective.  There was another event where I died repeatedly; I couldn't figure out how to survive with the objects in the character's inventory.  Again, back to a walthrough to discover that prior events had to be completed in a very precise way in order to survive the dangerous encounter.  I guess I should revise my earlier statement:  one missed right click on a hotspot can get you killed later, so save often.  (Disclaimer:  I don't find point and click mechanics like this much fun.) The graphics are fine for a game over a decade old.  The character models were rather pixelated, but forcing Nvidia antiailasing fixed that.  Characters move slowly, and there's a lot of waiting to converse with NPCs, to load up the next scene, to enter and leave animations, etc.  The Black Mirror is a slow paced game, which was unexpected but not a problem after I got used to it.  The voice acting is awkward, but I thought it was entertaining at least.  The story seems fairly good so far.  Then environments do an excellent job of evoking the right atmosphere for the game.  Family relationships are not well spelled out.  You play Samual Gordon and run into various other Gordons without really knowing how you know them, who your parents are, or how these other Gordons are related to you.  I got some of that online (don't use wikipedia, there's a major spoiler there) just so I better understand the situation. However, it's the point and click mechanics that bring the game down for me.  I find them more exasperating than challenging, more tedious than fun.  And occasionally the point and click puzzle solutions are nonsensical in ways I thought were only common in hidden object games.  I will push through to the end of the game, just to see it through.  If the point and click mechanics get better in the 2nd half of the game I'll update my review.  Otherwise, I think The Black Mirror is only for point and click adventure die-hards, those who don't mind pixel hunting, or those who don't think twice about looking up a walkthrough when you get tried of being stuck for so long. edit:  I finished the game, took me a little over 19 hrs.  That would have been considerably longer had I not consulted a walk through so much.  I didn't care for the pixel hunting aspects which continued to plague the 2nd half of the game.  Several puzzle solutions were totally illogical IMO.  I should have stopped trying to figure out answers and just systematically tried every inventory object on every hotspot.  But that's no fun and you never really know whether you've found every hotspot. Plus, the game has a certain mechanic where you have to wait for other characters to do something for you before you can continue.  There's nothing else to do except leave the screen, reenter, and try talking to them again and again.  I couldn't tell if waiting was time based or just based on the number of attempts to talk to the character (as a guide suggests).  I didn't think this particular game mechanic worked well.  It was more annoying than anything else and really slowed down the story. Anyways, the 2nd half of the game was much like the first half except there were more puzzles and less conversation required to advance the story.  The ending was unsatisfying.  It didn't really convey what the protagonist accomplished, although if you think about it you can sort of assume what the critical cut scene was supposed to explain.  With a few exceptions I pretty much knew what I was supposed to trying to solve, unlike the first half of the game where I was clueless of what to do a lot more often.  I also didn't think the ending adequately explained the central crux of the plot. Conclusion:  I liked the story for the most part and the atmosphere and environments were very well done.  But that was slightly overcome by too much pixel hunting and illogical puzzles.  Overall, I'm pretty ""meh"" on this game, just over the ""not recommended"" threshold unless you are a big fan of point and click adventure games.","['Adventure', 'Point & Click', 'Mystery', 'Atmospheric', 'Horror', 'Story Rich', 'Dark', 'Singleplayer', 'Puzzle', 'Classic', 'Gothic', 'Third Person', 'Great Soundtrack']",Very Positive,"Future Games,Unknown Identity",4,2,5,3,neutral
erikn1982,76561198085887387,Black Mirror I,"Great point and click adventure. Investegate the mystery of your families past and several mysterious deaths in and around Black Mirror Castle.  Set in some remote countryside in england.  Find clues, conduct interviews, solve puzzles, explore locations.  Standard murder/horror/mystery locations.  An old Castle, Cemetery, Sewer, Spooky Woods, Village, Morgue, etc. It is a bit dated, so the graphics and some sounds might not seem so good (in particular the voice acting of the main protagonist, who speaks Alot), but the story is very interesting and the puzzles offer a good challenge. I prefer the sequels, Black Mirror II and III, the first one is a great opening for the trillogy and sets the stage for the story and several characters that will show up throughout.  The sequels improve on everything this one begins.","['Adventure', 'Point & Click', 'Mystery', 'Atmospheric', 'Horror', 'Story Rich', 'Dark', 'Singleplayer', 'Puzzle', 'Classic', 'Gothic', 'Third Person', 'Great Soundtrack']",Very Positive,"Future Games,Unknown Identity",4,4,4,3,positivo
Mr. Lambert,76561198078996445,Black Mirror I,"Really good story, painted background graphics that still look quite good 14 years later, solid voice acting, and some decent puzzles/mingames make this a solid game.  I played this after playing BM 2 and 3 (which are really one game split into two parts), and enjoyed having the back story filled in, and I'm looking forward to the reboot to an older time in the Gordon family saga that was recently announced. But, man, am I glad some of the really obnoxious things adventure games like this used to do have mostly been eliminated in newer games.  There's no highlighting of items you can interact with in the environment.  I got stuck a number of times in this game, and every time it was because I missed some object in the environment, or there was something I couldn't interact with the first time I went through an area that I could later after a story trigger of some sort. You can die pretty randomly, and there is one time where you can accidentally through no fault of your own use up a required inventory item to avoid a death and have to find an older save to keep going.  Save frequently to avoid that and the other cheap deaths.  This is a long game by 2017 adventure game standards, but probably shouldn't have been so long.  There are sections that seem like pure padding.  There seemed to be really no point to having to find your way out of a mine you somehow manage to fall into for example, and if there's a door, it's got a lock that's going to require you to jump through an excessive amount of hoops to get through.  There are also several times where you ask someone to do something, they say come back later, and you have to just click around the map for 20 minutes waiting it out.","['Adventure', 'Point & Click', 'Mystery', 'Atmospheric', 'Horror', 'Story Rich', 'Dark', 'Singleplayer', 'Puzzle', 'Classic', 'Gothic', 'Third Person', 'Great Soundtrack']",Very Positive,"Future Games,Unknown Identity",4,3,4,3,positivo
Jathre,76561198076916084,Black Mirror I,"I have not played this game when it was relised in 2003, but even now it is very good point-and-click adventure. Yes, there are some flaws, but they are not essential. Here are some examples: 1) Few holes in the plot, to be more precise, not all events that take place in the game are explained properly. 2) Obsolete graphics, but I don't really care about this moment. And one last flaw, or even curse that haunts most of the adventure games - not the best ending at all. But overall gameplay is really good. It is interesting to follow the plot. Game is quite big, approximately 15 hours if you will not stuck. So let's conclude - a good game, if you like adventures you will like this one too.","['Adventure', 'Point & Click', 'Mystery', 'Atmospheric', 'Horror', 'Story Rich', 'Dark', 'Singleplayer', 'Puzzle', 'Classic', 'Gothic', 'Third Person', 'Great Soundtrack']",Very Positive,"Future Games,Unknown Identity",3,4,4,3,positivo
Wuzzerator,76561198008914127,Black Mirror I,"I was starting to like this game. The point and click aspects are generally logical, the story is intriguing, and it has pretty good backgrounds and characterisation. After 4 hours of gameplay some things really started to niggle. The first is a biggy if you ask me - that the solution to a number of problems is to wait for an indeterminate amount of time for a solution - either an object or an answer you need. There is literally nothing to do in this time other than walk around, looking at the same things you have already investigated and feeling horrendously bored. If there was something else you could do i.e. mini games or similar then this would be ok, but it feels very much like the game is just fleshing out the time taken. I'm sure there were plenty of other games out there at the time this was made that did this, but it's still lazy. It would make far more sense if you had to complete a task before you could get the answer. The second is some of the puzzles. There are no clues about the solution. Now this can be great if it involves lateral thinking or logic, but this makes for some very frustrating game play as you're left randomly trying combinations to see what actually works. Again, it could be that I've now lost patience with something that was common at the time, but I find it infuriating. The third is that it would be better with a few more prompts from your character. Thankfully if there's still something to be done in an area he refuses to leave, but the help he gives is far more sporadic after that. It would be helpful, for example, if he gave some logical hint as to why he doesn't want to do something, thus prompting you to look for another solution. Perhaps I am being overly harsh on a very old game, but this has now got to the point where I have stopped enjoying it. Sure that, all in all, if you can get past these niggles that it's still enjoyable and I know it has quite a following, but still I'm fast losing patience.","['Adventure', 'Point & Click', 'Mystery', 'Atmospheric', 'Horror', 'Story Rich', 'Dark', 'Singleplayer', 'Puzzle', 'Classic', 'Gothic', 'Third Person', 'Great Soundtrack']",Very Positive,"Future Games,Unknown Identity",4,2,4,3,negativo
GameJeannie,76561198054570404,Black Mirror I,"So I wanted to give an unbiased review to people who haven't played this game before, as I know the nostalgia factor is pretty big on a lot of these old AGs...myself included.  For me, this was one adventure game that slipped by me...I was aware of its existence and, even when it was on Steam it sat in my wishlist and then library for ages before I finally got around to it. First of all, I knew that it was really old at this point and I had part of the mystery spoiled for me ages ago, but nonetheless, I was still pleasantly surprised by this little gem. Pros: +Beautiful settings that are richly rendered.  Yes, some of the graphics are very dated, but the settings (specifically the Black Mirror Castle) was fantastically realised and really a pleasure to explore. +The puzzles were, for the most part, logical and fairly straight-forward to figure out.  A few were hindered by dated mechanics, but I will discuss that below. +The story was genuinely interesting and creepy.  I think it would be a little obvious, even if the mystery hadn't been spoiled for me, but I still enjoyed watching it play out. Cons: -Voice acting, which most people have mentioned, is pretty appalling.  At one point I shut off the sound and just had subtitles because the main character sounded so ridiulous. -Save often -- Approach it like an old Sierra gem and save often and KEEP MULTIPLE save files...I got myself into an unwinnable state in chapter two that I escaped only because I managed to find a saved game online...I wouldn't have replayed from the beginning otherwise. -Mechanics -- There were a few annoying mechanics that were almost deal-breakers tbh.  Specifically, the fact that Samuel won't pick up anything that he doesn't immediately need, so there's often a LOT of backtracking.  There are also a few puzzles where you ask someone for help, then you literally just wander around until they're ready...nothing to do, just wander and go back, hoping they're ready. -Slow as f--- -- Yeah, so there's no double-click to skip the walking animation here and a lot of the character animations and ESPECIALLY conversations are very slow. Depsite all those cons, I DO still recommend it.  The game felt very influenced by others in the genre from the late 90s (Broken Sword and Phantasmagoria in particular, although without the dreadful FMV of the latter) that I appreciated.  So long as you approach it realising that it has many of the older pitfalls of this genre, I think you will still enjoy it...I certainly did.","['Adventure', 'Point & Click', 'Mystery', 'Atmospheric', 'Horror', 'Story Rich', 'Dark', 'Singleplayer', 'Puzzle', 'Classic', 'Gothic', 'Third Person', 'Great Soundtrack']",Very Positive,"Future Games,Unknown Identity",4,3,4,3,positivo
jinnantonix,76561197984269843,Black Mirror I,"I don't know how I missed this game the first time around.  And the $9.99 asking price for a game that's 12+ years old is a little ambitious, but I feel it is well worth the price. Overall, it's a pretty straight-forward point-and-click adventure.  You're the prodigal relative who has returned to the manor after many years of self-imposed ostracism.  William (your uncle or brother or dad, something like that) has died under mysterious circumstances and you take it upon yourslef to find out what has happened. It's kind of a modern analog for ""The Witness"" or ""Deadline"" or ""Suspect"", except that it's a touch more linear.  If you remember those games then you like a good mystery.  There are some interesting puzzlers here, nothing too tough.  But truly the plot here is interesting and compelling.  You interact with a lot of characters and you have an opportunity to ask them a ton of questions.  And the characters are written as though they are real people -- that is, they don't see their function in the game as forwarding the plot.  They have personalities, they lie, they have their own interests that they pursue.  They don't just sit there and give you information. Part thriller, part horror, part mystery, this game makes the hours go quickly.  I haven't even finished it yet at 6.3 hours. As I wrote before, there are some tedious moments that haunt all point-and-click adventures.  You really have to be careful whisking the mouse around the screen or you'll miss something.  And sometimes you'll like at something fifty times by left clicking on it and then, for snicks, right click and there comes the solution. Truly, $9.99 was asking a lot for this game.  I got it at a heavily discounted price.  But overall I wouldn't be disappointed if I had paid full price for it.  I can't say the same for its sequels.  But spend some time with this little gem.  Well worth it and you will feel satisfied. A shame all modern games can't pay more attention to this story and plot that this game has and spend less time on the flash and dazzle of graphics. Highly recommended!","['Adventure', 'Point & Click', 'Mystery', 'Atmospheric', 'Horror', 'Story Rich', 'Dark', 'Singleplayer', 'Puzzle', 'Classic', 'Gothic', 'Third Person', 'Great Soundtrack']",Very Positive,"Future Games,Unknown Identity",5,4,4,2,positivo
Artemur,76561198164016063,Black Mirror I,"There is no too much to say. this game is a point and click adventure game classic and adventure games fans must play this game and sequels. if you don't mind bad voice acting and some technical issues, if you like gothic horror stories and some mystery, don't hesitate to try this game. no need to mention this game's gorgeously drawn pre rendered backgrounds, eerie soundtrack and dark/immersive atmospehere.","['Adventure', 'Point & Click', 'Mystery', 'Atmospheric', 'Horror', 'Story Rich', 'Dark', 'Singleplayer', 'Puzzle', 'Classic', 'Gothic', 'Third Person', 'Great Soundtrack']",Very Positive,"Future Games,Unknown Identity",4,3,5,2,positivo
Sorenn,76561198077378264,Black Mirror I,"This game is a point and click style game with a horror theme.  You play as Samuel Gordon, the heir to an ancient estate called Black Mirror.  The main character is voiced by none other than Anthony Daniels of C3P0 fame.  As Samuel Gordon you must investigate a series of unsettling murders and delve into the ancient history of the Gordon family.  You get to do fun things like lie, steal and order servants about imperiously in the course of your investigations.  The gameplay is a bit tedious as you must exhaust all possible dialogs and do exactly the right thing before the game will let you progress.  It takes about 15-20 hours to complete.  There are lots of interesting puzzles that one can solve with a little bit of thinking - the puzzles are very well done.  I think the story was pretty decent with tension that builds gradually as the chapters progress.  There is a bit of a twist in the plot.  I recommend saving frequently as once or twice I managed to die and lose a lot of progress.  I did have trouble with a based puzzle I give this game 7 out of 10.  I bought it on sale for three dollars and it was worth the money.  Not as good as The Longest Journey, but better than Nibiru.","['Adventure', 'Point & Click', 'Mystery', 'Atmospheric', 'Horror', 'Story Rich', 'Dark', 'Singleplayer', 'Puzzle', 'Classic', 'Gothic', 'Third Person', 'Great Soundtrack']",Very Positive,"Future Games,Unknown Identity",4,3,4,3,positivo
J3ST3R,76561198011233147,Black Mirror I,"The story is OK...but BEWARE! This is an old game now. One that I never got around to play when it first came out. I was eager to see what I had missed. After completing it I sit with somewhat mixed emotions about the whole experience, and here's why: The game is old so don't expect high resolution graphics or smooth animations. I'm sure this was on par with the time it came out and in no way does it ruin the experience much playing it today. Everything seems to be moving a bit slowly though. The story itself is intriguing and interesting and left me wanting to figure out what happened and how and was one of the main reasons I stayed in it to the end. Unfortunately at the conclusion I felt quite disappointed. A lot of mystery built up around the events in the game was left unanswered and it also felt quite anticlimactic. I felt the characters in the game could have been fleshed out more and made more interesting but you can tell they at least tried. Voice overs ranged from good to bad. While some had emotion and charm, others had as much charisma as an empty pack of cigarettes. And most dialogue was slow and tedious. And there is a lot of dialogue in this game, so if you don't like that you are in trouble. I don't mind a lot of dialogue if it tells a good story and keeps being interesting, but here I felt several times it could have been shortened or made a bit more exciting. The worst parts were probably the voiced written notes/books you find from time to time. Some of them took forever. Luckily you can read them faster and skip through the dialogue. What buggers me the most about this game is some of the game design decisions. For the first time, that I can remember, I managed to save my game in the absolutely worst place possible and was unable to continue playing the game, unless I would do a whole lot over again. And it is far from obvious that it would be a fatal place to save. The frustration was noticable seeing I had invested about 7 hours in the game at the time. Fortunately I could find a save online at that very spot and was able to finish the game. So yes, in this game you can actually die, so remember to save often, and use several saves. I'll share the details (as spoilerfree as possible) at the end of the review for the ones who wants to be forewarned. The other extremely frustrating game design choises are several instances where you need to get help from one of the characters and they need time to complete the task for you. This leaves you to wander around aimlessly as there is no way to progress any other part of the story until that task is completed. And sometimes it takes forever. You can be wandering from scene to scene for a good long time, come back to the character, only to be told he/she isn't done yet and you have to continue wandering around. What the hell were they thinking? Does anybody EVER like to be left with nothing to do when they play a computer game? The worst part is that this happens several times. Also, you can be pixelhunting in a screen, not being able to pick anything up, only to be sent back later to pick up these exact same objects. Not only that, but you have to go back to screens picking up items that wasn't even marked when you were there the first time. Try to make a note of what you can see in the various screens so you will have a bit easier way of finding them when you are tasked with that. Some items are also very hard to spot whether they are active or not and that will certainly cause some hunting through several large areas. Several puzzles in this game are the same sort of puzzles you expect to find in a Hidden Object game (not cluttered screens though) and feel a bit cheap. I enjoy puzzles like that but expect a bit more from ""real"" adventure games. I did experience a few bugs too, but not to much of a problem. The pointer disappeared a couple of times and could only be fixed by closing the game in the task manager and loading the last save. Alt-TAB may cause the game to crash. Overall I can't really recommend this game. It is slow, riddled with horrible game design choices and quite frankly it is a bit old. If you are a true adventure fanatic you might enjoy it, but there are so many games that are way better than this. I'd rate it at 4/10 Now for the details that can save your day if you are playing this game. A slight SPOILER ALERT is in order, so be careful not to read on if you feel confident this won't affect you: -There is an instance where you come out of  a mine and see a padlocked gate in front of you. Before doing anything at all you should save your game right away. Then, the smart thing to do is to look a bit closer at that padlock before doing any actions! Hopefully you won't get stuck right here like I was, but if you are there is a link to a save game you can find here on the Steam community pages. Happy gaming :o) TJ","['Adventure', 'Point & Click', 'Mystery', 'Atmospheric', 'Horror', 'Story Rich', 'Dark', 'Singleplayer', 'Puzzle', 'Classic', 'Gothic', 'Third Person', 'Great Soundtrack']",Very Positive,"Future Games,Unknown Identity",3,2,4,3,negativo
Maliceff,76561198015052897,Black Mirror I,"A nice, rich horror story that will keep your attention.  The puzzles were decent and the characters were interesting.  The story actually had depth which kept me playing to see what twist I would encounter next.  Had some trouble with crashing when i first played... then came back to it a couple of weeks later and absolutely not one crash...*head scratch*. So just make sure to save frequently as there are certain parts where you can actually die!  A really nice feature in this point and click is the map which not a lot of point and click games give the players.  That and also Samuel wont leave an area if everything he needs for a puzzle is in that particular area which saved me often from searching for a piece of a puzzle in the wrong place. So now what I didnt like... there are some parts where you have to wait on characters to do something for you.  When I say wait... I really mean wait.  There is no other task to do.  You simply have to keep checking to see if they are done.  Sometimes when you click on an object, Samuel will say it isnt interesting... however right click and all of a sudden he finds something interesting about it!  I do suggest if you left click and the object stays red... try to right click.  Also sometimes I would be stuck on some task to realize that once you need something it can magically  be clicked when it couldnt be clicked before.  Sometimes this led to meticulously scanning areas over and over when stuck.  Some of the puzzles were really hard.  I really dont like to... but at times I had to refer to a walkthrough because I didnt understand what I was supposed to do. Overall though, I do recommend and cant wait to play the next 2 installments!","['Adventure', 'Point & Click', 'Mystery', 'Atmospheric', 'Horror', 'Story Rich', 'Dark', 'Singleplayer', 'Puzzle', 'Classic', 'Gothic', 'Third Person', 'Great Soundtrack']",Very Positive,"Future Games,Unknown Identity",4,3,4,3,positivo
[FOR]mica,76561197992856964,Black Mirror I,"Hilariously wooden voice acting (seriously: check youtube), and it's unfortunately starting to show its age in terms of interface design -- the options screen has two volume sliders and a gamma control and nothing else, and the game tends to freeze if I alt tab out.  That said, its sequels are amazingly good, and have a different protagonist entirely.  Play Black Mirror 2 and 3 first, get invested in all the characters, and only then decide if you want to play this rusty prequel about Samuel Gordon. Access the menu by hovering over the top right corner of the screen, inventory by hovering over the bottom.  Tab to highlight things you can interact with in the room.  You're welcome, I lost my first 20 minutes of play by alt-tabbing to search the forums for where the save button was...","['Adventure', 'Point & Click', 'Mystery', 'Atmospheric', 'Horror', 'Story Rich', 'Dark', 'Singleplayer', 'Puzzle', 'Classic', 'Gothic', 'Third Person', 'Great Soundtrack']",Very Positive,"Future Games,Unknown Identity",3,2,4,3,neutral
lex,76561198083289730,Black Mirror I,"Ok another great game gem, BUT... it is not a game for the people who like to rush from scene to scene. This game has some (awkward) dialogues that MUST be completed and ... how shall I put this... the characters speak as if they are on some kind of sleep medicine, so dialogs tend to take some time. If you think you can stumach the slow dialogs then this game won't disapoint you, it has a nice storyline to it, lots of great scenery to be explored and some nice puzzles to it. All in all I enjoyed this game a lot and would rate it an 8/10!","['Adventure', 'Point & Click', 'Mystery', 'Atmospheric', 'Horror', 'Story Rich', 'Dark', 'Singleplayer', 'Puzzle', 'Classic', 'Gothic', 'Third Person', 'Great Soundtrack']",Very Positive,"Future Games,Unknown Identity",4,3,4,3,positivo
underdog1121,76561198056267938,Black Mirror I,"-before update- Dispite my best attempts to enjoy this game, I realize that in it's current state I can't enjoy it. The game has major audio issues which usually are followed by a crash. The game is seriously bugged and certain dialogs that cause the crash cannot be skipped. This left me pretty early in the game unable to advance due to not being able to complete important steps. Hope this helps others edit: the game has been patched and now works properly so far. I'm changing this to a yes because of the simple fact that the devs took the innitiative to fix it :)","['Adventure', 'Point & Click', 'Mystery', 'Atmospheric', 'Horror', 'Story Rich', 'Dark', 'Singleplayer', 'Puzzle', 'Classic', 'Gothic', 'Third Person', 'Great Soundtrack']",Very Positive,"Future Games,Unknown Identity",3,2,4,2,neutral
lddake,76561198197234309,Black Mirror I,"Gotta say, didn't really like this game. It wasn't bad bad, I mean I did finish it and it's sequels are both good, but honestly they are the main reason I did finish it. I like playing games in order like that. First of all, you're going to want to turn the dialogue off and read the subtitles instead, because the voice acting is that bad lol. At least it's playable if you don't have to hear that. The other main complaint of the game I have is that some of the puzzles are really not very intuitive... I mean I am a meticulous game player when it comes to things like this and still had to consult a walkthrough a couple times where the solutions were just bizarre. But they did improve upon that in the sequels so that's good. If I had felt that this game was necessary backstory for those games this would be a recommended review, as it stands I don't think it is. All in all I give the game a 4 out of 10 for a score. Not good, but not horrible. buy at your own risk.","['Adventure', 'Point & Click', 'Mystery', 'Atmospheric', 'Horror', 'Story Rich', 'Dark', 'Singleplayer', 'Puzzle', 'Classic', 'Gothic', 'Third Person', 'Great Soundtrack']",Very Positive,"Future Games,Unknown Identity",2,3,3,4,negativo
TheStoryteller01,76561197989421071,Blackbay Asylum,"2/10 lock it up! Seriously, I have no idea where the ""mostly positive"" reviews come from. Apart from the FPS problem (which I have on my windows 10 PC, but not on my 2nd old machine - at least not to the amount of unplayability) there's nothing you haven't seen yet in better overall quality elsewhere - from graphics over scares to puzzles. The graphics ARE terrible and the switch between topdown and 1st person constantly breaks the atmosphere without adding any benefits to the gameplay. The whole ""concept"" seems to come from an engine or developer inability to create the whole game in 1st person (memory usage maybe?) Still the developer shows some solid skills in storytelling, puzzle creation and atmosphere, the whole game built as an Amnesia custom story mod would have been pretty popular imo. So I just hope the developer invested the revenue in a better engine and creates something more worthwhile in the future.","['Adventure', 'Indie', 'Horror', 'Gore', 'Puzzle', 'Lovecraftian', 'Comedy']",Mostly Positive,TAD Productions AB,4,1,2,3,negativo
lddake,76561198197234309,Blackbay Asylum,"All in all, I can't recommend this game. Not that it is a horrible game by any stretch, just not my cup of tea I guess. I got it on sale for 5$ however and if you are lucky enough to grab that up then maybe. I think I'd actually be upset had I paid full price for it. Blackbay Asylum is a horror game set in asylum, and while asthetically that appealed to me I think the game designers could have done a better job with it's execution. But that isn't what they are all about either... It seems like their whole attitude about this game was to make it as over the line as they could...right down to the disclaimer on the opening screen. One of the things I like most about this game is that the (hero?) is such an... unlikeable; or even evil character. I thought that was a pretty interesting spin on it and was anxious to give that a shot. The menus and dialogue are intuitive and easy to use; it's not really a hard game to play. The biggest reason I'm not recommending this game is because of the flow of the game. The game goes from a move at your own pace speed of game to a do this now or die speed with little to no warning at times. And when you have to redo an entire chapter because you weren't quite quick enough to figure that out it's a little annoying. Some of the puzzles in this game are easy, some of them a bit more challenging; and some of them are downright bizarre and not intuitive at all. I play a lot of video games and really very seldom have to look to community guides for help, but I did have to in here. And in all fairness even after having the answer I could say yeah, I never would have thought of that. Overall I'd rate this game about a 5 out of 10. I wish they had a step between recommend and not because to me this is neither really. It's not a horrible game, just not a good one. If you're interested, get it on sale and give it a shot. To me it would not be worth 20$ though.","['Adventure', 'Indie', 'Horror', 'Gore', 'Puzzle', 'Lovecraftian', 'Comedy']",Mostly Positive,TAD Productions AB,3,3,4,3,neutral
Skarhead,76561197972442783,Blackbay Asylum,"Others have had issues with running on Windows 10.  I had no problems at all.  Windows 10 Pro 64, GTX 960m, Intel i7; Dell Inspiron 15 7000 series laptop.  I did set the launcher to run under XP SP3 Compatability mode, this helped with running stable.  The only issues I had a few times was trying to use an item the game did not register my clicking the mouse.  A reboot of the game fixed it fine; only happened a few times.  I never had any FPS issues or crashes running fullscreen 1920x1080. I would highly encourage people to pick this up on sale.  At full price I'd be careful since support is limited/not there.  But if it runs for you it's very enjoyable.  Simple fun adventure/horror gameplay.  The puzzles are not too hard at all and story is pretty cool, very Lovecraft.  The developer did a great job with this game, just wish there was ongoing support for the issues people have run into; however I had none (just the random clicking one).","['Adventure', 'Indie', 'Horror', 'Gore', 'Puzzle', 'Lovecraftian', 'Comedy']",Mostly Positive,TAD Productions AB,4,4,4,2,positivo
kokiri1232,76561198129936651,Blackbay Asylum,"Blackbay Asylum is a unique funny and creepy horror game. You play as Doug Dunaheiw. A convicted mass murderer and psychopath at blackbay asylum. Doug is sitting in his cell writing a farewell letter to his stuffed bear Teddy, as Doug is about to get exploratory surgery. Just then Doug discovers that his cell door is unlocked and the hospital appears to be abandoned. But why? Now this game is dark, but all so has comedy mostly it comes from Doug’s dialogue. The game can get pretty gory and disturbing. The puzzles are okay, but can get annoying some times, and the ending kind of sucked. But here is what I liked about this game. I liked the dark comedy. Liked the lovecraft references and themes. The puzzles were okay, but again can get annoying. Liked the looks of the monsters too. Now for what I did not like. Some of the puzzles and the ending, It’s not so bad just could have be better. So if you want gory dark lovecraft comedy with a creepy atmosphere this game is for you.","['Adventure', 'Indie', 'Horror', 'Gore', 'Puzzle', 'Lovecraftian', 'Comedy']",Mostly Positive,TAD Productions AB,4,3,4,3,positivo
Nick,76561197968070055,Blackbay Asylum,It feels like this game is held together by scotchtape and I love it. It has cult hit written all over it. It's like a higher res playstation 1 game. It's a horror game with some oddball humor where you're the psychopath protagonist. You can see the constraints the creator had to work with and he squeezed every drop out of it. It's a labor of love.,"['Adventure', 'Indie', 'Horror', 'Gore', 'Puzzle', 'Lovecraftian', 'Comedy']",Mostly Positive,TAD Productions AB,4,4,4,3,positivo
Pale Dolphin,76561198005271335,Blackbay Asylum,This crap runs at 10 FPS on an i7. Phenomenal.,"['Adventure', 'Indie', 'Horror', 'Gore', 'Puzzle', 'Lovecraftian', 'Comedy']",Mostly Positive,TAD Productions AB,1,1,2,2,negativo
SocioPsycho,76561198022820771,Blackbay Asylum,"Blackbay Asylum, is a puzzle adventure game, with a horror based theme. The game may have a spook feeling to it, but it does not go out of its way to scare you. While yes, their is much gore in the game its not so graphic that you should be having issue with it.  Their are no jump scares in the game nor should their be as its an adventure, puzzle based game and horror is not their goal. The game is littered with puzzles, and yet you don't see the same one twice, sure I may come across a door that's locked and need to find the code but each time I need to find the code for the door the process is different. The voice acting will not win any awards, and the cut scenes while all skip able are simple and short, broken up enough not to be an issue, or take you out of your immersion. They add to the experience and take nothing away, its very important to state the game does not hold your hand. The last time I took so many notes while playing an adventure, puzzle game I was playing Kings Quest over 14 years ago. The game is designed well in its levels and puzzles and how it combine's the two. Does it have some issues with lack of options menu, yes, but besides some minor set backs, over all I found the game very challenging. It is an easy recommend but just make sure you don't mind taking notes and working for your progression, other wise you wont last five minutes.  Thanks for your viewership, for more reviews be sure to check out the channel here.","['Adventure', 'Indie', 'Horror', 'Gore', 'Puzzle', 'Lovecraftian', 'Comedy']",Mostly Positive,TAD Productions AB,3,4,3,4,positivo
DarianBax,76561198055459793,Blackbay Asylum,"Just finished the game recently. If you like horror, dark humor and adventure presented in a special way. I immensely recommend it. Blackbay Asylum is as far away from the boring and bland AAA games as it can get. A totally new expirience that will leave you in awe. Of course it has some flaws, such as extremely hard puzzles and some weird design choices, but that too made it so special. As soon as you start it will just suck you in. It will make you laugh, cringe, and fight your way through both puzzles and monsters alike. Waiting for the sequel.","['Adventure', 'Indie', 'Horror', 'Gore', 'Puzzle', 'Lovecraftian', 'Comedy']",Mostly Positive,TAD Productions AB,4,4,5,4,positivo
Valdi,76561198047533476,Blackbay Asylum,Feck Windows 10 !,"['Adventure', 'Indie', 'Horror', 'Gore', 'Puzzle', 'Lovecraftian', 'Comedy']",Mostly Positive,TAD Productions AB,1,1,2,2,negativo
那哈莽行咒,76561198318964928,Blackbay Asylum,Frightening game. Proper BGM. The graphic is not much fluent though. Still recommend.,"['Adventure', 'Indie', 'Horror', 'Gore', 'Puzzle', 'Lovecraftian', 'Comedy']",Mostly Positive,TAD Productions AB,3,3,4,2,positivo
Hamburger! N00BS welcome!,76561197972483399,Blackbay Asylum,"Could have been something great, but it just isn't. This game is a great lesson in how some other puzzle games are so fantastic. This game has GREAT atmosphere, and a really interesting ""first person switching to top-down"" dynamic... I could even go as far as to say the puzzles are pretty good. But a good puzzle game gives you something to go on... this game left me feeling lost on almost every.single.puzzle. Games like portal had a way of guiding the eye towards what might be a clue -- this game leaves you to pixel-hunt over and over and over. if you don't press space is the exact right spot you won't even know an object is the ONLY OBJECT YOU CAN INTERACT WITH TO PROCEED. 99.9% of the objects in the game do nothing and are just decoration, but scattered among them are objects that are of critical importance and there is NOTHING that suggests their significance until you've picked them up. I wanted to play thru this game, but in the end, I'm just going to watch a ""Let's play"" online and leave it at that. Bleh.","['Adventure', 'Indie', 'Horror', 'Gore', 'Puzzle', 'Lovecraftian', 'Comedy']",Mostly Positive,TAD Productions AB,2,2,4,4,negativo
[DSDIZZT] Lalle75(GER),76561197984785481,Blackbay Asylum,"A very nice game in the Lovecraft universe. The view is mostly from above, sometimes it changes to the 1st person. The puzzles are solvable even for untrained people. But for players, who are not english native speakers (like myself), one or two of the puzzles are a little tricky. Another important thing: There are no savegames. The game only stores the completed chapter, so you have to start every chapter from the beginning, which takes about 15-30 minutes to complete. But if you love Lovecraft (nice wordplay, isn't it?) and the Cthulhu stories, you shouldn't miss this game. I don't know, if it is worth 20 Euros, but for 75% off, it is absolutely buyable.","['Adventure', 'Indie', 'Horror', 'Gore', 'Puzzle', 'Lovecraftian', 'Comedy']",Mostly Positive,TAD Productions AB,4,3,4,3,positivo
bananaSplif,76561198002355790,Blackbay Asylum,"Really nice game with lots of riddles and puzzles. I play it for these and not really for the gore, but I'm still laughing at all the dark humor thrown my way. Also it's not really scary, you won't have (a lot) of scare jumps playing it and I find it surprinsgly peaceful, but it's true there are quite a few limbs and brains lying around in a bloody mess.","['Adventure', 'Indie', 'Horror', 'Gore', 'Puzzle', 'Lovecraftian', 'Comedy']",Mostly Positive,TAD Productions AB,4,4,3,3,positivo
jinnantonix,76561197984269843,Blackbay Asylum,"All in all, I'd have to pass on this one.  If you have the chance to purchase this at $5 or so then I'd give it a whirl. Where to start?  It's an interesting concept, using a mental asylum as the backdrop.  A serial killer who's the protagonist.  Find your way out of the asylum and figure out what's going on. It's a concept that has been done before, and better -- Asylum I & II (Med Systems Software) in the 1980s, Sanitarium in the 1990s (available at various websites).  Radio Shack had a ghetto version of the asylum thriller called ""Bedlam"", it wasn't that good. The view is from above, and is basically a pixel hunt and a challenge of paying attention.  It's gruesome at times, inappropriately funny at others, sometimes just plain obscure.  Some of the puzzles are easy, some more complicated. I think that the main reason I would recommend against this game is the lack of a save feature.  You have to start at the beginning of a chapter each time you play.  This gets tedious.  Would it really have been that hard to add a save option? The whole testosterone-fueled, inappropriately humorous game was played out by Duke Nuke'em.  The humor in this game isn't really so juvenile as it is unnecessary.  It adds nothing to the experience.  Much of the humor is merely recycled cliches in one way or another. So, if I look at all the moments of my life as being precious and if I want to make sure that I don't waste those moments, I have to say no about this game.  All in all, it isn't that bad.  It just isn't that good.","['Adventure', 'Indie', 'Horror', 'Gore', 'Puzzle', 'Lovecraftian', 'Comedy']",Mostly Positive,TAD Productions AB,2,2,3,3,negativo
lime,76561198009690713,Blackbay Asylum,"Update: after much trouble managed to stabilize the game, glad I did as it has its gory, creepy charm Developer won`t fix the game for Windows 10 so beware,","['Adventure', 'Indie', 'Horror', 'Gore', 'Puzzle', 'Lovecraftian', 'Comedy']",Mostly Positive,TAD Productions AB,3,3,4,2,positivo
CndnPhoenix,76561198001072955,Blackbay Asylum,"I am SO glad I bought this game. I was reluctant, because I don't think murder, or such, is very funny. However, these guys have somehow done it ""right"" and I am really having fun with this game. This is essentially a puzzle and adventure game. It's clever and smart and entertaining. There are ten chapters in all, some are short, some are longer.  It is also a horror game, and had me shaking in my boots in at least one part. At the time of this writing, I am 4/5th of the way thru the game but I could not wait a moment longer to put my praise for this game down in writing. 10/10 and two bloody thumbs up!","['Adventure', 'Indie', 'Horror', 'Gore', 'Puzzle', 'Lovecraftian', 'Comedy']",Mostly Positive,TAD Productions AB,5,5,4,3,positivo
Marhados,76561197978273353,Blackbay Asylum,"really cool !!! im sad about one thing = too short. Horror, gore, serial killer and asylum always make a good recipe. refreshing game that prove graphics arent everything.","['Adventure', 'Indie', 'Horror', 'Gore', 'Puzzle', 'Lovecraftian', 'Comedy']",Mostly Positive,TAD Productions AB,4,4,5,3,positivo
Just Me ♥,76561197971649042,Blackbay Asylum,Playing this makes you wish for a lobotomy.,"['Adventure', 'Indie', 'Horror', 'Gore', 'Puzzle', 'Lovecraftian', 'Comedy']",Mostly Positive,TAD Productions AB,2,2,4,3,negativo
MrMuse,76561197991657927,Blackbay Asylum,Completely unplayable with windows 10 despite its ancient graphics. If you have windows 10 dont even consider it.,"['Adventure', 'Indie', 'Horror', 'Gore', 'Puzzle', 'Lovecraftian', 'Comedy']",Mostly Positive,TAD Productions AB,1,0,2,2,negativo
rjazz2,76561198006849221,Blackbay Asylum,"I really liked this game. Good length (hehe) and the anti-hero is a hoot.  It needs more cowbell though. And by cowbell, I mean sequel.","['Adventure', 'Indie', 'Horror', 'Gore', 'Puzzle', 'Lovecraftian', 'Comedy']",Mostly Positive,TAD Productions AB,4,4,4,2,positivo
Lord Dyran,76561197973052125,Blades of Time,"Pretty good.  It looks, at first, like the gameplay is just going to be another boring God of War clone, but it adds some interesting tactical ideas ... sometimes it gets a little too frenetic and confusing, though. You will probably run into a couple bugs, though - at one point, I got knocked down by an enemy and then I just vanished.  Couldn't control or anything.  So I tried to restart the checkpoint and the entire game crashed.  A little annoying, definitely.","['Action', 'Female Protagonist', 'Hack and Slash', 'Adventure', 'Third Person', 'Singleplayer', 'Fantasy', 'Spectacle fighter', 'Character Action Game', 'RPG', 'Time Manipulation', 'Multiplayer', 'Controller', 'Nudity']",Very Positive,Gaijin Entertainment Corporation,3,3,4,3,neutral
Edgeworth,76561198025321433,Blades of Time,"It is hard to write a small review about a game that you are enjoying in some aspects but despising in others. I will keep it as short and simple as possible: Pro: -Gorgeous Environments, for the most part. -An (also for the most part) decent voice acting in all available languages (japanese best tho.) -Large Variety of Enemies with some fresh ideas -Good Animations -Nice Time Rewind Mechanic -Actually fun puzzling -A decent fighting system with awesome magic skills... Con: -...which sadly lacks ANY impact in normal swordfighting (not magic) due to horrible sound effects and just not really good audiovisual feedback. Seriously, for the most part it sounds like you would try to rub cardboard swords against a cardboard enemy. Often you can't tell if your attacks stagger an enemy or if he attacks back. -The controls, while fluid for the most part, just infuriate sometimes. WHY does the character stop after a jump, so you have to wait a second to run on? That just doesn't fit the gameplay. Same with dashing. -Some annoying glitches (rare though. I clipped through the ground twice, which is not gamebreaking but annoying.) -Horrible, horrible...HORRIBLE cutscenes. The characters move and act like paper. The voice acting, like stated in pro, is alright though. -While, like stated in pro, the environments and enemies are often enjoyable and lush, there are WAY too many muddy textures that should just not have been there. It really drags down the otherwise beautiful scenery. In the end it is still recommendable if you can overlook the lacking impact of fighting and some of the above issues. It is still fun, and while you will often shake your head about issues, the game is still...just, fun. Simple fun that the issues won't take away - luckily. Personal Score: 7,5/10","['Action', 'Female Protagonist', 'Hack and Slash', 'Adventure', 'Third Person', 'Singleplayer', 'Fantasy', 'Spectacle fighter', 'Character Action Game', 'RPG', 'Time Manipulation', 'Multiplayer', 'Controller', 'Nudity']",Very Positive,Gaijin Entertainment Corporation,3,3,4,2,positivo
SUPERCELL,76561198134119533,Blades of Time,boobies,"['Action', 'Female Protagonist', 'Hack and Slash', 'Adventure', 'Third Person', 'Singleplayer', 'Fantasy', 'Spectacle fighter', 'Character Action Game', 'RPG', 'Time Manipulation', 'Multiplayer', 'Controller', 'Nudity']",Very Positive,Gaijin Entertainment Corporation,1,3,2,2,neutral
AgentSmith,76561198040588966,Blades of Time,"Not a bad hack and slash game.  Early game play is hampered by cutscenes and exposition.  Other than that and ""partial"" controller support the game is pretty solid.","['Action', 'Female Protagonist', 'Hack and Slash', 'Adventure', 'Third Person', 'Singleplayer', 'Fantasy', 'Spectacle fighter', 'Character Action Game', 'RPG', 'Time Manipulation', 'Multiplayer', 'Controller', 'Nudity']",Very Positive,Gaijin Entertainment Corporation,2,4,3,3,positivo
RiceSaki,76561197996481059,Blades of Time,Fun gameplay. Lacks a well thought out story.,"['Action', 'Female Protagonist', 'Hack and Slash', 'Adventure', 'Third Person', 'Singleplayer', 'Fantasy', 'Spectacle fighter', 'Character Action Game', 'RPG', 'Time Manipulation', 'Multiplayer', 'Controller', 'Nudity']",Very Positive,Gaijin Entertainment Corporation,2,4,3,3,positivo
BLove,76561198070516394,Blades of Time,"This game is a lot of fun and is not to be taken seriously. The voice acting is atrocious, full of unintentional comedy. It is a God of War clone with a second string Lara Croft in the lead complete with English accent (or maybe Australian? either way terrible and inconsistent and hilarious.) Story is disjointed and incoherent, but still fun. It's a B-movie in a game with high production standards. Give it a try if you can find it for cheap.","['Action', 'Female Protagonist', 'Hack and Slash', 'Adventure', 'Third Person', 'Singleplayer', 'Fantasy', 'Spectacle fighter', 'Character Action Game', 'RPG', 'Time Manipulation', 'Multiplayer', 'Controller', 'Nudity']",Very Positive,Gaijin Entertainment Corporation,2,4,3,2,positivo
BananaGore,76561198108766637,Blades of Time,A fun distraction with a few good ideas here and there. You play as a barely-clother-warrior-woman who controlls time and elemental magic. Trapped inside a different and strange world you try to escape. Along the way you become stronger than ever. + Time powers & magic + Fun puzzles (most of the time) + Lots of hacking and slashing + Some stages look great + Animations are sometimes so bad they're funny + Varied enemies - Somewhat weak story with pacing issues - Voices are a bit off - That one sphere puzzle near the end - Too many flashy effects - Due to camera positions it's sometimes hard to see what's going on,"['Action', 'Female Protagonist', 'Hack and Slash', 'Adventure', 'Third Person', 'Singleplayer', 'Fantasy', 'Spectacle fighter', 'Character Action Game', 'RPG', 'Time Manipulation', 'Multiplayer', 'Controller', 'Nudity']",Very Positive,Gaijin Entertainment Corporation,2,4,3,3,positivo
RandalMcdaniel,76561197968560421,Blades of Time,One of those games you play and you are like.. wait wtf is this game?? How have i not seen it before? And you become obsessed with it. Great graphics and gameplay. Runs good too,"['Action', 'Female Protagonist', 'Hack and Slash', 'Adventure', 'Third Person', 'Singleplayer', 'Fantasy', 'Spectacle fighter', 'Character Action Game', 'RPG', 'Time Manipulation', 'Multiplayer', 'Controller', 'Nudity']",Very Positive,Gaijin Entertainment Corporation,3,5,4,3,positivo
H3R3T1C_ZA,76561198046035469,Blades of Time,Awesome game! Must have for all! Annoying dialogue and monologue by main character though!,"['Action', 'Female Protagonist', 'Hack and Slash', 'Adventure', 'Third Person', 'Singleplayer', 'Fantasy', 'Spectacle fighter', 'Character Action Game', 'RPG', 'Time Manipulation', 'Multiplayer', 'Controller', 'Nudity']",Very Positive,Gaijin Entertainment Corporation,3,4,4,3,positivo
Colonel Boobalicious,76561197995694918,Blades of Time,Gameplay was fun. Story was hot garbage.,"['Action', 'Female Protagonist', 'Hack and Slash', 'Adventure', 'Third Person', 'Singleplayer', 'Fantasy', 'Spectacle fighter', 'Character Action Game', 'RPG', 'Time Manipulation', 'Multiplayer', 'Controller', 'Nudity']",Very Positive,Gaijin Entertainment Corporation,1,4,3,2,negativo
Suma,76561198073648775,Blades of Time,WOW!!!,"['Action', 'Female Protagonist', 'Hack and Slash', 'Adventure', 'Third Person', 'Singleplayer', 'Fantasy', 'Spectacle fighter', 'Character Action Game', 'RPG', 'Time Manipulation', 'Multiplayer', 'Controller', 'Nudity']",Very Positive,Gaijin Entertainment Corporation,3,5,4,3,positivo
Pinki Nogami,76561198245102774,Blades of Time,...,"['Action', 'Female Protagonist', 'Hack and Slash', 'Adventure', 'Third Person', 'Singleplayer', 'Fantasy', 'Spectacle fighter', 'Character Action Game', 'RPG', 'Time Manipulation', 'Multiplayer', 'Controller', 'Nudity']",Very Positive,Gaijin Entertainment Corporation,3,4,4,3,positivo
Adrian,76561198007471259,Blades of Time,"Good game, 8/10! Fast action, nice levels, and some quite unique fighting features like the time clones (several of your recent version are seen and can and sometimes have to attack the same enemy to bring them down!) Also, the desert level with deadly sun rays was a nice example of well made level design. Some cool combos and nice graphics. Recommended! DLC is not recommended if its not already included.","['Action', 'Female Protagonist', 'Hack and Slash', 'Adventure', 'Third Person', 'Singleplayer', 'Fantasy', 'Spectacle fighter', 'Character Action Game', 'RPG', 'Time Manipulation', 'Multiplayer', 'Controller', 'Nudity']",Very Positive,Gaijin Entertainment Corporation,3,4,4,3,positivo
Sidetrackx,76561198232979232,Blades of Time,"I came to play a good hack and slash and this game truly did deliver that, truly a surprise. Some things will make you laugh if you give this game a chance, I want to be the first to say how often she breaks the 4th wall i found this hilarious cause as she figures things out she is talking out loud to you so you get it as well....Good laughs people!! The combat to me is very fun giving you basic combos to power stronger moves to max out and blast anything standing near you, a good dash button that most hack and slash should have but hate you too much to let you have it, I'm lookin at you Devil May Cry! You can use the target button and dash to get to almost any enemy even in the air and do some enemy hoppin and slashin, and i didnt even talk about using time powers yet!! With your time powers you can change the meaning of bullet time cause you can time jump yourself till there is a squad of blonde girls shooting up the place, She knows how to party! The only downside is the puzzles, some are cute using time jumps but they dont give clues here so my advice? go over your powers and use compass! Story is okay not the best but not bad but what did you expect from a game where you are a blonde girl named ayumi and likes dressing in sexy tight clothes,guns,swords and time to spare?","['Action', 'Female Protagonist', 'Hack and Slash', 'Adventure', 'Third Person', 'Singleplayer', 'Fantasy', 'Spectacle fighter', 'Character Action Game', 'RPG', 'Time Manipulation', 'Multiplayer', 'Controller', 'Nudity']",Very Positive,Gaijin Entertainment Corporation,3,4,4,2,positivo
buchecker,76561198006884898,Blades of Time,"Horrible Story (protagonist slaughters everyone in an area she has been in for 5min and then complains it being like a prison later), Identification with the main characters motives is almost impossible. Now you may say this is not an RPG or VN or stuff. Its H&S and story isnt all that important!! Well it seems combat wasnt that important for the development either. Its repetetive, boring and non rewarding. It comes down to getting those QTEs right and keep spamming the time rewind feature which gets utterly boring after it has been forced on you for the umptieth time for some brainless puzzle. Its also sometimes hard to tell weather what you are doing works on bosses which for i guess forced puzzle gameplay reasons are also often immune the rifle. Speaking of puzzles. Those are either simple or completely inane (jumping through whirling blades/lasers that will 1 hit you, atleast you can usually try it again right away, but they are still exteremly annoying.) The environment are also no master piece. Long stretches of just running around the scenery(extremely linear) interrupted by occasional fights and popping the compass to find hidden treasures (which sounds alot more exciting than it actually is) Multiplayer is dead and playing Outbreak mode by yourself gets old pretty quickly too. All in all this game gets barely a 4/10 from me and not recommended unless your main goal is staring at the protagonists♥♥♥♥♥ which is fine as long as you realize the game itself is crap.","['Action', 'Female Protagonist', 'Hack and Slash', 'Adventure', 'Third Person', 'Singleplayer', 'Fantasy', 'Spectacle fighter', 'Character Action Game', 'RPG', 'Time Manipulation', 'Multiplayer', 'Controller', 'Nudity']",Very Positive,Gaijin Entertainment Corporation,1,1,2,2,negativo
Tjaranis,76561197977165692,Blades of Time,very supriced over how good this was :),"['Action', 'Female Protagonist', 'Hack and Slash', 'Adventure', 'Third Person', 'Singleplayer', 'Fantasy', 'Spectacle fighter', 'Character Action Game', 'RPG', 'Time Manipulation', 'Multiplayer', 'Controller', 'Nudity']",Very Positive,Gaijin Entertainment Corporation,3,4,4,3,positivo
Ryuu,76561198052067155,Blades of Time,gud,"['Action', 'Female Protagonist', 'Hack and Slash', 'Adventure', 'Third Person', 'Singleplayer', 'Fantasy', 'Spectacle fighter', 'Character Action Game', 'RPG', 'Time Manipulation', 'Multiplayer', 'Controller', 'Nudity']",Very Positive,Gaijin Entertainment Corporation,2,4,3,3,positivo
[FE]Dr-Zakoota,76561198000683794,Blades of Time,Good game .. nice agile character .. not complex fighting like DMC .. graphics seems quite outdated but gameplay makes it even .. get it cheap and give it a try !,"['Action', 'Female Protagonist', 'Hack and Slash', 'Adventure', 'Third Person', 'Singleplayer', 'Fantasy', 'Spectacle fighter', 'Character Action Game', 'RPG', 'Time Manipulation', 'Multiplayer', 'Controller', 'Nudity']",Very Positive,Gaijin Entertainment Corporation,2,4,3,2,positivo
Darkclaw3050,76561198040811698,Blades of Time,"The gameplay is much like Devil May Cry or God of War; I was pleasantly surprised by this game as not only do the visuals look nice, but there is some depth to the combat in that you obtain a variety of swords and guns that offer different benefits and you can choose from several spells as you progress, and there are lots of enemy types that require you to adjust your strategy based on what you are fighting. Not to mention Time Rewind which makes for some cool combat situations and puzzle solutions. The voice acting was decent and some of the little things like seeing the character pull out and look at a compass in lieu of the usual minimap system was actually pretty cool.","['Action', 'Female Protagonist', 'Hack and Slash', 'Adventure', 'Third Person', 'Singleplayer', 'Fantasy', 'Spectacle fighter', 'Character Action Game', 'RPG', 'Time Manipulation', 'Multiplayer', 'Controller', 'Nudity']",Very Positive,Gaijin Entertainment Corporation,3,4,4,3,positivo
_-=^BMFGXJ@|</\|_^=-_,76561197997925680,Blades of Time,"BLADES OF TIME = WASTE OF TIME I really forced myself to try to like this game and it's not a bad game overall but: The story is a mediocre linear chore with a twist, that's more than obvious from the very beginning. Dialogues are annoying, tries to be overly epic trough voice modulation, that just makes them sound stupid. Protagonists voices are annoying together with passive comments and all, you just want them to shut up most of the time. The music tries to be overly dramatic trough the whole game which is even more annoying than the voice acting after a while. Graphics are mediocre and I couldn't find anything that would stand out, other than Ayumi's body (which again is mediocre comparing some other games). As well a lot of graphics reminded mine of recycled graphics and concepts from older games, like StarCraft, and RedAlert, or Dark Soul. In the end, everything is patched together so that it almost doesn't fit with one another. Animations are mediocre at best, with characters having stone cold/dead faces with confusing expressions. Fighting animations overly dramatic, too fast and too chaotic to make them impressive. They lack hmm.... something, fluidness I suppose. Fighting is chaotic and uninteresting, with few simple combos that you can cast as you power up your combo energy. Combos themselves are uninteresting and not very effective, most of the enemies can be killed with basic mashing:  XXX,RB,XXXXXXX,YYY,XXXXX,RB,XXXXXX,YYYYY,XXXXX,RB,XXXXXX and so on....... RPG elements are minimal, if not just a cosmetic overlay My overall judgment 5/10 - because it works; - because it doesn't have too many hardware problems; - lacks any sort of innovativeness and just recycles old plots, old graphics, old gameplay and doesn't even do it in a good style; - while being overly sexist to attract male players I wouldn't recommend this game unless you got it as a gift/free or on a massive 75%-80% discount. Otherwise, Blades of Time is just a massive Waste of Time and don't be fooled by my 76 or so hours of play time, as the game kept running in the background while I was trying to force myself to play another 5 min of it, eventually, I watched you.tube cutscene movie of it and I am glad I am done with it. P.S. Puzzels if u want to call them that, are too simple to engage, entertain or challenge the player.","['Action', 'Female Protagonist', 'Hack and Slash', 'Adventure', 'Third Person', 'Singleplayer', 'Fantasy', 'Spectacle fighter', 'Character Action Game', 'RPG', 'Time Manipulation', 'Multiplayer', 'Controller', 'Nudity']",Very Positive,Gaijin Entertainment Corporation,1,2,1,2,negativo
Attila[DK],76561198003425277,Blitzkrieg 3,"A such  wonderful concept, such a horrible implementation. This has NOTHING to do with RTS - AT ALL. Its simply a hoax. You get a lame base, fiddle around with 1936 tanks and try to build up your base. Hence you get the base into battle - not a new base, the same base.. yeah... noooot. such a dissapointment. who wants to drive machinegun tanks from 1936???","['Strategy', 'World War II', 'RTS', 'Military', 'Real Time Tactics', 'Tactical', 'War', 'Multiplayer', 'Historical', 'PvP', 'Tanks', 'Massively Multiplayer', 'Competitive', 'Singleplayer', 'Simulation', 'Realistic', 'Difficult', 'Real-Time', 'Real-Time with Pause', 'Base Building']",Mixed,Nival,1,1,1,2,negativo
NIN2,76561198015526767,Blitzkrieg 3,"At the moment it's a mess. Bought the game a day ago and suddenly it tells me to buy again! sorry developers this one is getting a big thumbs down from me. At the moment it is not even playable. I had high hopes for it. Okay a few days has past since my previous review. After finally finishing the first historical mission ""connection to server lost"" AAARRGH!!!!!!!!!!! The game is still early access and it is today 6 January 2016. So during the almost year that past the developers patched a lot of stuff. Thanks for that but the lag that plagued the game is still there. And no my PC run Witcher III,BF4 and Just Cause 3 without any problem.","['Strategy', 'World War II', 'RTS', 'Military', 'Real Time Tactics', 'Tactical', 'War', 'Multiplayer', 'Historical', 'PvP', 'Tanks', 'Massively Multiplayer', 'Competitive', 'Singleplayer', 'Simulation', 'Realistic', 'Difficult', 'Real-Time', 'Real-Time with Pause', 'Base Building']",Mixed,Nival,2,1,2,3,negativo
allino,76561198320452402,Blitzkrieg 3,it may beee... 8/10,"['Strategy', 'World War II', 'RTS', 'Military', 'Real Time Tactics', 'Tactical', 'War', 'Multiplayer', 'Historical', 'PvP', 'Tanks', 'Massively Multiplayer', 'Competitive', 'Singleplayer', 'Simulation', 'Realistic', 'Difficult', 'Real-Time', 'Real-Time with Pause', 'Base Building']",Mixed,Nival,3,4,4,4,positivo
ecimir,76561198142224013,Blitzkrieg 3,Cant even play the game. How mighty you have fallen Nival.,"['Strategy', 'World War II', 'RTS', 'Military', 'Real Time Tactics', 'Tactical', 'War', 'Multiplayer', 'Historical', 'PvP', 'Tanks', 'Massively Multiplayer', 'Competitive', 'Singleplayer', 'Simulation', 'Realistic', 'Difficult', 'Real-Time', 'Real-Time with Pause', 'Base Building']",Mixed,Nival,1,0,1,2,negativo
Kaustek,76561198030176685,Blitzkrieg 3,"Absolute trash. I want to like this game. I REALLY want to like it, but as of now this game is almost a chore to play. Infantry are near useless, Allied tanks out perform Axis armor, building up defenses for your base is fun, but good luck actually defending it. Please avoid until they fix the gleaming difficulty disparity of defending your own base. Please avoid until they fix the marshmellow shooting AT emplacements . Please avoid until they fix the bore of attacking the same map over and over to farm for materials just to make minute changes to your semi permanent base. Please avoid until they fix the overpowered artillery and air support.  Please avoid until they fix the game. It spits on the entire franchise.","['Strategy', 'World War II', 'RTS', 'Military', 'Real Time Tactics', 'Tactical', 'War', 'Multiplayer', 'Historical', 'PvP', 'Tanks', 'Massively Multiplayer', 'Competitive', 'Singleplayer', 'Simulation', 'Realistic', 'Difficult', 'Real-Time', 'Real-Time with Pause', 'Base Building']",Mixed,Nival,1,1,2,4,negativo
SCP-049,76561198079623191,Blitzkrieg 3,"I played this game a while back. I played it a little and enjoyed it a little until I finally came to my senses and said to myself... ""You idiot! You spent thirty dollars on a Facebook game!"" This game is literally a facebook game with a price tag and a BIG one at that for an Early Access game. I suggest this to the devs. Make the game like Blitzkrieg 1 and 2. And make the game balanced because I am sure having first tier soldiers fighting machine gun bunkers, mines, IS-2s and T-34s when your heaviest tank is a hetzer isn't exactly fair. AND FOR CHRIST SAKES. LOWER. THE. PRICE. Its early access for Petes sake. This game has NOTHING to offer more then ""Build base, build units, attack."" Rinse and repeat. Make this game free or have us pay five dollars. I think that is fair. But for now, STAY THE HELL AWAY","['Strategy', 'World War II', 'RTS', 'Military', 'Real Time Tactics', 'Tactical', 'War', 'Multiplayer', 'Historical', 'PvP', 'Tanks', 'Massively Multiplayer', 'Competitive', 'Singleplayer', 'Simulation', 'Realistic', 'Difficult', 'Real-Time', 'Real-Time with Pause', 'Base Building']",Mixed,Nival,1,2,1,3,negativo
Wmd,76561197983461527,Blitzkrieg 3,"Played during the free weekend Jul 2017 the game is still in a buggy state with random crashes Averaging 1 crash per hour, bugs ranging from minor graphical glitches to game breaking incorrect units being loaded Servers are unstable as B3 was orgiinally going to be a F2p game requires internet access It has the classical  Blitzkreig RTS style micro management game style of the previous games This is more of the same Wait for major price drop or sale before buying. Its more a under $10 game in the current state Not worth it at full price of $30, especially when COH and COH2 are far better games 6/10","['Strategy', 'World War II', 'RTS', 'Military', 'Real Time Tactics', 'Tactical', 'War', 'Multiplayer', 'Historical', 'PvP', 'Tanks', 'Massively Multiplayer', 'Competitive', 'Singleplayer', 'Simulation', 'Realistic', 'Difficult', 'Real-Time', 'Real-Time with Pause', 'Base Building']",Mixed,Nival,2,2,2,3,negativo
Face of Insanity,76561198014227166,Blitzkrieg 3,"so played like 30 mins of it because thats where i just gave up... (only voting down just for now till later on if it gets some TLC) 1st off theres no single player or an option for single play i have found, kinda sux cause its somethign i would like to have like you had in BK1 2nd the ""historical campaign"" for some reason require other people, not sure if this was  intensional or i missed something, but seems something like this should be single player but its not... 3rd, there is literally hardly anyone online for multiplayer games, AND the servers are♥♥♥♥♥♥with connection i drop out after 5mins all the time so it makes it difficualt to do anythign hence why im thinking were the hells the single player game? i would refund this but imma hold onto it and come back in a month or so and see how its panning out, hopefully it dosnt turn out to be a sh*t show as players online seem to think it is...","['Strategy', 'World War II', 'RTS', 'Military', 'Real Time Tactics', 'Tactical', 'War', 'Multiplayer', 'Historical', 'PvP', 'Tanks', 'Massively Multiplayer', 'Competitive', 'Singleplayer', 'Simulation', 'Realistic', 'Difficult', 'Real-Time', 'Real-Time with Pause', 'Base Building']",Mixed,Nival,1,1,2,3,negativo
VostokMercenary,76561198018371850,Blitzkrieg 3,"Just a bad game and very dissapointing Update October 2017: Everything I previously said I still stand by, I know my playtime is little but I couldnt play anymore, its just so bad. It should be renamed Blitzkrieg 2: Remastered as theres very little new and feel and play of it is very dated. The graphics are maybe 7 years old, It plays like a smoother men of war 1 but without the cover system. sounds are dull and uninspiring The weapons dont seem particulary dangerous by their feel Also in ''Will be in EA for several months''... That was 2 years ago :/ and no reall progession in all that time.","['Strategy', 'World War II', 'RTS', 'Military', 'Real Time Tactics', 'Tactical', 'War', 'Multiplayer', 'Historical', 'PvP', 'Tanks', 'Massively Multiplayer', 'Competitive', 'Singleplayer', 'Simulation', 'Realistic', 'Difficult', 'Real-Time', 'Real-Time with Pause', 'Base Building']",Mixed,Nival,1,1,1,2,negativo
DownSyndromeDanny,76561198054721187,Blitzkrieg 3,"The game doesn't even ♥♥♥♥ing work because the shitbrained devs decided that, for a largely SINGLE PLAYER GAME, it HAD to be ALWAYS ONLINE.  They then had the mental capacity to host their servers on an 80 year old rotting potato that can't even handle below-average numbers of attempted authentications, thereby rendering the entire product useless. Steam wont even give a refund despite knowingly and WILLINGLY selling a product that doesn't even work. And despite knowing about this problem for over 8 hours, the shitbrain devs have yet to do ANYTHING short of semi-acknowledge that the problem exists.","['Strategy', 'World War II', 'RTS', 'Military', 'Real Time Tactics', 'Tactical', 'War', 'Multiplayer', 'Historical', 'PvP', 'Tanks', 'Massively Multiplayer', 'Competitive', 'Singleplayer', 'Simulation', 'Realistic', 'Difficult', 'Real-Time', 'Real-Time with Pause', 'Base Building']",Mixed,Nival,1,0,1,2,negativo
SuperJim,76561198018775954,Blitzkrieg 3,Didn't like it. 2/10,"['Strategy', 'World War II', 'RTS', 'Military', 'Real Time Tactics', 'Tactical', 'War', 'Multiplayer', 'Historical', 'PvP', 'Tanks', 'Massively Multiplayer', 'Competitive', 'Singleplayer', 'Simulation', 'Realistic', 'Difficult', 'Real-Time', 'Real-Time with Pause', 'Base Building']",Mixed,Nival,1,2,1,3,negativo
Typhus,76561197985536136,Blitzkrieg 3,BROKEN TRASH,"['Strategy', 'World War II', 'RTS', 'Military', 'Real Time Tactics', 'Tactical', 'War', 'Multiplayer', 'Historical', 'PvP', 'Tanks', 'Massively Multiplayer', 'Competitive', 'Singleplayer', 'Simulation', 'Realistic', 'Difficult', 'Real-Time', 'Real-Time with Pause', 'Base Building']",Mixed,Nival,1,1,1,2,negativo
oliwier.guliwer PL,76561198093487591,Blitzkrieg 3,"this game it the least dificult rts i have ever played. its a casual rts. not like thats a bad thing . so in the rts dificulty scale . from list dificlut to most dificlut bk3 , coh , soldier howw2/fow . mow. AND THE MOST DIFICLUT RTS I HAVE EVER PLAYED IS : GOD DAM MEN OF WAR VIETNAM . : THIS IS JUST MY OPINION ther are allot of rts i have never played . the only problem i found is that on my machine : SAVES DON'T WORK . and that the restart button is translated . and i dident know that it was a restard button until the 5 mission .BUT THIS IS A : MY PC ONLY PROBLEM AND POLISH PROBLEM so it das not mater to enyone else D: . IN SUMERY : its a caslual rts . its a good rts but not a dificult one . i like dificult rts games . but if you like some easyer rts its a game for you","['Strategy', 'World War II', 'RTS', 'Military', 'Real Time Tactics', 'Tactical', 'War', 'Multiplayer', 'Historical', 'PvP', 'Tanks', 'Massively Multiplayer', 'Competitive', 'Singleplayer', 'Simulation', 'Realistic', 'Difficult', 'Real-Time', 'Real-Time with Pause', 'Base Building']",Mixed,Nival,2,4,3,1,neutral
☜☯☞Englands☜☯☞,76561198048855333,Blitzkrieg 3,wow downloaded it  game cant even get past the loading screen lol wth man sort the game out,"['Strategy', 'World War II', 'RTS', 'Military', 'Real Time Tactics', 'Tactical', 'War', 'Multiplayer', 'Historical', 'PvP', 'Tanks', 'Massively Multiplayer', 'Competitive', 'Singleplayer', 'Simulation', 'Realistic', 'Difficult', 'Real-Time', 'Real-Time with Pause', 'Base Building']",Mixed,Nival,1,0,1,2,negativo
Blitzwing,76561198133845992,Blitzkrieg 3,"The game is really badly done -several times it does crash -the progress system is just bad done, I am stuck already for hours in 1941. -you gain after each mission like 2 units -it just some random missions, nobody online and AI is stupid. -enemy can blind shoot your units, the fog of war does not affect them! -the problem is just how dull the game is , just gain a lot of tanks and spam them, so you win all the time. But it needs time till you have unlocked by this broken system the tanks. -------------------------------------------------------- Wasn't it possible to plan and design the gameplay better ? Its clear that games receive in Early Access changes, but the development cycle here just makes no sense. 1 The progress wipe is really self own age, because it forces people to play again same missions, just to get stuff they already did have. 2 Why was the Base Progress System removed ? With that system you could way faster achieve new tech. 3 Several game mods broken. Base attacks and defence makes no sense now, because there are no resources to claim. 4 Once you have a huge tank blob in reserve. Game mode is simply push with Tanks. Why were Anti tank units not better implemented ? 5 Play vs other people is not really accessible, because they have just access to way better tech, you can only achieve after spending a lot of hours in play. 6 The missions are OK if you want to play story, but be forced to play story to gain basic tech ? but be forced to play story again to gain basic tech ? 7 Why are this just 2 or 3 units you gain after a mission ? 8 Why can't people simply choose after mission what they want to unlock ? 9 Why is here pointless research added to increase the time you have to spend ? 10 Why people don't get proper rewards after they play vs AI ? 11 Why was the progress system so extremely slowed down ? 12 Why didn't they simple leave the better concept or fixed the new one ?","['Strategy', 'World War II', 'RTS', 'Military', 'Real Time Tactics', 'Tactical', 'War', 'Multiplayer', 'Historical', 'PvP', 'Tanks', 'Massively Multiplayer', 'Competitive', 'Singleplayer', 'Simulation', 'Realistic', 'Difficult', 'Real-Time', 'Real-Time with Pause', 'Base Building']",Mixed,Nival,2,1,2,3,negativo
vangomaextreme,76561198014649631,Blitzkrieg 3,When it works it's great but unless you save repeatedly the fact that you cannot play offline means that you will lose your entire progress in a mission once the server crashes which it does with alarming regularity. Real shame because there is a fun game in here with lots of potential and content. However until they can fix this can't recommend it as it is going to cause most people to rage quit in its present state.,"['Strategy', 'World War II', 'RTS', 'Military', 'Real Time Tactics', 'Tactical', 'War', 'Multiplayer', 'Historical', 'PvP', 'Tanks', 'Massively Multiplayer', 'Competitive', 'Singleplayer', 'Simulation', 'Realistic', 'Difficult', 'Real-Time', 'Real-Time with Pause', 'Base Building']",Mixed,Nival,3,2,3,4,negativo
Marvelous Ducky Turret,76561197975817124,Blitzkrieg 3,"A game that could have been so much better :( I look at the screenshot, look at the description and bam. I am on board to the history train! I remember those hours spent playing Blitzkrieg 1 and 2! Such great times spent in my childhood, discovering great strategy games (alongside with Cossacks back in those days). People... The solo is not the greatest, the game is unbalance and it's remind me more of a ""Clash of Clans"" rather than a real strategy game. It reminds me more of a freemium / pay to win, but there is no options to pay (thank god I already paid 35 euros for that). In the screenshot I see planes, epic battles, BADASSERY! GREATNESS! I was like WO WO WO! I launched the game, crashed a few times, had to redo the tutorials. (tutorials take long). Go online, I take a commander by mistake, I can't choose another one... Well... OK? Thank god it was the tank commander! Why? Because here is the ULTIMATE STRATEGY GUIDE FOR SKILLZ MLG PRO! You are ready? Have a lot of tanks.... Basically, you want scouts to see far away, you want medium tanks to be able to kill any poor AI enemy coming towards you or to handle an ambush from a player. Then you want a tank destroyer... which will be used as a giant sniper to ... destroy everything that is in sight of the scout! AND VOILA! Oh... I didn't say the best! You make your own base (seems fun uh? A permanent base! :D but no... here's why) but this is like a base you can't customize, you need to have your building in a big square, you can still put defenses (mines, stuff to make people not to cross a road or anti tank guns and pillbox) and you can put some of your units here and there. Problem? Everything cost ressource points (logic) but the only ways to get them is by : Attacking an enemy and not loosing OR wait and hope nobody attacked you when you were away from your computer! Let me explain, you attack and steal the ressources of people (they created a beautiful base but my team of ""tank snipers"" wipped out everything), GREAT! Now you are back at your base but someone attacked you, YOU LOOSE WHAT YOU JUST WON! I mean, it happened to me too many times, especially when I was about to click on something and I couldn't after because someone decided to attack me when I was attacking someone else and the AI taking care of my defense was dumb (it's an AI). You level up your base with the few ressources you can get, developing paranoia, you level up your troops and defenses, IT TAKES TIME! GRINDING, PARANOIA AND TIME! It remind me of an old game which was based on the same policy and if I knew, I WOULD HAVE NEVER BOUGHT IT! Nevertheless, I tried to love and cuddle that game, I really tried. It's blitzkrieg! But no... It's Casualkrieg, it's paranoia, waste of time, I find the animation of the units / modelization not so great (except... the tanks?). Worst... 35 euros... spent... on a game :( AND THERE IS SO MUCH MORE TO SAY! (The commanders abilities, Unit restriction, the OP army with way more levels than you who attack your base while you're away and... 10 other dude who attacks you after him and because of the AI you loose.) So much more to say.... I tried steam refund but for some reason, they are still thinking you need less than 2 hours to discover a game and decide if you really want to separate from it. I wish there was a demo. I wish I knew :( If I didn't have the game and if someone gave me back my 35 euros, I would buy Men of War or EVEN COH 2 which is with LOTS OF DLCs! (DLCs... the new plague)","['Strategy', 'World War II', 'RTS', 'Military', 'Real Time Tactics', 'Tactical', 'War', 'Multiplayer', 'Historical', 'PvP', 'Tanks', 'Massively Multiplayer', 'Competitive', 'Singleplayer', 'Simulation', 'Realistic', 'Difficult', 'Real-Time', 'Real-Time with Pause', 'Base Building']",Mixed,Nival,2,2,3,3,negativo
hotspur59,76561198078773953,Blitzkrieg 3,"I can't recommend this game I'm afraid. Reasons are many including no offline mode, freeze-ups as occured just last night, boring gameplay (unless you are satisfied with loads of dead bodies and explosions and not a lot else), limited tactical options aside from hurling your forces at the enemy and see who survives the massive punch-up that follows in which you lose control, a confusing way of playing from a global screen, and most of all because the publishers are trying to rewrite the history of WWII by editing GB out of the conflict almost entirely (unfortuantely this is a problem from a lot of publishers these days). Basically according to these jokers the conflict was only fought by Germany, Russia and the USA. Another thing it was GB  back then not the UK. So at one stupid stroke these publishers and others have removed the larget participating block in the conflict; Great Britain and the Commonwealth nations, and the only participant to fight the entire war from Sept 1939 until Aug 1945. Bizarre! Sadly this appears commonplace these days from Russian publishing houses, though I do applaud them for bringing the Great Patriotic War to our pc's, it's just a shame that they appear to be panderihg solely to the US market. If you want a really top notch RTS title then look no further than ""Syrian Warfare"" and it's expansion. This is how a military  RTS should be made with superb balance and challenges - sometimes less units on the field is actually more. Don't waste your money on this as it's sub-standard in so many ways.","['Strategy', 'World War II', 'RTS', 'Military', 'Real Time Tactics', 'Tactical', 'War', 'Multiplayer', 'Historical', 'PvP', 'Tanks', 'Massively Multiplayer', 'Competitive', 'Singleplayer', 'Simulation', 'Realistic', 'Difficult', 'Real-Time', 'Real-Time with Pause', 'Base Building']",Mixed,Nival,1,1,2,3,negativo
Saint Aaron,76561198011965365,Blitzkrieg 3,"They took away Multiplayer away which i had 20hours in. Luckly the devs learned their lesson and are making blizkrieg 3 the way it shouldve been and not some online game trash.. The graphics, art style, voices, and sound effects are all amazing! Only thing i wish is that they placed the online mode back in which you made your own base and have to defend it once in awhile.","['Strategy', 'World War II', 'RTS', 'Military', 'Real Time Tactics', 'Tactical', 'War', 'Multiplayer', 'Historical', 'PvP', 'Tanks', 'Massively Multiplayer', 'Competitive', 'Singleplayer', 'Simulation', 'Realistic', 'Difficult', 'Real-Time', 'Real-Time with Pause', 'Base Building']",Mixed,Nival,3,4,5,3,neutral
SpondyWarrior,76561198069991539,Blitzkrieg 3,"This game is great, is simple but has some depth. Its entertaining and the missions are fun. If you can pick it up on sale its a MUST BUY FOR WWII fans of this genre.","['Strategy', 'World War II', 'RTS', 'Military', 'Real Time Tactics', 'Tactical', 'War', 'Multiplayer', 'Historical', 'PvP', 'Tanks', 'Massively Multiplayer', 'Competitive', 'Singleplayer', 'Simulation', 'Realistic', 'Difficult', 'Real-Time', 'Real-Time with Pause', 'Base Building']",Mixed,Nival,3,4,4,3,positivo
Krampus,76561198112792224,Block N Load,When you start its weird but when you adjust some settings and play few matches its fun and bying charecters is cheap,"['Free to Play', 'Action', 'Multiplayer', 'FPS', 'Building', 'Shooter', 'Strategy', 'First-Person', 'Team-Based', 'Base Building', 'Class-Based', 'Destruction', 'Massively Multiplayer', 'PvP', 'Sandbox', 'Funny', 'MOBA', 'Voxel', 'Comedy', 'Gore']",Mostly Positive,"Jagex,Artplant",2,4,3,2,positivo
Fisher,76561198014552029,Block N Load,Its K,"['Free to Play', 'Action', 'Multiplayer', 'FPS', 'Building', 'Shooter', 'Strategy', 'First-Person', 'Team-Based', 'Base Building', 'Class-Based', 'Destruction', 'Massively Multiplayer', 'PvP', 'Sandbox', 'Funny', 'MOBA', 'Voxel', 'Comedy', 'Gore']",Mostly Positive,"Jagex,Artplant",1,3,2,2,neutral
marvingun,76561198044451725,Block N Load,game is fooking♥♥♥♥♥,"['Free to Play', 'Action', 'Multiplayer', 'FPS', 'Building', 'Shooter', 'Strategy', 'First-Person', 'Team-Based', 'Base Building', 'Class-Based', 'Destruction', 'Massively Multiplayer', 'PvP', 'Sandbox', 'Funny', 'MOBA', 'Voxel', 'Comedy', 'Gore']",Mostly Positive,"Jagex,Artplant",1,1,1,2,negativo
Tonytwin,76561198080693596,Block N Load,"Block N Load is minecraft, with a twist. You have some time to build up your base and attack others. its fun, its nice, and its addicting. 87% - RateZ","['Free to Play', 'Action', 'Multiplayer', 'FPS', 'Building', 'Shooter', 'Strategy', 'First-Person', 'Team-Based', 'Base Building', 'Class-Based', 'Destruction', 'Massively Multiplayer', 'PvP', 'Sandbox', 'Funny', 'MOBA', 'Voxel', 'Comedy', 'Gore']",Mostly Positive,"Jagex,Artplant",2,4,3,3,positivo
The real dirty dan,76561198200619878,Block N Load,"Its kind of like tf2 with some cs go and overwatch and minecraft elements, i great mix in my opinion.","['Free to Play', 'Action', 'Multiplayer', 'FPS', 'Building', 'Shooter', 'Strategy', 'First-Person', 'Team-Based', 'Base Building', 'Class-Based', 'Destruction', 'Massively Multiplayer', 'PvP', 'Sandbox', 'Funny', 'MOBA', 'Voxel', 'Comedy', 'Gore']",Mostly Positive,"Jagex,Artplant",2,4,3,3,positivo
Deathdealero,76561198099251610,Block N Load,This game is so funny! its so amazing to play with friends! i love it! BLOCKHEADS WHAT ARE YOU WAITING FOR?!,"['Free to Play', 'Action', 'Multiplayer', 'FPS', 'Building', 'Shooter', 'Strategy', 'First-Person', 'Team-Based', 'Base Building', 'Class-Based', 'Destruction', 'Massively Multiplayer', 'PvP', 'Sandbox', 'Funny', 'MOBA', 'Voxel', 'Comedy', 'Gore']",Mostly Positive,"Jagex,Artplant",2,5,4,3,positivo
Namick,76561198066147971,Block N Load,"Its has a cool concept, but i have a pretty good computer and i lag like crazy, and that ruins EVERYTHING.","['Free to Play', 'Action', 'Multiplayer', 'FPS', 'Building', 'Shooter', 'Strategy', 'First-Person', 'Team-Based', 'Base Building', 'Class-Based', 'Destruction', 'Massively Multiplayer', 'PvP', 'Sandbox', 'Funny', 'MOBA', 'Voxel', 'Comedy', 'Gore']",Mostly Positive,"Jagex,Artplant",2,2,2,3,negativo
LiL Yao,76561198110455295,Block N Load,Крутая игра весело с друзьями,"['Free to Play', 'Action', 'Multiplayer', 'FPS', 'Building', 'Shooter', 'Strategy', 'First-Person', 'Team-Based', 'Base Building', 'Class-Based', 'Destruction', 'Massively Multiplayer', 'PvP', 'Sandbox', 'Funny', 'MOBA', 'Voxel', 'Comedy', 'Gore']",Mostly Positive,"Jagex,Artplant",2,4,4,3,positivo
Sir Urmo,76561198092083656,Block N Load,Shound Buy It At Least Devs Should Have Said Its Going To Be Free To Play! but its kinda good cuz everybody is stones so u can rekt enemies 100/5,"['Free to Play', 'Action', 'Multiplayer', 'FPS', 'Building', 'Shooter', 'Strategy', 'First-Person', 'Team-Based', 'Base Building', 'Class-Based', 'Destruction', 'Massively Multiplayer', 'PvP', 'Sandbox', 'Funny', 'MOBA', 'Voxel', 'Comedy', 'Gore']",Mostly Positive,"Jagex,Artplant",2,5,3,3,positivo
dansawkins,76561198031730242,Block N Load,I enjoy it.,"['Free to Play', 'Action', 'Multiplayer', 'FPS', 'Building', 'Shooter', 'Strategy', 'First-Person', 'Team-Based', 'Base Building', 'Class-Based', 'Destruction', 'Massively Multiplayer', 'PvP', 'Sandbox', 'Funny', 'MOBA', 'Voxel', 'Comedy', 'Gore']",Mostly Positive,"Jagex,Artplant",1,4,3,2,positivo
Mr.Sweety,76561198166988923,Block N Load,"After playing this, I had Vietnam flashbacks.","['Free to Play', 'Action', 'Multiplayer', 'FPS', 'Building', 'Shooter', 'Strategy', 'First-Person', 'Team-Based', 'Base Building', 'Class-Based', 'Destruction', 'Massively Multiplayer', 'PvP', 'Sandbox', 'Funny', 'MOBA', 'Voxel', 'Comedy', 'Gore']",Mostly Positive,"Jagex,Artplant",1,3,2,3,negativo
Smurk Merc,76561198068416427,Block N Load,"So far the best Block shooter out there, better than Ace at least if only more people played it.","['Free to Play', 'Action', 'Multiplayer', 'FPS', 'Building', 'Shooter', 'Strategy', 'First-Person', 'Team-Based', 'Base Building', 'Class-Based', 'Destruction', 'Massively Multiplayer', 'PvP', 'Sandbox', 'Funny', 'MOBA', 'Voxel', 'Comedy', 'Gore']",Mostly Positive,"Jagex,Artplant",2,4,3,3,positivo
Artuurs|HappyNewYears,76561198028207516,Block N Load,"Do you enjoy class based gameplay? Do you love building stuff? Do you apreciate whacky humor and design? Then this game is exactly made for you or realy anyone who likes a good game because if you dont like either of that, this is still a good expierience to have or atleast worth trying once to know for sure. Build like minecraft, fight like team fortress but strategize like in neither of those titles with the awesome game mechanics of placing traps, support gadgets, digging trough the ground or walls, making paths and entrances, team help can go a long way but is enjoyable nontheless -bright, cartoony, good looking graphics -good enough music -quite very diverse cast of heroes, each one looking and playing quite different from another, some are better for defense, some offense and some in skilled based combat and building, each one with different weapons, passive perks, hero devices, abilities, etc. fancy a builder or a sieger? The game has you covered -heroes are very well voiced and written, you can tell no expense was spared to personalize these greatly designed heroes that look nowhere near generic, typical or bland like in other similar hero shooter and such games -steam workshop support allows anyone to create their very own maps and then play on those maps with litearly anyone in a flash, like, someone remade the GTA V yatch as a map, thats quite cool -nothing is P2W here, most can be earned easily trough playing but if you want the costumes/avatars/skins for your heroes or increase the xp gain for cool unlocks, thats where you have to spend money, which in my opinion is worth it to support this great yet underrated game -customize your how your hero performs or builds with different selectable building blocks and perks, nothing is without a tradeoff though so think it trough -game is simple and easy to understand, know and learn and yet theres plenty of room to try and fuffill your strategies entirely based on your skill and brain power, or you know, just be simple and storm the front, either way works if you seek the one or ther way to play, a very well toghether put tutorial can help you get set up -game is very generous, if you keep playing, youl unlock what you want in no time at all with the reward system and daily quests -build anything you want, anywhere you want, at any time you want as long as you got the cubes to build, which you get from destroying cubes°, killing heroes or collecting supply drops during a match, build a fortress or not during the build phase and dont stop there when its over -a ranked mode is in the works so if you want to truly build skill, position, rewards and recognition, youl be able to do that soon -game plays and controls smooth and well, there might be some slight low gravity a little bit, but thats to control yourself better in the air before you land because there are enviromental hazards, well optimized and well controled, you will definetly get a good feeling from playing the game -developers are very communicable and active, you want help or express toughts on the game, know that you will be heard as the devs constantly balance the game depending on your feedback","['Free to Play', 'Action', 'Multiplayer', 'FPS', 'Building', 'Shooter', 'Strategy', 'First-Person', 'Team-Based', 'Base Building', 'Class-Based', 'Destruction', 'Massively Multiplayer', 'PvP', 'Sandbox', 'Funny', 'MOBA', 'Voxel', 'Comedy', 'Gore']",Mostly Positive,"Jagex,Artplant",4,5,4,3,positivo
Earth Chan,76561198081018260,Block N Load,SOOOOOOOOOOOOOO GOOOOOOD,"['Free to Play', 'Action', 'Multiplayer', 'FPS', 'Building', 'Shooter', 'Strategy', 'First-Person', 'Team-Based', 'Base Building', 'Class-Based', 'Destruction', 'Massively Multiplayer', 'PvP', 'Sandbox', 'Funny', 'MOBA', 'Voxel', 'Comedy', 'Gore']",Mostly Positive,"Jagex,Artplant",2,5,4,3,positivo
RD_littlechi,76561198260050478,Block N Load,This game is very good block MOBA game,"['Free to Play', 'Action', 'Multiplayer', 'FPS', 'Building', 'Shooter', 'Strategy', 'First-Person', 'Team-Based', 'Base Building', 'Class-Based', 'Destruction', 'Massively Multiplayer', 'PvP', 'Sandbox', 'Funny', 'MOBA', 'Voxel', 'Comedy', 'Gore']",Mostly Positive,"Jagex,Artplant",2,4,3,3,positivo
bob,76561198093510711,Block N Load,it takes  40 minutes to find a match... well worth it,"['Free to Play', 'Action', 'Multiplayer', 'FPS', 'Building', 'Shooter', 'Strategy', 'First-Person', 'Team-Based', 'Base Building', 'Class-Based', 'Destruction', 'Massively Multiplayer', 'PvP', 'Sandbox', 'Funny', 'MOBA', 'Voxel', 'Comedy', 'Gore']",Mostly Positive,"Jagex,Artplant",2,4,3,3,positivo
天诛,76561198017418708,Block N Load,I had a great time with this game before it went FREE TO PLAY. They have screwed it up for me. I used to play it with 2-5 friends. We could invite each other and then work together as a team. Priceless moments. NOW THE GAME WON'T LET YOU INVITE MORE THAN 1 FRIEND IN YOUR SQUAD!!! What the hell ? Why would you do that? So we are forced to play with randomers?! YOU MAD? It's a TEAM BASED GAME! I have paid FOR THIS GAME. When it was in Early Access and what do I get? NADA.ZIP ZILCH NOTHING. No in game currency for anything. What a great thank you from the devs. It's a horrible mess with microtransactions. They have destroyed it for me.,"['Free to Play', 'Action', 'Multiplayer', 'FPS', 'Building', 'Shooter', 'Strategy', 'First-Person', 'Team-Based', 'Base Building', 'Class-Based', 'Destruction', 'Massively Multiplayer', 'PvP', 'Sandbox', 'Funny', 'MOBA', 'Voxel', 'Comedy', 'Gore']",Mostly Positive,"Jagex,Artplant",1,2,2,3,negativo
Kizrak the Hokie,76561197966311969,Block N Load,Cute game. Entertainment with a few friends for the day.,"['Free to Play', 'Action', 'Multiplayer', 'FPS', 'Building', 'Shooter', 'Strategy', 'First-Person', 'Team-Based', 'Base Building', 'Class-Based', 'Destruction', 'Massively Multiplayer', 'PvP', 'Sandbox', 'Funny', 'MOBA', 'Voxel', 'Comedy', 'Gore']",Mostly Positive,"Jagex,Artplant",2,4,3,2,positivo
iPrecision,76561198067249014,Block N Load,Currently i find the concept quite enjoyable. With some balance changes things could pan out quite well.,"['Free to Play', 'Action', 'Multiplayer', 'FPS', 'Building', 'Shooter', 'Strategy', 'First-Person', 'Team-Based', 'Base Building', 'Class-Based', 'Destruction', 'Massively Multiplayer', 'PvP', 'Sandbox', 'Funny', 'MOBA', 'Voxel', 'Comedy', 'Gore']",Mostly Positive,"Jagex,Artplant",2,4,3,3,positivo
Ezze,76561198007491450,Block N Load,"Updated Dec 24 2015: While this game is frustrating... it can be fun at times... I have been playing again. Beta Review:  {months ago} The game play and idea of this game are great.  I have had a lot of fun playing the beta with over 70 hours of play. The game relys on cooperation quite a bit...  so the biggest problem is if you do not have people to play with.... a full 5 man specifically.   You will get♥♥♥♥♥♥♥.. Because most of the time you will get afkers and disconnecters.... This game will make you rage, so thats why I feel the only people who will benefit from playing it, will be those with 5 man groups.","['Free to Play', 'Action', 'Multiplayer', 'FPS', 'Building', 'Shooter', 'Strategy', 'First-Person', 'Team-Based', 'Base Building', 'Class-Based', 'Destruction', 'Massively Multiplayer', 'PvP', 'Sandbox', 'Funny', 'MOBA', 'Voxel', 'Comedy', 'Gore']",Mostly Positive,"Jagex,Artplant",2,4,3,3,neutral
