username,user_id,title,text,tags,sentiment,developer,narrativa,jugabilidad,atmósfera,dificultad,tono_emocional
thecreide,76561198021759485,Voices from the Sea,"This was very cute and sweet, though very short. It was predictable for the most part, but had a pleasant ending.","['Free to Play', 'Visual Novel', 'Anime', 'Adventure', 'Casual', 'Indie', 'Singleplayer', 'Cute', 'Nudity']",Very Positive,Zeiva Inc,3,3,4,1,positivo
Mai Bhalsych of Korse,76561198077063794,Voices from the Sea,"The writing for this game is only okay, and at times actually quite poor. But the story's short and sweet, and the game is free, so there's no drawback to trying it.","['Free to Play', 'Visual Novel', 'Anime', 'Adventure', 'Casual', 'Indie', 'Singleplayer', 'Cute', 'Nudity']",Very Positive,Zeiva Inc,2,3,3,1,neutral
PhoenixT1,76561198074169975,Voices from the Sea,"Even if it's a bit short, it's really worth buying the DLC for the voices and all the bonus content. It was a real pleasure to play such a cute game.","['Free to Play', 'Visual Novel', 'Anime', 'Adventure', 'Casual', 'Indie', 'Singleplayer', 'Cute', 'Nudity']",Very Positive,Zeiva Inc,4,4,5,1,positivo
Izumi Sena,76561198097675823,Voices from the Sea,"voices from the sea is a briliant free2play visual novel about a depressed kid learning about love, friendship would be my description to love LOL, so that kid finds that girl that have the simple goal of making him socialy happy at least once, so you go to the beach multiple times and finally be happy for probably the first time in his entire life, really beautiful story about friendship and depression, I know how that feels, and friendship really cures depression, but understand that haters only makes depression worst, so if you are reading this and also strugle with depression, choose wisely your friends ok? you worth more friend, its good to mention that this was the first visual novel I played that tries to add gameplay, and that really matters when you are a gamer that like to play games, no I think this is not obvious for many, even if that is just picking up some seashells on the ground like in this one +friendship +awesome intro +good soundtrack 10/10","['Free to Play', 'Visual Novel', 'Anime', 'Adventure', 'Casual', 'Indie', 'Singleplayer', 'Cute', 'Nudity']",Very Positive,Zeiva Inc,5,4,5,1,positivo
morefight98,76561198123475845,Voices from the Sea,I cant judge good this one but nice ?/10,"['Free to Play', 'Visual Novel', 'Anime', 'Adventure', 'Casual', 'Indie', 'Singleplayer', 'Cute', 'Nudity']",Very Positive,Zeiva Inc,3,3,4,1,neutral
The Flarbadarb,76561198170679934,Voices from the Sea,2 much cactus 1.2/10 cannot operate with.  Also 2 much seashell collecting,"['Free to Play', 'Visual Novel', 'Anime', 'Adventure', 'Casual', 'Indie', 'Singleplayer', 'Cute', 'Nudity']",Very Positive,Zeiva Inc,1,1,2,1,negativo
Thezombie701,76561198243668182,Voices from the Sea,amazing game it a story about friends ship and this is the first game i played like this.you will enjoyed it if you like anmie,"['Free to Play', 'Visual Novel', 'Anime', 'Adventure', 'Casual', 'Indie', 'Singleplayer', 'Cute', 'Nudity']",Very Positive,Zeiva Inc,4,4,5,1,positivo
Inconsistent Gamer,76561198129411711,Voices from the Sea,"In you take on the role of Cantus, an antisocial teenage boy who likes to relax by spending time at the beach and watching the waves. During one of these times, he encounters a mysterious girl about his age, named Maris, that realizes that Cantus has been a little down in the dumps lately. She tasks herself with trying to cheer him up. This game is a visual novel, a type of video game entirely story-driven. The main purpose is to tell the story through text and it is more reading than anything else. Despite the visual novel format, the choices in the game do not really matter, other than to see a bit of a different piece of dialogue. Ultimately, the game is rather linear and all choices lead to the same ending. This is definitely on the shorter side by visual novel standards and it should not take an average player much more than forty minutes to complete a play-through. To start off with the positive, the art style is rather good with bright colors and attractive scenery, at least for the small amount present in this game. The music, while a little repetitive, was well used. However, nice art and music alone do not make a good visual novel. The meat of any visual novel is the characters and writing neither of which worked well in . To start off with, the two main characters come off as terribly clichéd. Cantus feels like some angsty teenage stereotype who conflicts with his mother for no justifiable reason and hates school (gasp!). For the short length of this game, he becomes impossible to sympathize with as whatever ""problems"" he seems to have seem petty at best. Maris, on the other hand, plays the Manic Pixie Dream Girl trope to a T. Instead of any real character development, her purpose is just to exist for Cantus's sake. Overall, hardly anything happens in the story and the characters are immediately forgettable. In conclusion, has some nice art, but the characters and story come off as boring and forgettable.","['Free to Play', 'Visual Novel', 'Anime', 'Adventure', 'Casual', 'Indie', 'Singleplayer', 'Cute', 'Nudity']",Very Positive,Zeiva Inc,1,2,3,1,negativo
Johnny RonBeard,76561197994565624,Voices from the Sea,"A cute little free visual novel.  It is not the most amazing thing ever, but it is different and very good at what it does.","['Free to Play', 'Visual Novel', 'Anime', 'Adventure', 'Casual', 'Indie', 'Singleplayer', 'Cute', 'Nudity']",Very Positive,Zeiva Inc,3,4,4,1,positivo
76561198102801402,76561198102801402,Voices from the Sea,Such a beautiful story with nice soundtrack in the background. Absolutely love it! <3,"['Free to Play', 'Visual Novel', 'Anime', 'Adventure', 'Casual', 'Indie', 'Singleplayer', 'Cute', 'Nudity']",Very Positive,Zeiva Inc,5,4,5,1,positivo
Paratise,76561198064692925,Voices from the Sea,"A good, short, unexciting visual novel with a predictable end.","['Free to Play', 'Visual Novel', 'Anime', 'Adventure', 'Casual', 'Indie', 'Singleplayer', 'Cute', 'Nudity']",Very Positive,Zeiva Inc,2,2,3,1,neutral
niten57,76561198049363959,Voices from the Sea,Short and sweet. I liked it.,"['Free to Play', 'Visual Novel', 'Anime', 'Adventure', 'Casual', 'Indie', 'Singleplayer', 'Cute', 'Nudity']",Very Positive,Zeiva Inc,3,4,4,1,positivo
Sashi,76561198018348095,Voices from the Sea,"This game surprised me. I didn't expect it to be so deep. This game draws on emotions and makes you feel for the characters as if you know them. The art is very good too and if you like hearing a nice story and don't mind getting emotional, this game is a lovely piece of art.","['Free to Play', 'Visual Novel', 'Anime', 'Adventure', 'Casual', 'Indie', 'Singleplayer', 'Cute', 'Nudity']",Very Positive,Zeiva Inc,5,4,5,1,positivo
Lukasblade2,76561198040422007,Voices from the Sea,"To clear this all up this game is another one of those,"" Main Character( or MC) is a loser/loner in life and likes to be alone."" Now listen, if you want something light and part-of-the-norm this is perfect for you. What I'm about to say may offend any new or older anime/VN fans. + Visuals are quite nice, I'd thumbs up on that + For me, setting up animations and VNs are quite difficult to pull off, and good ones are even harder to pull off. So I admire that Zeiva did some nice work on art and animation on this. - Generic storyline, loner main character meets over-optimistic girl and( while I may not have even gone into depth of the full game) something dramatic will probably happen in the end of the story. While I may not be able to pinpoint the ending, the outcomes are quite predictable. - Slow intro with around 30-1 min of just slow slides of intro. - The music is quite generic as well, Having listened to the music in VN and Anime for the past 3 years, the style of music is becoming more and more similar in key and style.","['Free to Play', 'Visual Novel', 'Anime', 'Adventure', 'Casual', 'Indie', 'Singleplayer', 'Cute', 'Nudity']",Very Positive,Zeiva Inc,2,3,4,1,neutral
Shar Wolf,76561198047290897,Voices from the Sea,"A nice, relaxing story about learning to deal with life. Note: I do not yet have the plus version, so I cannot comment on that.","['Free to Play', 'Visual Novel', 'Anime', 'Adventure', 'Casual', 'Indie', 'Singleplayer', 'Cute', 'Nudity']",Very Positive,Zeiva Inc,4,3,4,1,positivo
Razorbitz,76561198061249750,Voices from the Sea,"A genuinely gorgeous little Visual Novel, Voices from the Sea really captures what it's aiming for; a relaxing, charming tale about a girl by the sea. While the two main leads are walking tropes, they are done in a very cute, heartfelt way to make seem a bit more than the sum of its parts. Cantus, the main character, is your average ""I never smile"" character, and Maris, the mysterious girl by the ocean, wants to make him. She talks in the third person, and it's a bit tropish and annoying at first, but the artistic direction and masterful use of colors in every shot really overcomes the standard plot. Even though it barely clocks in at an hour, the tale really is quite incapsulating, and while the ending is predictable, a part of me finds that to be a good thing. It accomplishes what the ultimate goal was. It made me smile. For a free game, the quality is ridiculous, so don't be afraid to support the developers. There is DLC that asks for a measley 5 bucks and adds voice overs and a few new scenarios. One of these days I might pick it up, because I really respect what they've done here. They hope you pay for it out of love for the game; pure good will. That's something we do not see enough of these days, so for that, I definitely thank them, and I'll be looking forward to whatever else they do next.","['Free to Play', 'Visual Novel', 'Anime', 'Adventure', 'Casual', 'Indie', 'Singleplayer', 'Cute', 'Nudity']",Very Positive,Zeiva Inc,4,3,5,1,positivo
"Senpai-chan, Magic Loli・*☆",76561198049208188,Voices from the Sea,Being anti-social and having no friends? Hits a little too close to home...still a good game though!,"['Free to Play', 'Visual Novel', 'Anime', 'Adventure', 'Casual', 'Indie', 'Singleplayer', 'Cute', 'Nudity']",Very Positive,Zeiva Inc,4,4,5,2,positivo
Nyx-Nul,76561198026943694,Voices from the Sea,"Very cute story and characters. has some feels to it, but the main guy is kind of a whiner :P.","['Free to Play', 'Visual Novel', 'Anime', 'Adventure', 'Casual', 'Indie', 'Singleplayer', 'Cute', 'Nudity']",Very Positive,Zeiva Inc,4,3,4,1,positivo
landlock,76561198071381962,Voices from the Sea,I don't want to say to much but it's a sweet little story that's very charming. It's only a short little VN about 1-2hrs. The artwork very nice and Maris is very cute throughout the game. Worth checking out if you like VN's and also into anime.,"['Free to Play', 'Visual Novel', 'Anime', 'Adventure', 'Casual', 'Indie', 'Singleplayer', 'Cute', 'Nudity']",Very Positive,Zeiva Inc,4,4,5,1,positivo
lindsaylbb,76561198184181069,Voices from the Sea,"Cute figures, warm bright color, wonderful music and the ocean theme all makes it perfect to play on a bright summer day while eating a watermelon or Ice-cream. Just wonderful bright summer spirit. The save game penel and weather report is a cute brilliant idea.","['Free to Play', 'Visual Novel', 'Anime', 'Adventure', 'Casual', 'Indie', 'Singleplayer', 'Cute', 'Nudity']",Very Positive,Zeiva Inc,4,4,5,1,positivo
mitchellmckain,76561198268768955,Void Destroyer,"There is a lot of good and intriguing things about this game -- more flight controls and options than most games of this type.  The sandbox DLC is a great improvement for me, since sandbox space games are my favorite type of game.  I haven't yet put out for the version 2 of the game, but that is probably what you should buy rather than this one -- so although I give this a thumbs up you should read it as a more a recommendation for Void Destroyer 2 rather than this game.","['Strategy', 'Simulation', 'Action', 'Space', 'Adventure', 'Indie', 'Sci-fi', 'RTS', 'Space Sim']",Mixed,Iteration 11,3,4,4,3,positivo
danny_maland,76561197988077759,Void Destroyer,"""Void Destroyer"" is a stunning achievement. If you ever played one of the ""Homeworld"" games, and wished you could jump into the driver's seat of a ship - now you can! The game ""plays"" very smoothly. Once you wrap your head around a few of the interface conventions and shortcuts, you'll be pretty quick at switching between crew and manual control, as well as managing your ship's throttle and picking which ship to actually sit in. The reality that the developer managed to marry an actual, working space sim with an actual, working, ""Homeworld 2 recognizable"" tactical mode is a feat to be applauded. It all works about as seamlessly as I imagine is possible, and it's even more impressive when you realize that the strategy simulation can NOT be dumbed down to a ""stats battle."" The computer has to actually handle ship-to-ship combat with real maneuvering - and it's VERY good at it. The CPU is so good at ship-to-ship that it actually opens the door to one of my negative points. It's true that the player taking control of a ship does not (and is not meant to) confer ""superfighter"" status on that ship. However, the advantage conferred by player control is so small that it easily becomes insignifcant. Yes, there were certain situations where human control did make it possible to really beat the pants off an opposing unit, but this was because the opposing unit simply could not handle a ship that was ""strafe jinking."" Also, the opposed unit did not have the advantage of numbers. This is not the situation the game seems to put you in most often, however, and most of the time the combat will very efficiently grind you up. Actual fighters and turret-bearing heavies will track and hit you very reliably, and ""many against one"" scenarios where you are at the disadvantage are not likely to go your way - lateral thrust tricks or no. All of this is to say that I find the game marketing's empahsis on the single-ship control to be a little off the mark. Grabbing personal control over a ship really isn't the key to victory. Managing the RTS scenario is absolutely essential, and with the CPU being as good of a dogfighter as it is, you're often better off just letting the computer fly while you issue the overall orders. This deeply undermines the ""fly any ship you want"" idea, because it tends to make that ability a mere curiosity. A ""YMMV"" point (which I happen to enjoy) is that the game combines a basically manageable learning curve with very little hand-holding. I was especially impressed that the first mission with actual RTS elements did little micro-managing. You have a number of things suggested to you as things to do, but exactly how you go about them is quite freeform. You get space to make your own decisions, and you don't get artificially railroaded into checking off a bullet-pointed list in a certain order. I found it nicely refreshing. (I also found it refreshing that the ""get through with minimal casualties missions"" allow you enough creative leeway to actually pull off the objective with flying colors.) An actually minor, but detail-demanding complaint is that the tactical view is not ""AAA"" polished. I'm not saying this to denigrate the developer's achievement, but I think it merits pointing out. The tac-view camera is actually given too much freedom, in that you can tumble the view into all kinds of weird angles without having a quick and unambiguous directional reference available to help you get your bearings back. The tumble and rotate control of the camera is very ""twitchy,"" meaning that getting the angle you want can be a real chore. Further (and ironically) scaling the view is VERY ponderous, which is frustrating when you're trying to wrangle a bunch of ships that have run off while tracking a target, or if you're trying to get an overview of what's going on beyond your perimeter. If I were to make a suggestion, I would ask the developer to make it such that the tac-camera's rotation and tumble were significantly slower, while the zoom and pan/dolly should be signifcantly faster. Also, I would highly recommend that the tumble be restricted to +90 degrees over the ""plane of the ecliptic"" (overhead view), and -45 degrees below. Full freedom of camera movement seems nice, but actually hurts situational awareness when you get all flipped around and have to re-establish your bearings. I will readily admit that I'm taking a break from this game due to getting stymied. There's a mission that I just can't seem to crack, because I can't find the course of action that will let me endure the battering my fleet is subjected to. In that, I'm a little disappointed, because I was hoping for a title where ""jumping in"" to a ship would really allow me to tip fights in my favor. ""Void Destroyer"" doesn't do that. But, even so, this game is a brilliant piece of work. It demonstrates that this kind of idea can actually be done, and done very well.","['Strategy', 'Simulation', 'Action', 'Space', 'Adventure', 'Indie', 'Sci-fi', 'RTS', 'Space Sim']",Mixed,Iteration 11,4,4,4,3,positivo
Captain Chaos,76561197970739339,Void Destroyer,"I wanted to like Void Destroyer. It's a 3D space-shooter/rts hybrid that allows you to jump between any of your army's craft and control them directly, in the style of Urban Assault. However, I very quickly ran into serious problems with the gameplay. While I applaud the developer for creating such intricate and precise controls, I found them immensily convoluted and very quickly had to switch to the optional ""arcade-style"" controls. As someone who grew up playing space sims like the X-Wing and Tie Fighter games, this was rather humbling. However, Void Destroyer's real flaw is it's difficulty. I made it only a few levels into the campaign, on the easier of only two difficulty options, before I was utterly torn to pieces by the game's merciless AI. Void Destroyer uses Homeworld's campaign mechanic of limiting you in some missions to units you had produced in a previous mission, and forces you to carefully manage your fleet's resources- on top of dogfighting enemies in person with the afformentioned controls. I'm not sure wether I need an extra pair of hands or an extra brain or both, but until I get such, I won't be touching this game again.","['Strategy', 'Simulation', 'Action', 'Space', 'Adventure', 'Indie', 'Sci-fi', 'RTS', 'Space Sim']",Mixed,Iteration 11,2,2,3,4,negativo
VahidSlayerOfAll,76561198094803808,Void Destroyer,Void Destroyer 2 is more fun,"['Strategy', 'Simulation', 'Action', 'Space', 'Adventure', 'Indie', 'Sci-fi', 'RTS', 'Space Sim']",Mixed,Iteration 11,2,4,3,3,positivo
Hawkeye0078,76561198009480051,Void Destroyer,"controls suck, nothing interesting about this game that I can see","['Strategy', 'Simulation', 'Action', 'Space', 'Adventure', 'Indie', 'Sci-fi', 'RTS', 'Space Sim']",Mixed,Iteration 11,1,1,1,2,negativo
Darth Soul,76561198092237793,Void Destroyer,Sadly too hard and too inaccessible.,"['Strategy', 'Simulation', 'Action', 'Space', 'Adventure', 'Indie', 'Sci-fi', 'RTS', 'Space Sim']",Mixed,Iteration 11,1,2,2,4,negativo
Dogishappy,76561198017946533,Void Destroyer,"I bought this game to calm my nerves with some kickass space combat. Instead i got clunky controls, a migraine, and a sore throat. Let it be know, i love this genre, and I am no stranger to RTS games either. Something about this game though just didn't click. I spent 2 hours trying to fight my way through the tutorials to learn this aggravating control scheme, and 3 hours playing the actual game. Only making it to the first base building mission before i just quit. In that time i experienced frequent crashes, auto saves right before i die (slots 1 and 2), and more than my fare share of aggravation. With an engineering background, I’m very familiar with working in a 3D space, so I spent most of my time in the Tactical mode. The counterintuitive controls however, made it so that I could only to watch my units die one by one as the dumb AI targets enemies that I tell them not to and get overwhelmed on their way to the complete opposite end of the battlefield. Even switching to manual control of the ships didn't help much as the targeting system would insist on targeting everyone besides the enemy in front of me that I happen to already be shooting at. Even going to turret mode for a better view only successfully gave me a better view of the hull of my ship before it gets blown up half of the time. The loading times going in and out of tactical mode killed me. I don't want the ship I’m in; I want to see the map so I can choose something else that’s you know, TACTICAL! But nope! I need to wait until the game allows me to do anything that I want to do. All the while I get to listen to the groaning of the game telling me that I can't do what I want. Maybe this game would be better with a sound track, who knows? I only heard 1 song, and when it ended, I did one final assault, lost everything, and rage quit. I hate to leave things half finished, and I paid good money for this game, but nothing is worth this much of a headache. Too bad it was a complete waste of my time and money.","['Strategy', 'Simulation', 'Action', 'Space', 'Adventure', 'Indie', 'Sci-fi', 'RTS', 'Space Sim']",Mixed,Iteration 11,1,1,1,3,negativo
Lucknuss,76561197965723094,Void Destroyer,not my case,"['Strategy', 'Simulation', 'Action', 'Space', 'Adventure', 'Indie', 'Sci-fi', 'RTS', 'Space Sim']",Mixed,Iteration 11,1,2,2,3,negativo
Razter,76561197982881963,Void Destroyer,"From the get-go it felt...bad. Ok let's get through the tutorial/intros and see what's up. Well I never even made it that far. Bad controls, bad interface, lack of explanations, etc. For some reason, Steam wouldn't refund this either which is disappointing.","['Strategy', 'Simulation', 'Action', 'Space', 'Adventure', 'Indie', 'Sci-fi', 'RTS', 'Space Sim']",Mixed,Iteration 11,1,1,1,2,negativo
Immaletyoufinish,76561198034916917,Void Destroyer,"I've never wanted a refund more than I do after buying this game. I've tried to like it, I've tried to learn it and it just sucks. The controls are convoluted, the mouse is so floaty It feels like I'm blowing on a rubber duck to get it to face the right way in a bathtub. So my dogfights are just me trying to get the enemy into my view screen and failing. I've seen videos of other players struggling with flying so its not just me. And even when I succeed I only have one weapon to shoot with. Other games have more feedback and a ""fire all weapons"" button. They have more strategy that ""shoot it till its dead"". The dogfights are like driving bumper cars with nerf guns. I tried the sandbox mode and I'm thrown into the game and given a target. A target I know nothing about because I have no HUD info. And some other guy shoots it down before I do. Who is he? What was that? And what am I flying? I try to find the options to select new ships, new enemies, map, etc. Nothing. No info. Two minutes into my first game and some guy shot my only target. I then try the regular mode. I'm going through the in game instructions and then get stuck at the beginning because Im told to go through the jump gate but I have to go at full speed while holding alt-o, right click, f13, a turducken and a shoe. As I keep bouncing off of things, I start to realize I might be at the wrong structure, nothing shows up on HUD to identify it. I got as far as parking it at a ""base"" and waiting for some ships to be built. VD has a lot of hidden options that you can learn but there is nothing fun about any of it. Whats the use of having three different ways to do something when none of them make you more in control? This game is trying to capture the feeling of Homeworld but fails miserably because in Homeworld you care about your base and your ships. They are yours, you have some control over your circumstances, you have agency in the game. VD just throws you in and says ""don't fail"" without any help or info at all. I don't have any agenct in the game so I dont care what happens. It becomes a chore to try to survive one mission to the next.","['Strategy', 'Simulation', 'Action', 'Space', 'Adventure', 'Indie', 'Sci-fi', 'RTS', 'Space Sim']",Mixed,Iteration 11,1,1,1,4,negativo
Riph,76561197971872842,Void Destroyer,"An absolutely fantastic entry into the very short list of games who are RTSs but can be played in third person.  (And are fast and fun that way.) Seriously, what else is on that list?  Battlezone?  Hostile Waters: Antaeus Rising? We get a new game like this about every 5 years, so it's reassuring to see the care and attention and just plain love that was invested into the development of this one. I can confidently recommend this game for RTS fans and also for space combat fans.  You really can play it either way, and the freedom to hop back and forth means that it never, ever gets dull.","['Strategy', 'Simulation', 'Action', 'Space', 'Adventure', 'Indie', 'Sci-fi', 'RTS', 'Space Sim']",Mixed,Iteration 11,3,5,4,3,positivo
LHR Bad Karma 6,76561198005879531,Void Destroyer,"It's been a long time since I quit a game out of frustration.  Congratulations, Void Destroyer!  You did it.  I wanted to like this game, too.  Every game it's been compared to I like.  I've played dozens of space combat sims over the years.  Very few I haven't liked.  The same goes for space strategy games.  Combining these 2, I thought I wouldn't be able to stop playing this game.  Then I made it to mission 2. I've loved the Wing Commander series.  Free Space was awesome.  The X series has taken hundreds if not thousands of hours of my life.  The dog fighting in this game, it just doesn't do it for me.  I understand things have to be dumbed down because of  assortment of ships you can control, but I didn't enjoy that part. I can just control everything tactically!  That'll be fun!  And it was.  It worked great through mission 1.  Every time I accidentally went back to ship mode I made sure to put an end to that crap with a quick tap of the space bar.  Things were great.  Then came mission 2... Boss fights?  Some really fast, yet massive ship with drills on it.  It starts about to ram your command ship, hits you, knocks you around, you explode.  Over a dozen times I tried this fight, I lost.  I hated to do it, but I looked for help online.  Some people suggested lowering the difficulty.  I tried the “lose 30% health” feature so that giant drill thing died faster.  Nothing happened.  I tried it back in mission 1.  Nothing happened.  The difficulty option doesn't do anything. I tried a few more times, followed any advice I found, I died.  I threw smaller ships in it's path.  Apparently there isn't hit detection for them.  Straight through the big ship with no damage done and on it comes, smashing my ship.  Is this a bug?  The sound is horribly buggy so it wouldn't surprise me if collision didn't work correctly. The only advice I didn't try was to dogfight with your command ship.  I don't want to dogfight in this game any longer.  Honestly, nothing leading up to mission 2 trained you for this completely off the wall fight.  It's almost like the developer put it in the game as a parody. Obviously my experience isn't the norm.  There are quite a few positive reviews for this game.  I'm glad people liked this game.  I wanted to like it.  I like challenging.  I just can't bring myself to like annoying challenging.","['Strategy', 'Simulation', 'Action', 'Space', 'Adventure', 'Indie', 'Sci-fi', 'RTS', 'Space Sim']",Mixed,Iteration 11,2,2,3,4,negativo
Zachev,76561198067251264,Void Destroyer,"Edit: 1/10/2015 Since I started playing the game again after awhile, I thought I'd update my review on this game.  (It truely deserves an updated review)  First of all, the dev has CLEARLY put in a TON of effort into the game.  Although, I find it hard to fault a game that has such a devoted creator, this game gets the best of both worlds with addictive gameplay and constant updates.  The game not only runs smoother than in the past, but actually has a battle editor now, with tons of new units and more to come.  Even the clunkiness I mentioned in my original review got attention.  The only thing I feel is missing now is multiplayer, as I would LOVE to play this game with friends. So heres a bit about the game: You are essentially a commander that can give orders like any space RTS style game, only you can take manual control of anything from the largest capital ships, to the capital ships indivdual turrets, to the smallest fighters (Either built or launched from a carrier).  The whole feel of the game is very unique, and it has newtonian style physics.  The models are all pretty detailed, and the gameplay is what brought me back to check out how this game has been updated.  I love games like Sins of a Solar Empire, Homeworld, and Elite Dangerous, and if you like any of those games, you will love this one too.  Just be sure to go through the tutorial when you buy this game, as there is A LOT to learn. Conclusion: Its addictive, its refreshing, and I'm glad I payed $15 for this game.  Buy it without hesitation if you see it on sale.  If you like space games, you won't regret it. The devotion the dev has show towards improving his game, as well as the actual improvements made to the game makes me want to update my score out of 10.  You don't get many indy devs who will show that they care about their game (if you keep up with gaming current events, you know what I'm talking about).  That is why, for $15, I am updating my score to a 10/10 (up from an 8/10).  You will probably get more hours out of this game than some AAA titles for a quarter of the cost. Original Review: This game IS NOT 100% finished, but it is still a fun game to play.  Keep in mind that pretty much all of this game has been done by 1 person (if I heard correctly), so my review is rather forgiving.  The story is fairly challenging, the UI, however, is rather complicated.  There are some things in the game in terms of camera movement and overall functionality that make playing it somewhat of a hastle. EG:  double clicking a unit both centers the camera on it and selects all similar units, which makes you move your camera back to where you want to give them the order to go.  Another example of this is trying to give an attack order on a unit that is very far away.  You basically can't right click said unit because the detection area is so small (or non existant in some cases), so you have to manually move your camera over so your view is closer. Clunkiness aside, if (or when) this game gets multiplayer, I will definitly be buying another copy to play with a friend.  I like the graphics and the overall feel of the game. If you want a completely done and polished Homeworld 2 only with the ability to directly take control of every craft, this isn't the game for you.  Though it definitly feels inspired by Homeworld, it lacks quite a few finishing touches.  Like I said, despite the thousands of hours put into making the game, there is like literally 1 person doing all the work. Reading all of the patch notes the developer seems really devoted to making this game a success, so I will definitely be following this game as it progresses. All in all, I am having fun playing the game, and if you like space battles as much as I do, you probably will too.  It just needs a few finishing touches, but a lot of the game is there. 8/10,  Always glad to put a little extra money in the pocket of an indy dev.","['Strategy', 'Simulation', 'Action', 'Space', 'Adventure', 'Indie', 'Sci-fi', 'RTS', 'Space Sim']",Mixed,Iteration 11,3,5,4,3,positivo
Revoker,76561198018277440,Void Destroyer,"I dont have much time played, but I have been RTSing since dune 2000, and I have to say this game is great by all standards. It doesnt try to be overambitious and still manages to accomplish a great many things. The RTS and space combat aspect are both quality stand alone games on their own, thier intergration here is absolutely seemless and engaging. I would pay double what the devs are asking and still walk away feelig like I came out vastly ahead. If you like RTS or space combat games this is a no brainer. Lets hope there is a number 2 eventually so I can prepurchase.","['Strategy', 'Simulation', 'Action', 'Space', 'Adventure', 'Indie', 'Sci-fi', 'RTS', 'Space Sim']",Mixed,Iteration 11,4,5,4,3,positivo
TimeZeroHour,76561198008182182,Void Destroyer,Game has a major learning curve but the tutorial could use a rework did it all and still having issuse with the intro stuff.,"['Strategy', 'Simulation', 'Action', 'Space', 'Adventure', 'Indie', 'Sci-fi', 'RTS', 'Space Sim']",Mixed,Iteration 11,2,3,3,4,neutral
SnowSlaaMM,76561197970956777,Void Destroyer,Ive not played it much yet but so far so good. Cell shaded like Borderlands games.,"['Strategy', 'Simulation', 'Action', 'Space', 'Adventure', 'Indie', 'Sci-fi', 'RTS', 'Space Sim']",Mixed,Iteration 11,2,3,4,2,positivo
Kieme(ITA),76561197972636156,Void Destroyer,"A simple review Contents as for now: -a lot of ships (in the order of dozens) with 3 graphic styles (3 factions) -correction: 4 factions, 4 styles, about 3 dozens ships- -campaign mode story-driven with text acting (still can't say how many sub missions) - 6 sub missions until now. -1 small skirmish battle (ships only, no structures) -correction: other 4 missions came out after campaign progression - with structures too. -full (probably) tutorial section (several tutorials covering basics) -mission editor (can place asteroids of different sizes, debries, space dust, mine fields, ships you encountered in the campaign, some structures) The game has two modes: direct control over a single ship (they are all controllable) and tactical command where you can build and research structures and units. Direct control: each ship has a set of health points (I don't see any reference to armor or shields), and different weapons (either turreted or fixed forward), most ships have a special secondary attack, each weapon does a set amount of damage (I don't see different damage types) and has a certain behaviour/range. Movement controls are based on mouse+keyboard or joystick, they are quite hard to get (you can remap control keys), but the flight simulation is convincing (feels like space). Some basic commands are there (switch target, target nearest etc.). There are 4 possible views on any ship (1st person, 3rd person -or chase-, 3rd person with free camera -like eve online-, but the last one is not suitable for direct control, turret control, single one or all). Correction: there's a fifth view, command, that lets you steer your ship with the mouse, select targets and shoot, very dynamic, very similar to eve online. When a ship has turrets, they track the targeted enemy on their own while you can fly around. Tactical command: you can view the map with a far camera, the units are re-rendered as green/yellow/blue small ships with some bloom effect, you can give basi orders, like patrol an area, move to a point, attack etc. You can select multiple units and also give formation orders. You can select your main base and adjust three bars with three resources -research/energy/ore mining. Resources are generated/used every given time. You can build structures (like shipyards, weapon platforms etc. around the base, selecting placement on all three axis. Personal thoughts: Tactical view UI is too basic, you have little control over what's happening and the menus with ships and objects in space are lists of units you need to browse with your eyes. There is no clear counter of resources spent/used/available/produced, so you have little knowledge of what you need. Camera controls need a lot of improvements in this mode, for now it's quite hard to move, find, select, command units. There is no research panel nor research tree. You research a shipyard->build one->research corvette->build corvette, switching to main base to each research, all done in a list menu. You have little information on unit types, their characteristics  etc. Campaign is quite difficult, you can save games and there's an autosave but it's quite difficult to win against an enemy that is most always superior in numbers, usually you'll need to repeat missions in order to do what's right to do and do it faster in order to win. There is a ship cap devided for ship class, but all is moddable. Overall I like the direct control mode, it switches to another unit when yours die, with a button you can cycle all your ships, you can control any ship. I like the graphic style, the units are well designed and interesting. What I don't like is the sound, too few sounds, too little music, there's a lot to add in this. I like the graphic style although there's little of interest in space, asteroids and some dust clouds, needs a lot. The background space is convincing but quite sterile. The lack of objects leads to disorientation when using a single ship. An interesting idea that needs new features, polishing of UI especially in tactical control mode, more sounds and a complete soundtrack. The editor is nice, but should be more open since it would let us learn game basics such as base building/progression and test ships with direct control. Buy it if you want to support the product and give inputs, wait if you are looking for a finished game. Like all early access we don't know when this will be finished, how many patches-builds will come in the future and at what pace. The game developer is a nice guy who is willing to confront with the crowd, speaks english and is dedicated since kickstarted his project, a true indie. Update after some more time in game: I'm experiencing a lot of crashes, random ones, I can't replicate them in any way and there's little I can do to report bugs etc. As regarding the campaign I've reached a stalemate, my progress is frustrated by crashes and extreme difficulty, my side and the enemy's are so well placed we both toss each other small fleets of 8/10 ships (there's a cap of some sort I can't figure out more information) and the attacker loses always. Finally, the interface in tactical mode is quite difficult to navigate, especially when it comes to move commands in the xyz axis, there's no clear way to distinguish the position at the end of the move. You can upgrade your flag ship with several improvements, from auto-repairs to engine to turrets (additional). The way you do it is quite nice, get the ship closer to a transfer structure, order to move some resources into the ship (this action is shown in game by crates popping out of the structure and flying towards the ship) and then order the upgrades you want (there's a timer). Update2: after quite some more time. Looks like crashing bugs were related to something in the 3rd mission of the campaign, maybe attacking some enemy platforms. I still get a crash from time to time. I have to point out that there are 4 factions I've seen now. The progression in game not only unlocks ships and factions in the mission editor but also adds single missions (scenarios) to be played. Update3:I managed to unlock all ships via some out of game files, which I opened in wordpad. The game truly is moddable, you can modify practically all ship data, damage, HP, speed, acceleration, even the phisics (reaction controls), ROF/speed of projectiles or missiles, and I looked at their textures too, all of this was very accessible (considering I have no idea how to mod a game), and there is a practical folder for mods, that folder will prioritize loading any mod file named after game files, so you only have to drop your modifications there without touching the vanilla game files.","['Strategy', 'Simulation', 'Action', 'Space', 'Adventure', 'Indie', 'Sci-fi', 'RTS', 'Space Sim']",Mixed,Iteration 11,3,3,2,4,neutral
Mike,76561198035506750,Void Destroyer,"Unplayable, camera is constantly shaking making it impossible to do anything effectively such as aiming at enemies or moving your ship in the right direction.","['Strategy', 'Simulation', 'Action', 'Space', 'Adventure', 'Indie', 'Sci-fi', 'RTS', 'Space Sim']",Mixed,Iteration 11,1,0,1,2,negativo
Stenk,76561197973080662,Void Destroyer,"It's like Iteration 11 combined parts of Homeworld, Sins of a Solar Empire, X series, Freelancer, shook it in a cocktail mixer, and took off those nasty seeds to offer a brilliant experience. It's a difficult game in the sense that you have to manage 3 game types in a time to progress (Base Management - Units Tactics - Combat). No need to be an Octopus though since controls are well thought (1 button to switch between tactical & combat, 2 command to select a ship & enter it...) but you need to make your brain work to record all those controls - still, it's less than X3 & arma 3 to quote the worst, and you know how much we love those games. The combat feeling is amazing. I'm used to the X3 series flying model which looks rather flat compared to Void Destroyer. Indeed, It's closer to Freelancer (Newton based physics) so fighters feels like jets but damn when you boost it really boost! If you've never experienced a 30vs30 fights where you're just another ship -in the middle of ships you've made- (like an X-wing you know..) Void Destroyer could be the game to lose your virginity! The base management part is reduced to simple tasks that you can perform under an unlimited bullet time effect (so that you don't miss the fight). Basically, you'll adjust sliders to optimize income according to your currents actions: station building, ships productions & research. I really like how the interface is handling the job here, once you get it it's easy to start a research, build a couple of ships and set their rally point. The point in the strategic part is to analyze your ennemy, build the adequate type of ships & overcome the ennemy. Then, that's where the game surprised me a lot, CONTENT! Let's just throw it: Solo Campaign (Hard & Persistent), Showcases/Single Mission (Worth doing since it unlocks ships for Random Battle), Editor, Free Open World DLC... It only lacks multiplayer. And ships, so many ships.. Bad♥♥♥♥♥cell-shaded ships! If you're into cell-shading it won't graphically be a problem for you, then it's all about taste. I really enjoy the design here and it renders good in space, first time i see this so far. Technically speaking, the only thing about Void Destroyer i don't like is the sound! It's too quiet in my opinion and i'd love the music to be more present in the game. On the contrary, sound effects serve the game well and give essential information in the middle of the fight i.e ship construction finished, capital ship upgrade. The game is stable and i saw a developper saying he'll offer a key if you can find a game breaking bug. Just get quickly around the steam community hub to see how the support is real, this game is alive & Void Destroyer 2 is on its way. Worth at any price for every Space Sim fan. If you've have never experience this kind of game before, consider that the time to learn this kind of game is long (between 5 to 10h) but extremely rewarding. There are tutorials in this game that can give you enough confidence to have fun in a ""short"" time. How will you be rewarded? Epic battle, a nice feeling of freedom and the sensation to master a hardcore piece of video game. Good luck!","['Strategy', 'Simulation', 'Action', 'Space', 'Adventure', 'Indie', 'Sci-fi', 'RTS', 'Space Sim']",Mixed,Iteration 11,4,4,4,4,positivo
Tornadobutt,76561198044775200,Void Destroyer,"An excellent game, and a true dream for space fans. This game is COMPLEX. If you can't handle complexity, especially complexity of controls, skip this game and don't buy it and write reviews like ""This game is too complex / I can't learn all the controls."" The game is complex for a GOOD REASON. Beside the fact that there are TWO game modes strapped into this one game, namely RTS and space sim mode, there are MANY ways to control your ships in space sim mode. And it all makes sense too! After all, there are different types of ships: single-purpose fighter drones that you point and click (game lets you play point and click), and larger or capital ships that require separate movement, turret, and main weapon control (game lets you play this way too!) Combined with the ability to queue multiple commands, including waiting, rotating etc., allowing you to do complex formations, and with a time dilation (time slow down) feature to get it all in, what you can basically do is issue all your commands via RTS mode, then jump in and make a difference by controlling whichever ship you want! Switching between RTS and ship mode is seamless, and switching between ships is good as well (it even automatically slows time during switching between ships so that you won't be missing out!!) Excellent concept, two game modes marvellously put together into one game with good execution. CONS: Complex amount of game controls. You have to play the keyboard a little like a piano, with multiple ship control modes and commands in ship mode. That said, don't buy this game if you are averse to all that, and are simply going to write a bad review saying ""This game's controls are pretty complex."" YOU WERE WARNED.","['Strategy', 'Simulation', 'Action', 'Space', 'Adventure', 'Indie', 'Sci-fi', 'RTS', 'Space Sim']",Mixed,Iteration 11,4,5,5,4,positivo
fRodos_,76561197966543763,WARMACHINE: Tactics,"For the ones familiar with the tabletop game, this is IT !! You can play against hundreds of people from your very room, not having to meet up with anyone, carry your stuff around etc... Tho liiitle changes are implemented, but still just as great. Cannot wait till the finished product comes out, with other game-modes and units. Absolutely great ! For those not familiar with the game yet, simply put it's XCOM with more units, and more depth. Which is just what you were looking for. edit.: No Man's Land is awesome ! The performance gets better and better, tho I still experienced a crash here & there. Unit list is expanding, lots of variety is now implemented in the game ! Can't wait for Hot Seat !","['Strategy', 'Turn-Based', 'Turn-Based Strategy', 'Steampunk', 'Tactical', 'Indie', 'Fantasy', 'Multiplayer', 'Adventure', 'Kickstarter', 'RPG', 'Singleplayer', 'Board Game']",Mixed,WhiteMoon Dreams,4,4,4,3,positivo
Trippingghost,76561198000574093,WARMACHINE: Tactics,played better turn based tatic games this feels pretty bad.,"['Strategy', 'Turn-Based', 'Turn-Based Strategy', 'Steampunk', 'Tactical', 'Indie', 'Fantasy', 'Multiplayer', 'Adventure', 'Kickstarter', 'RPG', 'Singleplayer', 'Board Game']",Mixed,WhiteMoon Dreams,1,2,2,3,negativo
Azkron,76561197987355726,WARMACHINE: Tactics,"The game could be great, but it suffers of severe control, and camera issues. Avoid it until fixed.","['Strategy', 'Turn-Based', 'Turn-Based Strategy', 'Steampunk', 'Tactical', 'Indie', 'Fantasy', 'Multiplayer', 'Adventure', 'Kickstarter', 'RPG', 'Singleplayer', 'Board Game']",Mixed,WhiteMoon Dreams,2,1,3,2,negativo
Maxss2,76561198042695787,WARMACHINE: Tactics,"Update: June 2015 I honestly have been doing what I can to really be fair, and I really want to LIKE the game, but there's still so much that keeps it from being what it could be. The changes since my original review of the game that I have seen have been incremental and marginable at best. Small details that iron out rough edges, but still leaving large flaws that run through the game. Barring a severe overhaul of the game on every level, I still say to pick up the demo of the game and see how you feel with that, Otherwise, behave like there's still an 'Early Access' banner on the page. ----- Original Review ---- Despite what the site says, despite what the people promoting the game may say.... this game is still deserving of the term 'Early Access'... I'm hoping that maybe a glitch or error was made on the page that took that down, but I'm still sitting here and wishing that Steam might have the same 'return' policy that Origin has (yeah, that's right, I'm saying that this game makes Origin better than Steam, that's how far it's pushed me.) If you're hard-up for a turn-based strategy game to play, there really are better ones out there. Otherwise, if you're that much a fan of the tabletop game and wanna see (some of) your favorite warcasters out there actually move and do things, go right ahead. I'm just gonna delete this now, hopefully I can come back in a while and see a more polished product that I feel was worth my 20$","['Strategy', 'Turn-Based', 'Turn-Based Strategy', 'Steampunk', 'Tactical', 'Indie', 'Fantasy', 'Multiplayer', 'Adventure', 'Kickstarter', 'RPG', 'Singleplayer', 'Board Game']",Mixed,WhiteMoon Dreams,2,2,3,3,negativo
iseeall,76561198071531076,WARMACHINE: Tactics,"You don't need to try anything more than the game's demo on Steam to see how bad the game is. By default the graphics are set to ""medium"" or something, which means all characters, the terrain and the characters' portraits are extremely blurry which stands in stark contrast with the pixel-crisp GUI. The game was probably optimized for tiny screens, like 640x480 or something, as on my 1920x1080 the GUI elements are tiny and are scattered in the edges of the screen. The level minimap, for example, is smaller than a single soldier when viewed from max zoom out. Even after I set all graphical settings to maximum and restarted the game, everything was still blurry. There might be something wrong in their shaders code or whatever, but all objects are too glossy and too bright, with large spots of plain white on many objects. The tutorial text is written in huge blurry font. Tutorial messages tell about what on-screen buttons do but at the same time the whole GUI is hidden, so you don't know what they are talking about. You will stop understanding the explained game mechanics about 1/3 into the tutorial. After that you will keep clicking the highlighted areas/buttons with no clue what's going on. Obviously the developers never tested the tutorial on anyone except themselves. The cutscenes are ugly and some of them can't be skipped. E.g. I wanted to exit the game during an endless cutscene, and the dialog to confirm exiting was there, but when you press ""Yes"" (yes, please exit) it just hangs. This was the last straw for me. My guess is that 90% of people who try the demo will exit it and uninstall it right after the tutorial stops showing its messages and lets you finish the first mission by yourself. Or rather, most will exit even before the tutorial shows anything, after seeing the super-blurry font. All that said, the combat system seems to be pretty interesting (from what I could understand) and feels like something between XCOM Enemy Unknown and The Banner Saga. It's a pity that this promising system got such an atrocious implementation.","['Strategy', 'Turn-Based', 'Turn-Based Strategy', 'Steampunk', 'Tactical', 'Indie', 'Fantasy', 'Multiplayer', 'Adventure', 'Kickstarter', 'RPG', 'Singleplayer', 'Board Game']",Mixed,WhiteMoon Dreams,1,2,1,3,negativo
Cornelius,76561198025362073,WARMACHINE: Tactics,"I really want to like this game. I backed it on Kickstarter, I enjoy the tabletop version and turn-based squad-based combat is one of my favourite genres. Unfortunately, it's not very good. Not truly horrible, but not good. The camera has improved with patches, but it's still wonky. Many battlefields have tall structures messing up the camera and you can't zoom far enough out to get a good view. This is one of the main problems with the game. The UI takes up too much space. Gets worse because of the camera issues. The character selection process is not intuitive and not very responsive, mostly a problem when units activate out of turn. The rules are neither transparent enough nor a direct translation of the boardgame. That makes playing the game a tad more confusing than necessary, though it's not a really big deal. The developers went with a square grid movement system for no fathomable reason, when there are hexes available. Not a big deal at all, but it annoys me. The AI is stupid. Single-player skirmishes are only worth it as practice runs. I have severe CTD-troubles. If you're lucky, this is not a problem. For me, the game is not currently playable because of this combined with the next problem... [edit: I have conquered the CTD menace by setting graphics to the lowest setting possible. It works, but you can scratch the below comment about graphics -it has to look like Minecraft if I want to play.] [edit 2: Oh, it's back. Even on lowest settings.] YOU CAN'T SKIP CUTSCENES! This is unforgivable in any game. [edit: diligent research shows that you can, indeed, partially skip most cutscenes but it's not good enough and the fact that I had to be told on this forum how to do it doesn't help. ""Enter"" key, if you need to know. Not ""Esc"", oh no.] Edit 2: I still haven't figured out how to save during campaign battles, pretty sure it's impossible. For a game with CTD issues and where battles can easily take an hour, this is a problem. There are good things too: The game looks and feels good, the single-player storyline is OK, there are frequent patches to solve known issues. Unfortunately, it's just not good enough. If you don't suffer from CTDs it should be OK, but there are better games out there to spend your precious time on. Try it if you like the setting and get it for cheap. [Edited because I take my reviews very seriously and listen to constructive criticism.]","['Strategy', 'Turn-Based', 'Turn-Based Strategy', 'Steampunk', 'Tactical', 'Indie', 'Fantasy', 'Multiplayer', 'Adventure', 'Kickstarter', 'RPG', 'Singleplayer', 'Board Game']",Mixed,WhiteMoon Dreams,3,2,4,3,negativo
Erik Taurus,76561198031260263,WARMACHINE: Tactics,"The game seems fun enough. Warhammer 40K blended with stuff, but the game has one major flaw: Why developers chose this engine over others is beyond me. Maybe the former Warmachine tabletop player would enjoy it, but the game didn't offer exceptional gameplay which overweights the Unreal Fail engine so this is a ""not recommend"" from me.","['Strategy', 'Turn-Based', 'Turn-Based Strategy', 'Steampunk', 'Tactical', 'Indie', 'Fantasy', 'Multiplayer', 'Adventure', 'Kickstarter', 'RPG', 'Singleplayer', 'Board Game']",Mixed,WhiteMoon Dreams,2,2,3,3,negativo
MrMuse,76561197991657927,WARMACHINE: Tactics,"I originally had some problems with the graphics for this game as changing them from anything other than the default settings produces a strange blurry effect that distorts everything and produces headaches. Not deterred, I came back to it recently (using those default settings) to discover a very nice little TBS. The graphical style is heavilly influenced by Warhammer and some of the characters will make warcries such as ""for Sigmar!"" which emphasise this effect. Regardless of the sneaky copyright bending WMT has a lot going for it in the gameplay stakes and the way 'focus' points are distributed in controlling your main character and your bots adds an original extra tactical level. It has a decent sized single player campaign with an acceptable storyline as well as a multiplayer option but the skirmish mode is all but useless other than familiarising yourself with new units (of which there are many) due to extremely poor AI. Characters lips do not move in cut scenes which is a little irritating and this, along with the strange issues with the graphics optimisation, shows that WMT is a little rough around the edges. Despite these minor flaws it's a nice game that anyone interested in TBS will likely be pleasantly surprised by if they give it the chance it deserves. *edit* The DLC's are definitely worth picking up for the range of new and heroic units. Unfortunately, unless you have friends to play with you will never really get the use of them since the multiplayer is currently all but empty. It should also be bourne in mind that most of the negative reviews this game has are either from disgruntled fans of the tabletop game or people who have only played this early on before the continuing good work of the devs made massive improvements. A good example being that the graphics are now fully optimised.","['Strategy', 'Turn-Based', 'Turn-Based Strategy', 'Steampunk', 'Tactical', 'Indie', 'Fantasy', 'Multiplayer', 'Adventure', 'Kickstarter', 'RPG', 'Singleplayer', 'Board Game']",Mixed,WhiteMoon Dreams,3,4,4,3,positivo
Serious Sofa,76561197997529945,WARMACHINE: Tactics,"FIRST OFF, THIS GAME ISN'T BAD. I only picked 'no' because Steam hasn't given us a ""Depends"" button yet and I like to think this might encourage a little more critical thinking. I would reccomend this game to a specific group of people: namely the long time Warmachine fans. The devs did a great job of recreating the game and it's rules- it's about as close as you can get to playing the actual tabletop wargame. The graphics are rock solid and the battlefields well suited to the skirmish style gameplay. Pros: -Plays almost exactly as the original game - Models are faithful to the original designs, and even improve in some areas. -Good maps -Fair range of units But...the cons: -UI and menu layouts/designs. They're servicable, but inelegant. If you're new to Warmachine, you are going to struggle to make sense of what might come naturally to someone who plays the tabletop. - Sound design is limited. The music isn't bad, it's just that the same song loops continously while you play. I eventually turned it off and had a playlist going in the background. Voices are sporadic and mediocre. -Unit selection is fair, but  getting nickled and dimed for the  additional units is some BS.  I bought the video game to get away from this in the tabletop game, man. -And most damnably, the AI. My word, the AI is breathtakingly stupid to the point of most matches feeling anti-climatic. You'll feel like you're bullying a ret,arded kid. This AI could be decent for practice if you're new to WM as a whole, but is mediocre for anything beyond that. If you get this game, be sure you've got some buddies to play with. Because after the 6th time your AI opponent just walks it's warcaster right into the melee range of your juggernaut, the novelty wears off. In short: If you've played the tabletop and are an existing fan of WM- go for it. Just be sure you have some friends to play with. Beyond that though, I can't reccomend it. It's a good adaptation for a niche game. You just have to be into that niche to get your money's worth.","['Strategy', 'Turn-Based', 'Turn-Based Strategy', 'Steampunk', 'Tactical', 'Indie', 'Fantasy', 'Multiplayer', 'Adventure', 'Kickstarter', 'RPG', 'Singleplayer', 'Board Game']",Mixed,WhiteMoon Dreams,3,4,3,2,neutral
Lives4trauma,76561198046962626,WARMACHINE: Tactics,"The game has potential and seems fun.  A turn based strategy tactics game.  I have been gaming for about 20 years +.  This game wouldn't make my top 100, but would my top 150.  Grab on a sale.  5/10 (no game is perfect).","['Strategy', 'Turn-Based', 'Turn-Based Strategy', 'Steampunk', 'Tactical', 'Indie', 'Fantasy', 'Multiplayer', 'Adventure', 'Kickstarter', 'RPG', 'Singleplayer', 'Board Game']",Mixed,WhiteMoon Dreams,3,3,3,3,neutral
Astral and Arcane,76561198052278126,WARMACHINE: Tactics,"There is a good game here, hidden behind terrible UI and an uncooperative camera. All the DLC has been rolled into the base game, plus a second campaign. I'm recommending this game for Warmachine fans. If you buy the game on sale there is a lot here for the money. Though in it's current state there are probably a lot of other games you could play that are a lot easier to enjoy. If you're not interested in Warmachine you're going to have a hard time accepting this games short comings, this isn't the game for you.","['Strategy', 'Turn-Based', 'Turn-Based Strategy', 'Steampunk', 'Tactical', 'Indie', 'Fantasy', 'Multiplayer', 'Adventure', 'Kickstarter', 'RPG', 'Singleplayer', 'Board Game']",Mixed,WhiteMoon Dreams,3,2,3,3,neutral
cLAy_piGeon,76561198047838896,WARMACHINE: Tactics,"Want to play this really bad, Butwhen I got it is so far from a real release it aint funny. cLAy_piGeon Nov 13 @ 5:34am I must have been a sleep typing this, it should say = I wanted to play this really bad. But when I got it, I found that it is so far from a real release that it isn't funny.","['Strategy', 'Turn-Based', 'Turn-Based Strategy', 'Steampunk', 'Tactical', 'Indie', 'Fantasy', 'Multiplayer', 'Adventure', 'Kickstarter', 'RPG', 'Singleplayer', 'Board Game']",Mixed,WhiteMoon Dreams,2,1,2,3,negativo
Wungle,76561198073092169,WARMACHINE: Tactics,ok,"['Strategy', 'Turn-Based', 'Turn-Based Strategy', 'Steampunk', 'Tactical', 'Indie', 'Fantasy', 'Multiplayer', 'Adventure', 'Kickstarter', 'RPG', 'Singleplayer', 'Board Game']",Mixed,WhiteMoon Dreams,2,3,3,3,neutral
wrb41977,76561198069159152,WARMACHINE: Tactics,"Beautiful game based in a wonderful game world. For a first attempt, this is a great game. The warjacks are awesome, the units look great, and the voice acting is superb. The campaign has you playing as Alison Jakes, who is an actual character in the WarMachine tabletop game (as is Sturgis; both versions). You can also do skirmishes against the computer or against another mortal somewhere. This allows you to use some of the most iconic units in the game world. This game is fun, and immersive. I recommend it to all.","['Strategy', 'Turn-Based', 'Turn-Based Strategy', 'Steampunk', 'Tactical', 'Indie', 'Fantasy', 'Multiplayer', 'Adventure', 'Kickstarter', 'RPG', 'Singleplayer', 'Board Game']",Mixed,WhiteMoon Dreams,4,4,5,3,positivo
FantasyFreak_UK,76561197985072747,WARMACHINE: Tactics,"Genre - Steampunk?Fanatsy Turn based Strategy I have never played the board game of this but have played similar games in the past. The game itself has an extensive campaign with 20 missions, having differing objectives and units throughout. You play as the one faction Cyngar, although I suspect that other campaigns may be added later. You command basic troops, heroes and bandits (Mini Mechs). You also have access to some spells and abilitys to turn the tide of battle. The controls are not the easiest but after a bit of trial and error they should make more sense and help you decide which units to move and attack with first (I recommend the tab key for cycling through units). The game plays well and the universe and story of the campaign are fairly engaging. I haven't tried a skirmish game yet but this should allow you to contrpl the other factions against the AI or humans. There is some DLC, but this just adds more units to the skirmish mode, so don't feel obliged. A fun game for all fans of turn based strategy.","['Strategy', 'Turn-Based', 'Turn-Based Strategy', 'Steampunk', 'Tactical', 'Indie', 'Fantasy', 'Multiplayer', 'Adventure', 'Kickstarter', 'RPG', 'Singleplayer', 'Board Game']",Mixed,WhiteMoon Dreams,4,3,4,3,positivo
Joseph,76561197969643946,WARMACHINE: Tactics,"Has the core of a good turn based tactical game, but sadly is technically awful. ---- + Cool setting - Clunky gameplay - Hideous UI - Annoying performance issues - A ton of smaller problems ---- Playing this game made me realise how much I really want another Final Fantasy Tactics style game but in a shiney new graphics engine with a fully realised story and beautiful 3D animations. This is not that, though. The ""Steampunk with big robots"" theme is a good one, and the graphics hint at the core idea of the game being decent, but unfortunately it's mired in an absolute myriad of technical flaws and poor gameplay choices that make it painful to play.","['Strategy', 'Turn-Based', 'Turn-Based Strategy', 'Steampunk', 'Tactical', 'Indie', 'Fantasy', 'Multiplayer', 'Adventure', 'Kickstarter', 'RPG', 'Singleplayer', 'Board Game']",Mixed,WhiteMoon Dreams,2,1,3,2,negativo
A5tro,76561197983086292,WARMACHINE: Tactics,Clunky controls and dated/glitchy graphics make this game nearly unplayable.  I have been watching since I purchased this on kickstarter and just tried it today a year later assuming all the issues had been patched out.  I was wrong... So much lost potential in this title....,"['Strategy', 'Turn-Based', 'Turn-Based Strategy', 'Steampunk', 'Tactical', 'Indie', 'Fantasy', 'Multiplayer', 'Adventure', 'Kickstarter', 'RPG', 'Singleplayer', 'Board Game']",Mixed,WhiteMoon Dreams,2,1,2,3,negativo
Ludeman,76561197979260961,WARMACHINE: Tactics,Worst UI ever!  I tried to get into it several times.  The UI kills it for me everytime,"['Strategy', 'Turn-Based', 'Turn-Based Strategy', 'Steampunk', 'Tactical', 'Indie', 'Fantasy', 'Multiplayer', 'Adventure', 'Kickstarter', 'RPG', 'Singleplayer', 'Board Game']",Mixed,WhiteMoon Dreams,1,1,2,3,negativo
Lhetre,76561197990994295,WARMACHINE: Tactics,Played the demo: clunky and unintuitive interface makes for very slow and tedious turns ; no way to stop long and uninteresting cutscenes you'll have to see again and again as there is no savegame ; azerty keyboard is not implemented : camera movement is a nightmare. Uninstalled forever. Read a few reviews on the state of the game before buying. I'll avoid these devs in future.,"['Strategy', 'Turn-Based', 'Turn-Based Strategy', 'Steampunk', 'Tactical', 'Indie', 'Fantasy', 'Multiplayer', 'Adventure', 'Kickstarter', 'RPG', 'Singleplayer', 'Board Game']",Mixed,WhiteMoon Dreams,1,1,1,2,negativo
JhonManevra,76561198014440173,WARMACHINE: Tactics,NOT THAT BAD,"['Strategy', 'Turn-Based', 'Turn-Based Strategy', 'Steampunk', 'Tactical', 'Indie', 'Fantasy', 'Multiplayer', 'Adventure', 'Kickstarter', 'RPG', 'Singleplayer', 'Board Game']",Mixed,WhiteMoon Dreams,2,3,3,2,neutral
LeoTehJester,76561197993797203,WARSHIFT,A good game for those who enjoy a RTS Lite experience. But the challenge wanes fast.,"['Strategy', 'Action', 'Indie', 'RTS', 'RPG', 'Sci-fi', 'Third-Person Shooter', 'Mechs', 'Multiplayer']",Mostly Positive,Cyril Megem,2,4,3,2,positivo
Tommycore,76561198029757850,WARSHIFT,"Nice idea, and I would really have enjoyed playing this game. Unfortunately it is buggy beyond playable. Also, the team should be ashamed for using the legacy Unity GUI system in a release version. uGUI was introduced in 4.6, we're at 5.4 or 5.5 now. I can see much potential in this title, but at this point it should be in Early Access at best.","['Strategy', 'Action', 'Indie', 'RTS', 'RPG', 'Sci-fi', 'Third-Person Shooter', 'Mechs', 'Multiplayer']",Mostly Positive,Cyril Megem,2,1,3,2,negativo
Alive Deadman,76561198047609043,WARSHIFT,"This game is the lovechild between Dragon Commander's Dragon mode and Command and Conquer squad based combat. It has all of its good points too, and the amount of units and vehicles you can command are only rising. I can only temble with anticipation for what new things we will see in the future. Also: DREADNOUGHT UNITS. I LOVE THOSE. 10/10","['Strategy', 'Action', 'Indie', 'RTS', 'RPG', 'Sci-fi', 'Third-Person Shooter', 'Mechs', 'Multiplayer']",Mostly Positive,Cyril Megem,4,5,5,3,positivo
Ninjazz,76561197964373272,WARSHIFT,"Watch the game kick my butt: It feels like the Warshift devs all went into a design meeting one day, each with their own ideas on what their next game should be like.. ""Let's make an RTS!"" ""No, we should do a MOBA."" ""What? I wanted to make a third person action game!"" ""Whatever it is, it needs transforming mechs..."" And the lead designer just looked all of them in the eyes and said... ""Yes."" That leaves us with Warshift, a game that really can't make up it's mind which genre it represents, but it doesn't seem to care. I'm not going to make excuses here, it's a weird game. For the most part, levels are set up in MOBA fashion, where your objective is to take out the enemy base directly across from you on the map, mostly by crushing it under hordes of minions. However, the game doesn't just hand you the infrastructure to build all those minions. You have to build all that yourself. This is where the RTS part kicks in. You get to choose where you place your buildings that ""spawn"" troops to go fight, which troops to spawn, and where to place turrets, resource mines, etc. So where's that 3rd Person shooter/action game come in? Well, at any time you can hit tab to pop into the driver seat of your own upgradable ""avatar"" unit. Take it out for a spin, blow up some baddies! Carry a lane up to the enemy base! The core and mechanics of the game are pretty solid, and a lot of fun. They could still use a little tweaking, but there's a gem in this rough. There's also multiplayer, but as of yet I haven't had a chance to test it, and it's in it's early stages. If I were going to pick a single downside that stands out for this game so far, it would most likely be the limited content. There are several game modes, but the number of ""avatars"" is pretty limited. (At the time of writing this, there are only 6) and only a few maps. I'd really like to see more avatar units fleshing out the game, as well as possibly more than just the two factions. (Admittedly though, I'm not sure what the storyline is supposed to be, so I don't know how the factions all fit in.) The current game modes with the limited avatars and maps makes things a bit repetetive right now. Some more maps and such would also be nice, and of course, plenty of polishing and balancing. This being an early access title though, I'm sure there's quite a bit more in the pipeline. Overall, there's a lot of promise in this game, a lot looks good, and it's good fun to play even now. If you've got the extra $ laying around and want something a bit different from the norm, Warshift makes for a tempting morsel. If you'd care to see the game in action, you can watch the game kick my butt in the video link above.","['Strategy', 'Action', 'Indie', 'RTS', 'RPG', 'Sci-fi', 'Third-Person Shooter', 'Mechs', 'Multiplayer']",Mostly Positive,Cyril Megem,2,4,3,3,positivo
Garythewhale,76561198180715274,WARSHIFT,awsome game with mechs,"['Strategy', 'Action', 'Indie', 'RTS', 'RPG', 'Sci-fi', 'Third-Person Shooter', 'Mechs', 'Multiplayer']",Mostly Positive,Cyril Megem,2,4,3,3,positivo
GordnBenit,76561198037138569,WARSHIFT,"This game is a testament to the days of good ol' fashion , and the style of many other classic RTS games that have simply died out within the evolving RTS genre. It really is back to basics in WARSHIFT; moving away from the squad micro-management trends seen in the likes of and , it could be most accurately compared to the classic style of RTS seen in and , with focus on building large armies, rapid dynamic takeover of resource points, simplistic unit roles (and cheesy voice acting) etc, a style I have certainly missed. However, that's about where it ends in regards to comparison to classic titles. WARSHIFT makes itself stand out to me, by featuring a rarely seen FPS/RPG/RTS mechanic, allowing a player to directly interact with the battlefield in the form of their own ""Avatar"" unit, in glorious third/first person perspective. You can ♥♥♥♥♥♥♥♥♥♥up on the frontline in your very own Robo-rex/ Fighter-jet transformer (yes, a robotic T-rex that morphs into a mother♥♥♥♥ing aerial assault craft, it's as cool as it sounds), with a whole range of weaponary and upgrades to customise your avatar with, including level upgrades and item unlocks as your character levels up during each match. And there's at least 6 different Avatars as of now, each with their own unique set of items and upgrades, I mean you can play as a laser-katana-wielding-jetpack-cyborg-ninja if you want. Pressing tab allows the player to switch between RTS mode and Avatar control, allowing for pretty interesting gameplay. With two distinct factions, unique character models and awesome graphics all around, it's as beautiful to watch as fun as it is to play. While it might be less prominant in the lore department, the gameplay alone is more than captivating, with a range of good missions currently, along with functioning skirmish and multiplayer, although I do hope for more content to come. There are a few niggles you might expect with an indie EA release, such as a few ingame mechanics that aren't self explanatory, although there are 20 or so youtube tutorial videos (about a minute or two each) and 4 tutorial missions to help, and at times, some of the text has been awkardly worded, possibly mis-translated, but it's certainly not illegible. And the occasional falling through the floor glitch. TL:DR It's so much fun even in it's unfinished state, and brings back an older style of RTS gameplay most games of the genre lack nowadays, with it's own unique twist. Would definitely get it for ♥♥♥♥ing Robo-rex/Fighter-jet transformers alone.","['Strategy', 'Action', 'Indie', 'RTS', 'RPG', 'Sci-fi', 'Third-Person Shooter', 'Mechs', 'Multiplayer']",Mostly Positive,Cyril Megem,2,4,4,3,positivo
Dragun16,76561198010913857,WARSHIFT,"2 almost 3 hours of game play, and i give up the damn AI controlling the tanks is ♥♥♥♥♥♥♥♥, they sould just start clusterfu(*&ing around any turrets i placed near there pathing. Looks great vary small install, and neat idea of costomizing the Combat vehicle you pilot, but it feels to Dragon Comander with less ability to rely on the AI controls to handle things while you build a base, make expansions or generally try to enjoy the Third person aspect. All in all, its got potential, but still feels unfinished for it being out of EA, Not going to even bother telling my friends about this one enless they ask what i thought about it and that will be ""wait for it to be finished"".","['Strategy', 'Action', 'Indie', 'RTS', 'RPG', 'Sci-fi', 'Third-Person Shooter', 'Mechs', 'Multiplayer']",Mostly Positive,Cyril Megem,2,2,3,3,negativo
King Skywhale,76561198115812513,WARSHIFT,"Alright, so to keep it simple I'll divide into pros and cons Short version: This game is good, but has annoying faults that make it very difficult to want to play it sometimes. Pros - Good balance of combat and strategy Has a good balance between playing as your ""super"" unit and playing as the commander, and the player's unit leveling up deciding how much you can build is good. - Fort building The fort building aspect is fun, especially with certain mechanics in the game. - ARC being able to move The main base of each match is the ARC. This thing is literally a huge ship that can move. This means if your getting attacked, bombard the enemies to confuse and then just peace out. It makes it a lot more fun since you can't just send a few guys to finish off an ARC. You have to send more guys which takes time they can use to set up defense. This makes the game go a little longer, and lets you test some of those new techs they give you. Cons - F***ing artillery Artillery is so dumb in this game. All it does is make you have to take control of your unit and go kill a guy. It's not dangerous, it's just stupid and annoying. - No healing ARC While this is a possible choice by the game designers, it doesn't make it very fun. The ARC can't be healed, and combined with artillery, the enemy can choose to randomly bombard you for a second, get killed, and then do it over again. The AI does this sometimes and it makes it less like an awesome battle and more like a game of whack-a-mole where you have to hit the artillery before they cause too much damage. Not. Good. - Towers. The towers don't have enough health. The enemies have a super unit as well, so he can deal massive damage o your towers, Making it very hard to keep defenses. Its just annoying because then all you have to do is use your super unit and killem, but it takes time to rebuild. This is a good game, but has annoying faults.","['Strategy', 'Action', 'Indie', 'RTS', 'RPG', 'Sci-fi', 'Third-Person Shooter', 'Mechs', 'Multiplayer']",Mostly Positive,Cyril Megem,3,4,4,3,neutral
Blitzwing,76561198133845992,WARSHIFT,"I am a Battelzone Veteran, finally after 1998 is a new Ego Shooter RTS unleashed. I literally prayed for years for this game and finally it's there with awesome aliens and transformers. So you can in RTS style build and command , than like ego shooter shoot at enemy, so both genres combined. And works online. You have Bots or AI here. The game looks awesome by 2 different factions. People even if it early ascess , its definitely the game of the year for me. You have story here with 10 cool Missions. 4 maps , the one is in Space and 3 on ground. You have 5 awesome heroes , one is a Mech/Jet Transformer. So you can fly around and shoot down the enemy, then just press ""Tab"" and you have the RTS view and can command units like Troopers , Rocket vans and Space-Battle-Ships or order Nukes to launch them at enemy. The alien look really awesome like a mix of Balrog , Bugs with Tyrranids.","['Strategy', 'Action', 'Indie', 'RTS', 'RPG', 'Sci-fi', 'Third-Person Shooter', 'Mechs', 'Multiplayer']",Mostly Positive,Cyril Megem,4,5,5,3,positivo
Dr Dave,76561198092802767,WARSHIFT,Very hard control mode. Not too friendly user interface,"['Strategy', 'Action', 'Indie', 'RTS', 'RPG', 'Sci-fi', 'Third-Person Shooter', 'Mechs', 'Multiplayer']",Mostly Positive,Cyril Megem,2,2,3,4,negativo
Random,76561198053232801,WARSHIFT,"This game is a lot better than it has any right to be.  Don't go in expecting triple A and you will be pleasantly surprised.   The RTS side of the game is stronger than the FPS, which seems like a tacked on feature.  Just play it like an RTS with your big T-Rex flying tank and a bunch of crazy OP units.","['Strategy', 'Action', 'Indie', 'RTS', 'RPG', 'Sci-fi', 'Third-Person Shooter', 'Mechs', 'Multiplayer']",Mostly Positive,Cyril Megem,3,4,4,2,positivo
hotspur59,76561198078773953,WARSHIFT,"Wow this snuck under the radar! Great little game, sort of a warhammer 40k but without the official lore. Very nice selection of unit types from troopers upto series space ships, and alien worlds to fight over. The ""carrier"" is especially cool with it's fleets of bomber and strike craft, plus it's own formidable arsenal of weapons. Graphics are top notch and there are several detailed tutorials which some more expensive and famous games could do with  these days. You can tell it's a labour of love by the dev. and good luck to him. A big bonus is you can switch from 3rd person to first person on some of the weapons systems and watch the enemy burn under your lasguns or whatever. You can base build and add all sorts of goodies to theplanet to improve your production strength in the good old RTS traditions. Worth every penny even when not on sale IMO. This guy should be encouraged to add more.","['Strategy', 'Action', 'Indie', 'RTS', 'RPG', 'Sci-fi', 'Third-Person Shooter', 'Mechs', 'Multiplayer']",Mostly Positive,Cyril Megem,3,5,5,3,positivo
unknown.notregistered,76561198129101111,WARSHIFT,"Its neat, cheap and not all that bad. Just really short. There is issues with the controls, and the campaign is far too short I think. It took me far too long to recognize automated squads to make it easier, but to that end it almost makes it too easy. Set up the right combinations of forces and you can just sit back and all you will have to do is some spot coverage with your Commander ""Avatar"" to make sure you don't loose the base. Its not bad by any means. Its fun and quite unique in its own right. A kind of Transformers meets Total Annihilation kind of feeling to it. I'd say give it a shot.","['Strategy', 'Action', 'Indie', 'RTS', 'RPG', 'Sci-fi', 'Third-Person Shooter', 'Mechs', 'Multiplayer']",Mostly Positive,Cyril Megem,2,3,4,2,positivo
Hippy Treehugger,76561198014096843,WARSHIFT,"THIS GAME IS A MOBA THAT TRIES TO BE AN RTS in terms of a RTS it weird, but since i don't care for Moba's that's what i'm having trouble with. another problem is the defense turrets. they suck hard core. the game focuses on the action aspect with your ""hero"" and unit spamming that base building feels like it comes up short. a major issue is the power sources, their a bottleneck in base design. i love RTS games and the way power supplies for buildings and turrets are what's keeping it from being a ""real"" RTS and i use that loosely. all though i like the game, but its focus on Moba style of play over RTS is why i give this a thumbs down. i simply can not recomend this game.","['Strategy', 'Action', 'Indie', 'RTS', 'RPG', 'Sci-fi', 'Third-Person Shooter', 'Mechs', 'Multiplayer']",Mostly Positive,Cyril Megem,2,2,3,3,negativo
gotch,76561198111067551,WARSHIFT,"unfortunately while the graphics are nice and pretty the gameplay is poo,its not much good in fps mode nor is it any fun at all in build n kill mode. its main failing is the disorganised build menus,trying to build multiple soldiers and vehicals turns into a slooow and very time consuming struggle which simply defeats any fun factor at all. i thought maybe skirmish mode would be better but theres no difference between easy,normal or hard mode far as i can see,the enemy always has far more resources than you and gets to max level in minutes,you on the other hand still have poxy weapons after 15mins of playing,at which point the AI simply arrives at your base,drives in and destroys everything. id expect that if i was high level and difficulty was high,but this is on easy and im level one still. great idea,great graphics but gameplay is only for vetrens /early starters,new players will simply bin it and go find something thats fun,which is the whole point of games..fun...not frustration. company of heroes ,c+c ,even the old total annilation still outshine these newer offerings in terms of enjoyment. shame because i was looking forward to having a decent b+k game again,sadly this isnt  going to be the one.","['Strategy', 'Action', 'Indie', 'RTS', 'RPG', 'Sci-fi', 'Third-Person Shooter', 'Mechs', 'Multiplayer']",Mostly Positive,Cyril Megem,2,1,3,4,negativo
DaddyChillis,76561197993276337,WARSHIFT,So much fun and what a deal at only 10 bucks!,"['Strategy', 'Action', 'Indie', 'RTS', 'RPG', 'Sci-fi', 'Third-Person Shooter', 'Mechs', 'Multiplayer']",Mostly Positive,Cyril Megem,2,5,4,3,positivo
DA TEKKY ORK GIT [squid],76561198051351289,WARSHIFT,"This game needs work but for being CREATED BY ONE SINGLE HUMAN BEING this game is a masterpiece. The AI is wonky, the maps feel small and it really needs optimization. If you like RTS games whatsoever this is a good play but not at it's current price (currently twenty bucks).","['Strategy', 'Action', 'Indie', 'RTS', 'RPG', 'Sci-fi', 'Third-Person Shooter', 'Mechs', 'Multiplayer']",Mostly Positive,Cyril Megem,2,3,3,3,positivo
Sora Toriyama,76561198110054641,WARSHIFT,"Honestly, this game is HARD to get behind, I was sold from trailers and screenshots, thinking it would be a mix between Supreme Commander (Which it is, but not the ways you expect.) and Hawken (Yes i'm comparing it to that as well.) And honestly, it may be good in some places, but those good, are faaaaar outweighed by the bad. Firstly, this game hasn't been properly optimized in my opinion, i can run ARMA 3, ARK, hell.. even Elite Dangerous with barely or no issues frames, or stability wise. With this, i struggle to even get 15 frames on the lowest settings possible, along with constant crashes. It may be because my computer is Bipolar in a way. But i think this is optimization issues honestly. Secondly, the UI and Controls are HORRIBLE. Oh my god i have never found a game that didn't know if it wanted to have stiff, or loose controls. Some moments i'm perfectly fine and i turn ever so gently to find myself doing a full 360 turn. Gameplay is, well. Look at other reviews to find that out. Units and 'mech' customization are poor, bland, hell i think when i played it a week or so ago. There we like a dozen or two dozen units, most of which were weak and could get eaten alive by the AI easily. Speaking of AI, jesus christ, you want to see an AI who has the strategy equivlent of Dark Souls? Well, here ya go! First playthrough, i'm pretty much dead and it's game over within 10 minutes. Second, the AI lets me strangely mop the floor with them. And third (All on easy mind you.) it's about med, not too easy and not too hard. It's almost like it has a difficulty spike, which makes it either too boring, or rage inducing. On the plus side of all of this. Gameplay, **WHEN GOOD** is awesome, i love the approach the devs made to it, and if it had just a little more fleshing out, i would recommend this wholeheartedly, but at the current price of $13.00... No Sadly though, it seems the devs have abandoned this and left it to die, as the last update was in Febuary of this year. 4/10 Could have been better. (And may, if the devs come back.)","['Strategy', 'Action', 'Indie', 'RTS', 'RPG', 'Sci-fi', 'Third-Person Shooter', 'Mechs', 'Multiplayer']",Mostly Positive,Cyril Megem,2,3,2,3,negativo
Demonocolips,76561198009550819,WARSHIFT,good ideas most of them work. camera controls and movement with hero units is nauseating. limitations on strategy controls seem arbitrary. the game is indeed made by one person. i was a kickstarter backer and for the most part nothing has really changed from about 2 years ago. for 15 dollars its not bad but there are longer and less limiting games on the market.,"['Strategy', 'Action', 'Indie', 'RTS', 'RPG', 'Sci-fi', 'Third-Person Shooter', 'Mechs', 'Multiplayer']",Mostly Positive,Cyril Megem,2,3,3,2,neutral
ssfsx17,76561198006653128,WARSHIFT,"In terms of number of different units and buildings - it's a pretty simple game, even more simple than Starcraft. But in terms of multiplayer fun, it's extremely fun. One player on each team is the commander and creates all the normal units and buildings. The second and third players on each team focus entirely on their combat avatars, and play a third-person action game where they can turn the tide of battle, and are required to activate energy points so that the commanders can place more buildings. Think of it as an action MOBA where you have a lot more control over the buildings and units on the battlefield. Or, think of it as a simplified version of what Starcraft Ghost could have been.","['Strategy', 'Action', 'Indie', 'RTS', 'RPG', 'Sci-fi', 'Third-Person Shooter', 'Mechs', 'Multiplayer']",Mostly Positive,Cyril Megem,2,4,3,2,positivo
Root,76561198031447499,Wargame: Red Dragon,"Infuriating gameplay.  This is the one game I own that will get me angry, besides Wargame:Airland.  When it's good, it's an impressive game that gives me something no other game has given me since ""The Operational Art of War"" or my days playing Avalon Hill wargames.  Unfortunetly, these moments are few and far between. I curse the inability for my units to engage enemy units, for artillery to hit enemy units, for opposing AI's bonuses in campaigns, air units inability to attack and turn before entering enemy AA range, and for the sheer embarassment of multiplayer. This game has the worst learning curve I've ever seen.  The good news is you can slow the pace of the game down so you don't get overwhelmed, but there is no novice difficulty level.  You will always face an enemy AI that will defeat you if you make bad decisions, and sometimes even when you make good decisions. This has been called the most realistic RTS game out there, that is accurate, but only because the other ones have little to no basis in reality.  This game is not a simulation, it takes  a lot of liberty with reality in order to make a fast paced game.  I really wish this game had an educational aspect like old school games ""Harpoon"", ""Phase Line Smash"", or ""Crisis: Korea 1995"". I can ignore the other games that have existed and judge this game by the predominant emotion I get when playing: frustration.","['Strategy', 'RTS', 'Military', 'Realistic', 'Multiplayer', 'Cold War', 'Wargame', 'Tactical', 'Real Time Tactics', 'Naval', 'Simulation', 'War', 'Alternate History', 'Action', 'Real-Time', 'Singleplayer', 'Difficult', 'Co-op', 'Adventure', 'Atmospheric']",Very Positive,Eugen Systems,2,1,3,4,negativo
Übermensch995,76561198055684649,Wargame: Red Dragon,Worth both money and time,"['Strategy', 'RTS', 'Military', 'Realistic', 'Multiplayer', 'Cold War', 'Wargame', 'Tactical', 'Real Time Tactics', 'Naval', 'Simulation', 'War', 'Alternate History', 'Action', 'Real-Time', 'Singleplayer', 'Difficult', 'Co-op', 'Adventure', 'Atmospheric']",Very Positive,Eugen Systems,3,5,4,4,positivo
dixoniii,76561198112475849,Wargame: Red Dragon,Has great qualities but ai may be missing the I in Ai. PVP though still works great. So Strategy Approved,"['Strategy', 'RTS', 'Military', 'Realistic', 'Multiplayer', 'Cold War', 'Wargame', 'Tactical', 'Real Time Tactics', 'Naval', 'Simulation', 'War', 'Alternate History', 'Action', 'Real-Time', 'Singleplayer', 'Difficult', 'Co-op', 'Adventure', 'Atmospheric']",Very Positive,Eugen Systems,2,4,4,3,positivo
Imnuktam,76561197978454468,Wargame: Red Dragon,"This game definitely has some good and bad, but overall I enjoyed it. The campaign mode (which really resembles the board game Axis & Allies) was probably my favorite way to play. Cons Micromanagement, a lot of orders to be given and you have to manage everything right down to ammo and refuelling. Adds another level to strategy, but can also feel like a lot of work at times when a guy has say 4 tow missles and is out constantly needing refuel. Facing units can be a problem at times, I will tell one 9 times which way to face and he ignores me and keeps his weak side armor facing the oncoming enemy for some reason. To capture and hold a territory you need a command unit and it has to stay in there forever. Since they are a little pricey and die easily this feature was eventually replaced in newer games by pushing the line instead of holding with Cmd unit. NO TUTORIAL. That is the biggest drawback to this game, it desperately needed one that is playable and instead you only get a few pages to read and its just not enough to teach you the game. Pros Lot of available units Lot of diversity in units Great campaign mode, especially if you played and liked axis and allies Good graphics when you zoom in for a game that didnt really need to since no one but me ever does lol Campaign adds another level by not giving you access to everything, instead you have battleunits that must be in province to allow you to take those units. Chopper for choppers arty for artillery etc. Game has come a long way since release when I gave it a thumbs down. After revisiting this and playing again am changing this to a thumbs up because I really enjoy that campaign mode. So sad they dont have the same thing in future titles like SD Normandy.","['Strategy', 'RTS', 'Military', 'Realistic', 'Multiplayer', 'Cold War', 'Wargame', 'Tactical', 'Real Time Tactics', 'Naval', 'Simulation', 'War', 'Alternate History', 'Action', 'Real-Time', 'Singleplayer', 'Difficult', 'Co-op', 'Adventure', 'Atmospheric']",Very Positive,Eugen Systems,4,3,4,4,positivo
Ivan Moreira,76561198010641857,Wargame: Red Dragon,"PSA: the autoresolve feature is completely broken and useless, even on easy. Using autoresolve or through battle, I couldnt even pass on the first stage of the easy campaing.  This game is clearly not for me, although I`ve been playing turn-based games since civ1 and rts games since AoE2:AoK and playing Total War games since Medieval (where the auto-resolve feature actually works, go figure!). Anyway, I uninstalled and dont intend to ever play this franchise again (I tried european escalation before and didnt liked it either).","['Strategy', 'RTS', 'Military', 'Realistic', 'Multiplayer', 'Cold War', 'Wargame', 'Tactical', 'Real Time Tactics', 'Naval', 'Simulation', 'War', 'Alternate History', 'Action', 'Real-Time', 'Singleplayer', 'Difficult', 'Co-op', 'Adventure', 'Atmospheric']",Very Positive,Eugen Systems,1,1,2,4,negativo
plooschack,76561197992988822,Wargame: Red Dragon,"The shortest way to describe ""Wargame - Red Dragon"" is to say ""It's worthy descendant of >Wargame - Airland Battle<"". It is a great example of frenchise evolution by improving aspects known from the prequel (like graphics, interface) and adds new stuff (naval battles). Especially new form of campaign got my attention and appriciation. Instead of premade battlegroups, player controls pins in size of Regiments, Battalions and Companies and composes his battlegroup as he see fit (to some degree). Those are the good things. Of coruse there are always bad things too. In case of ""Red Dragon"" it will be AI and small number of maps. While they are quite different from each other, there is really small number of maps and after second campaign you will keep seeing the same set of maps with slightly different setup of objectivezones. To sume it all - Wargame, still awesome! :)","['Strategy', 'RTS', 'Military', 'Realistic', 'Multiplayer', 'Cold War', 'Wargame', 'Tactical', 'Real Time Tactics', 'Naval', 'Simulation', 'War', 'Alternate History', 'Action', 'Real-Time', 'Singleplayer', 'Difficult', 'Co-op', 'Adventure', 'Atmospheric']",Very Positive,Eugen Systems,4,4,4,3,positivo
Bigler,76561198137430756,Wargame: Red Dragon,"What can I say... This game is literally the best. Quite literally the best game ever. Strategy so in depth, every action has consequences. Do I move my Abrams up to defend my commandos being hit with artillery from the right flank? Do I quickly rush my Apache to hit their heavy T-90 that is tearing up my mariens and hope my arty stunned their AA? Should I just sit there in the tree line when my freaking team needs me to apply pressure to win the game? (This happnes often with incompetent teammates) Despite this, love every minute. Even as my line is blasted away by fleats of trashy 1950 era soviet bombers I can't help but appreciate their strategy, and the beautiful explosions as my Delta force is pummeled back to the stone age with 500lb bombs.","['Strategy', 'RTS', 'Military', 'Realistic', 'Multiplayer', 'Cold War', 'Wargame', 'Tactical', 'Real Time Tactics', 'Naval', 'Simulation', 'War', 'Alternate History', 'Action', 'Real-Time', 'Singleplayer', 'Difficult', 'Co-op', 'Adventure', 'Atmospheric']",Very Positive,Eugen Systems,4,5,5,4,positivo
hallodxDBL,76561198058010151,Wargame: Red Dragon,Don't be fooled by the trailer movies lol this game is very hardcore and requires some time to learn. But it's addictive and rewarding for each victory you achieved. And I hope they make a warhammer 40k with this engine.,"['Strategy', 'RTS', 'Military', 'Realistic', 'Multiplayer', 'Cold War', 'Wargame', 'Tactical', 'Real Time Tactics', 'Naval', 'Simulation', 'War', 'Alternate History', 'Action', 'Real-Time', 'Singleplayer', 'Difficult', 'Co-op', 'Adventure', 'Atmospheric']",Very Positive,Eugen Systems,3,5,4,4,positivo
Chief Zuma,76561198006591585,Wargame: Red Dragon,I've bought every wargame since the series began and this is by far the best. There aren't as many ships as there should be and I kind of miss fighting in europe (not that Asia isn't fun) but it's still a fantastic game.,"['Strategy', 'RTS', 'Military', 'Realistic', 'Multiplayer', 'Cold War', 'Wargame', 'Tactical', 'Real Time Tactics', 'Naval', 'Simulation', 'War', 'Alternate History', 'Action', 'Real-Time', 'Singleplayer', 'Difficult', 'Co-op', 'Adventure', 'Atmospheric']",Very Positive,Eugen Systems,4,5,4,3,positivo
L. Turowiesky ( ͡° ͜ʖ ͡°),76561198020469084,Wargame: Red Dragon,9/10 Best checking missile range simulator 2014,"['Strategy', 'RTS', 'Military', 'Realistic', 'Multiplayer', 'Cold War', 'Wargame', 'Tactical', 'Real Time Tactics', 'Naval', 'Simulation', 'War', 'Alternate History', 'Action', 'Real-Time', 'Singleplayer', 'Difficult', 'Co-op', 'Adventure', 'Atmospheric']",Very Positive,Eugen Systems,2,5,4,4,positivo
Boone,76561197970754741,Wargame: Red Dragon,"Awesome game, highly recommended.","['Strategy', 'RTS', 'Military', 'Realistic', 'Multiplayer', 'Cold War', 'Wargame', 'Tactical', 'Real Time Tactics', 'Naval', 'Simulation', 'War', 'Alternate History', 'Action', 'Real-Time', 'Singleplayer', 'Difficult', 'Co-op', 'Adventure', 'Atmospheric']",Very Positive,Eugen Systems,3,5,4,4,positivo
K. Penney,76561197967643963,Wargame: Red Dragon,"I have 456 hours clocked ONLINE with this franchise. At times, (and especially when you're new to the franchise-) it seems daunting. It's been one of the most rewarding RTS experiances of my life, alone, and especially with friends. If you're already a fan of miniature gaming (Warhammer, Flames of War), you're a Cold War / West vs East buff, and you do enjoy psuedo-realistic RTS,--- BUY THIS GAME AND GIVE IT A LEGIT, OL' FASHIONED TRY ---, otherwise you'd be kicking your self in the♥♥♥♥♥for letting it pass you by! If you're unsure, watch a 'Let's Play' or FIVE.","['Strategy', 'RTS', 'Military', 'Realistic', 'Multiplayer', 'Cold War', 'Wargame', 'Tactical', 'Real Time Tactics', 'Naval', 'Simulation', 'War', 'Alternate History', 'Action', 'Real-Time', 'Singleplayer', 'Difficult', 'Co-op', 'Adventure', 'Atmospheric']",Very Positive,Eugen Systems,4,5,5,4,positivo
Chadworthy,76561198134219338,Wargame: Red Dragon,It boils down to there being better games out there. For an RTS this just wasn't good.,"['Strategy', 'RTS', 'Military', 'Realistic', 'Multiplayer', 'Cold War', 'Wargame', 'Tactical', 'Real Time Tactics', 'Naval', 'Simulation', 'War', 'Alternate History', 'Action', 'Real-Time', 'Singleplayer', 'Difficult', 'Co-op', 'Adventure', 'Atmospheric']",Very Positive,Eugen Systems,1,2,2,3,negativo
robdoggiii,76561197994753759,Wargame: Red Dragon,"Ok ok, I loved Wargame Escalation Europe. It was fresh and highly realistic with huge maps to accomidate the ranges of modern warfare. So Red Dragon and even Airland battle really aren't justified in their full game price. Not enough has changed in the games. I'm sure some modders could easily have made both sequals to Wargame EE for free. Anyways unless super cheap on a steam sale do not buy.","['Strategy', 'RTS', 'Military', 'Realistic', 'Multiplayer', 'Cold War', 'Wargame', 'Tactical', 'Real Time Tactics', 'Naval', 'Simulation', 'War', 'Alternate History', 'Action', 'Real-Time', 'Singleplayer', 'Difficult', 'Co-op', 'Adventure', 'Atmospheric']",Very Positive,Eugen Systems,2,3,4,4,negativo
aubergine18,76561198190710127,Wargame: Red Dragon,"Looks nothing like the screenshots - not even close, at least in singleplayer. Just an overview map with a bunch of battle groups that appear to be completely uncontrollable, with player and computer taking alternate turns. I've not yet found any sort of tutorial so I have literally no clue what I'm supposed to be doing. Until I can actually work out what the heck I'm supposed to be doing in this game, it's getting a big thumbs down!","['Strategy', 'RTS', 'Military', 'Realistic', 'Multiplayer', 'Cold War', 'Wargame', 'Tactical', 'Real Time Tactics', 'Naval', 'Simulation', 'War', 'Alternate History', 'Action', 'Real-Time', 'Singleplayer', 'Difficult', 'Co-op', 'Adventure', 'Atmospheric']",Very Positive,Eugen Systems,1,1,2,3,negativo
Janine Bagborn,76561197978567503,Wargame: Red Dragon,"This is a great RTS. Probably one of the best I have played although I have one gripe; the unbalanced units and disappearing tanks. What bothers me most about this game is that as soon as you fire a TOW or SALCOS, FAGOT missile at a tank, they often disappear for no reason. I watch a lot of war footage and have never seen a tank disappear after a TOW missile fires at it. Makes the game almost unplayable at times.","['Strategy', 'RTS', 'Military', 'Realistic', 'Multiplayer', 'Cold War', 'Wargame', 'Tactical', 'Real Time Tactics', 'Naval', 'Simulation', 'War', 'Alternate History', 'Action', 'Real-Time', 'Singleplayer', 'Difficult', 'Co-op', 'Adventure', 'Atmospheric']",Very Positive,Eugen Systems,3,2,4,4,negativo
Terry,76561198031777870,Wargame: Red Dragon,Very good game. There's just one thing - absolutely unrealistic behaviour of infantry in towns. They do somehow teleport between adjanced squares and many players use this to their advantage. Also some units are out of balance and are used notoriously producing somewhat repetitive multiplayer experience. But there many pros to this few cons.,"['Strategy', 'RTS', 'Military', 'Realistic', 'Multiplayer', 'Cold War', 'Wargame', 'Tactical', 'Real Time Tactics', 'Naval', 'Simulation', 'War', 'Alternate History', 'Action', 'Real-Time', 'Singleplayer', 'Difficult', 'Co-op', 'Adventure', 'Atmospheric']",Very Positive,Eugen Systems,3,4,4,4,positivo
JonBax,76561198067774312,Wargame: Red Dragon,"A high quality RTS with Macro and Micro tactics, good price, 3 free dlc's, and great community. * Please read up on how to play the game, it does have a slight learning curve.","['Strategy', 'RTS', 'Military', 'Realistic', 'Multiplayer', 'Cold War', 'Wargame', 'Tactical', 'Real Time Tactics', 'Naval', 'Simulation', 'War', 'Alternate History', 'Action', 'Real-Time', 'Singleplayer', 'Difficult', 'Co-op', 'Adventure', 'Atmospheric']",Very Positive,Eugen Systems,3,5,4,3,positivo
-5D- The Law,76561198041310329,Wargame: Red Dragon,"New Review: 4/15/2014 Ok now the game starts to be what it is suppose to be! GREAT GRAPHICS, GREAT GAMEPLAY, NAVAL FINALLY ON!!!!! THAT'S THE EUGEN I KNOW!!!! This game is great, if you like strategy and tacticts this is the game for you, play as navy, play as air play as ground, all are extremely FUN!! The graphics are amazing!! Sounds (even if ships sounds could be better) are ASTONISHING!!! This is a great GAME HIGHLY RECOMENDED!!! OLD REVIEW: WHY DID I EVEN BOTHER BUYING THE BETA? So let me get this straight in CLOSED BETA NAVAL it's available in OPEN BETA NAVAL IT'S NOT AVAILABLE??? Why did I even bother paying for the bet if I could have played WARGAME AIRLAND BATTLE?! Why did I even bother wait the ""next few days"" which by the way mean 7?!? Why people troll that this game will be available tomorrow when it is available today and steam DOESN'T DO SQUAT?! You will find all the answer in next issue of this review.....","['Strategy', 'RTS', 'Military', 'Realistic', 'Multiplayer', 'Cold War', 'Wargame', 'Tactical', 'Real Time Tactics', 'Naval', 'Simulation', 'War', 'Alternate History', 'Action', 'Real-Time', 'Singleplayer', 'Difficult', 'Co-op', 'Adventure', 'Atmospheric']",Very Positive,Eugen Systems,3,5,4,4,positivo
ImRuined,76561198055600073,Wargame: Red Dragon,"This is one of the best RTS games I have played. The level of intricacy with each country is pretty amazing. For example, almost every country gets their own custom BTR and different modifications of it depending on the unit type. This is only one unit. This level of intricacy stretches across the entire game. There are at least 10 countries on Bluefor and around 10 on Redfor.","['Strategy', 'RTS', 'Military', 'Realistic', 'Multiplayer', 'Cold War', 'Wargame', 'Tactical', 'Real Time Tactics', 'Naval', 'Simulation', 'War', 'Alternate History', 'Action', 'Real-Time', 'Singleplayer', 'Difficult', 'Co-op', 'Adventure', 'Atmospheric']",Very Positive,Eugen Systems,4,5,4,4,positivo
