username,user_id,title,text,tags,sentiment,developer,narrativa,jugabilidad,atmósfera,dificultad,tono_emocional
TheGamingN00b,76561198038954363,The Moon Sliver,"A confusing, meaningless and self-serving shell of a video game. The Worst Kind of walking simulator.","['Walking Simulator', 'Adventure', 'Psychological Horror', 'Exploration', 'Story Rich', 'First-Person', 'Indie', 'Horror', 'Short']",Mostly Positive,David Szymanski,1,1,2,1,negativo
pablonesmrtelny,76561198182982775,The Moon Sliver,Good story and atmosphere. I love David Szymanski's storytelling. The story gets expanded in the sequel The Music Machine which is even better. I recommend both. 7/10,"['Walking Simulator', 'Adventure', 'Psychological Horror', 'Exploration', 'Story Rich', 'First-Person', 'Indie', 'Horror', 'Short']",Mostly Positive,David Szymanski,4,3,4,2,positivo
Saint Aaron,76561198011965365,The Moon Sliver,This was a short game but i enjoyed it. The gameplay was okay but the creepy soundtrack and the story was well done. Small little puzzles that were not hard to do. At the end I looked at this game as a visual novel which I enjoyed. Hope to see more games like this! Pros Creepy soundtrack puzzles Cons Short gameplay,"['Walking Simulator', 'Adventure', 'Psychological Horror', 'Exploration', 'Story Rich', 'First-Person', 'Indie', 'Horror', 'Short']",Mostly Positive,David Szymanski,4,3,4,2,positivo
Aqua,76561198048295196,The Moon Sliver,"The Moon Sliver is a fairly low price game, meaning just about anyone can buy this if they wanted to. It's got a good atmosphere, a somewhat good pace, intersting story, and the weirdest freaking ending ever. Not much else to say, so... 7.2/10","['Walking Simulator', 'Adventure', 'Psychological Horror', 'Exploration', 'Story Rich', 'First-Person', 'Indie', 'Horror', 'Short']",Mostly Positive,David Szymanski,4,3,4,2,positivo
EdgyAllenPoe,76561198116853931,The Moon Sliver,"STORY: The Moon Sliver is a mystery based exploration story game. It involves dark, brooding themes of loneliness, piece by piece information and mortal philosphy on existence. Set aside an hour and a half to complete. PERFORMANCE: The game engine is relatively simple and will not require much to run; I played this on a terrible, terrible notebook without any issues. NOTES ON GAME PLAY: It can sometimes be difficult to find the next piece of the story, or at the least, tedious to back track. I do also proclaim the ""exit"" button on the menu as my rival. Several months ago I got this game and halfway through I paused the game, and when I returned I assumed that the ""exit"" button would unpause the game; it will instead exit the game without any double checking. On my replay and on my own accord, I absent mindedly did it again. Fool me once, right? So yeah... do not click exit unless you want to close the game... it can be... *sour taste* frustrating... especially because... There is no save option. This game must be completed in one sitting. This is neither a pro or a con to me. CONCLUSION: I recommend this game as both a game, a short visual story and an inspiration/dread to my thoughts of being a mortal man. Enjoy.","['Walking Simulator', 'Adventure', 'Psychological Horror', 'Exploration', 'Story Rich', 'First-Person', 'Indie', 'Horror', 'Short']",Mostly Positive,David Szymanski,4,3,4,2,positivo
rjmacready,76561198048974498,The Moon Sliver,"I'll start out by saying that while I AM giving this game a recommendation, I most certainly am NOT recommending it to anyone for the full retail price of two dollars and ninety-nine cents.  Even those of us who don't expect ten hours of gameplay per dollar we spend should probably wait for a sale, 'cause it's DANG SHORT.  I'm also not going to recommend it to anyone who doesn't enjoy READING, nor anyone who expects anything vaguely resembling ACTION.  Still here?  Okay, let's examine it a little closer then...  Despite being one of those people who very much believes in the notion of ""experimental storytelling"" in video games, I must say this one's pushing its luck a little.  A short story format may well have served the tale being told here better than a ""game""; which, even by my own broad definition, this only BARELY qualifies as.  Gone Home, on the other hand, NEEDED to be a game, and would have made an appallingly♥♥♥♥♥♥""read"" in and of itself...so why was this so? Well, simply put, it was a game where you had to explore a defined area, discover clues as to what had happened there, and gradually piece the story together.  The Moon Sliver operates on much the same principle, EXCEPT...the area you explore is much, much smaller, and the vast majority of the ""clues"" are given not so much as real-time items which you can find and interpret the meaning of as you see fit, but rather as literary passages which represent memories of, I assume, the character you are playing.  In that sense, perhaps, it's also quite a bit like Dear Esther, but again...even THAT game was longer and arguably more substantial in the information which it ultimately delivers.  Which isn't to say that The Moon Sliver doesn't create an atmosphere, or is completely lacking in game ""mechanics"".  Quite to the contrary, it actually has one ""mechanic"" which was so prominent as to be almost obtrusive and annoying at times...which is to say, that while trying to keep one's flashlight fully charged was an essential part of the SUSPENSE of a game like Outlast, it's mostly just an irritation in this game. Especially when your primary light source starts flickering in the middle of a climactic, night-time wind-storm, amidst which you have to find your way to a specific location with ♥♥♥♥-all visibility. In my opinion, the game would have been plenty atmospheric enough with a fully-functional flashlight throughout...but then again, after all the flak which the second Amnesia caught on account of its severely stripped-down ""mechanics"", one can't really blame designers for playing it safe and throwing one or two (however unnecessary) ""gameplay"" elements in there, especially at this juncture in time.  The Moon Sliver definitely tells an interesting story - though one which, I imagine, will only ""blow the mind"" of people who haven't read a great many horror and/or science-fiction short stories - and it tells its tale well enough, within the confines of how it chooses to do so.  It's only the chosen medium and the price-tag which I'm really querying, not the talent involved.  I definitely look forward to future games from the chap who made this, I just hope that he'll get more ambitious and more realistic about market values from here on in.  Imagine how many more people would give this a shot - and with a little luck, be pleasantly surprised! - if it were being given away for free or for something as negligible as, say, zero dollars and ninety-nine cents. Wait for a sale, and enter with an open mind, and you just may get that small but pleasant surprise after all, in spite of all the reservations I've just expressed.  A very nice ""demo"", but I'm still reluctant to qualify it as a fully-fledged product/game.  Verdict: 7.5/10. UPDATE: Since originally posting this review, the RRP of this product has dropped to $1.99 USD, a much more reasonable asking price. A definite recommendation to the curious.","['Walking Simulator', 'Adventure', 'Psychological Horror', 'Exploration', 'Story Rich', 'First-Person', 'Indie', 'Horror', 'Short']",Mostly Positive,David Szymanski,4,2,4,1,neutral
DinXy,76561198018913179,The Moon Sliver,"A pretty nice little game. It uses unity engine, so the graphics are nothing special, but the music and the story make up for everything else. The way, you discover the story is : you click on an item and text appears on the screen, as you move away - the text fades out, but there was a spot where I had a couple of texts appear on the same spot and they become difficult to read. Other than that, everything was smooth and I will definitely remember the experience, as chills are still running down my spine - the price tag is worth it and I can recommend! You can also check my let's play, if your not afraid of spoilers :","['Walking Simulator', 'Adventure', 'Psychological Horror', 'Exploration', 'Story Rich', 'First-Person', 'Indie', 'Horror', 'Short']",Mostly Positive,David Szymanski,4,4,5,2,positivo
Antorius,76561198065602785,The Moon Sliver,"I enjoyed this game, and I recommend it especially if you have already played The Music Machine, for which this is something of a prequel (The Music Machine references The Moon Sliver). I think an appreciation of the story-telling of the developer -- gained through the bit longer and aesthetically MUCH more appealing Music Machine-- is necessary to suspend one's possible distaste for the shorter and more simply presented Moon Sliver and really dig in to piecing the story together. Once you do, you may find yourself -- as I did -- becoming progressively more horrified.","['Walking Simulator', 'Adventure', 'Psychological Horror', 'Exploration', 'Story Rich', 'First-Person', 'Indie', 'Horror', 'Short']",Mostly Positive,David Szymanski,4,3,4,2,positivo
Paperinukke,76561198044258778,The Moon Sliver,"If you like sentimental atmospheres, rough graphics, moments that make your heart race and good stories, The Moon Sliver is for you.","['Walking Simulator', 'Adventure', 'Psychological Horror', 'Exploration', 'Story Rich', 'First-Person', 'Indie', 'Horror', 'Short']",Mostly Positive,David Szymanski,4,3,5,2,positivo
Dragonofyre,76561198035915039,The Moon Sliver,I looked behind me at least 57 times. 10/10 goosebump simulator 2014.,"['Walking Simulator', 'Adventure', 'Psychological Horror', 'Exploration', 'Story Rich', 'First-Person', 'Indie', 'Horror', 'Short']",Mostly Positive,David Szymanski,4,4,5,2,positivo
Sheepscuit,76561198031273221,The Moon Sliver,"Simple and basic graphically. Short plot with basic puzzles. Yet somehow it seems endearing and the music/ambient sounds give a suspenseful atmosphere. Just takes 30 minutes or so to get through the game but is worth the experience. However, I wouldn't pay much for the game; as such I got this in a bundle and I'm very happy with its contribution.","['Walking Simulator', 'Adventure', 'Psychological Horror', 'Exploration', 'Story Rich', 'First-Person', 'Indie', 'Horror', 'Short']",Mostly Positive,David Szymanski,3,3,4,2,positivo
Trashware,76561197979487649,The Moon Sliver,"This is one of those games to play if you're in need of a short, quick burst of walking simulator style story telling. It is nicely written even though the story itself is not very deep or surprising at all. Personally I have a soft spot for the kind of primitive 3d graphics used and the lighting was pretty so graphically it was up my ally. There was a great sense of desolation and bleakness that added up to the story, accompanied by fitting alhtough occasionally too obviously looping sound and music bites. The Moon Silver is a Short, atmospheric, horror tale with little interaction but walking around and I enjoyed it exactly because of that. And hey, it's cheap so that's nice.","['Walking Simulator', 'Adventure', 'Psychological Horror', 'Exploration', 'Story Rich', 'First-Person', 'Indie', 'Horror', 'Short']",Mostly Positive,David Szymanski,3,2,4,1,positivo
FriendFive,76561198096079278,The Moon Sliver,"I want to like the game, I really do. It looks good and has the types of things I like in these sorts of indie walking simulator games; creepy, eerie atmosphere, effective music and sound effects, and a sense of loneliness and isolation in remote settings. But the game is so short and the story is so ambiguous that when you get to the end it feels as if there is no real worthwhile payoff for playing. This is one of those sorts of games for which I wish there was some sort of ""Maybe"" button between ""Yes""(Recommend) and ""No"" (Do Not Recommend), but in this case I think I have to go with ""No"" on this one. UPDATED: I actually played Going Home after I played this game. I was conflicted about both games; but with Going Home I went with Recommend while, with this game, I fell just slightly on the Not Recommend side of things. So I guess what I am saying is, if you didn't like Dear Esther, then it's hard for me to imagine that you would like this game.","['Walking Simulator', 'Adventure', 'Psychological Horror', 'Exploration', 'Story Rich', 'First-Person', 'Indie', 'Horror', 'Short']",Mostly Positive,David Szymanski,2,2,4,1,negativo
Jibpsy,76561198088493768,The Moon Sliver,"If you like casual games, exploring at your own pace, reading stories, mysteries, a bit of suspense and have an hour, this is a great game for that. If you don't like reading, or books, or triple A modern graphics define a game for you, play something else. I did not know what to excpect when I started playing this game. I got it in a bundle and figured I would give it a try. It is short, literally took me an hour to leasurely and fullyexplore and find all the pices of the story and put it together. This game has a lot of mystery and while you gain answers more questions arise which kept me going wanting to exlore further. The graphics aren't triple A top of the line, but that clearly wasn't the point. While I do love playing triple A titles with maxed setting, this game really doesn't need it. The area is small, and isn't packed with game assests for the player to get lost in exploring pointless scenery. The more of the story you uncover the more it all fits. By the end, if you have uncovered all the narrations, you will have a pretty good picture of the scenario. I am still left with questions of the back story of this story, but this is just a short story and I enjoyed every moment of it. To all the people that rated it down, I am seriously at a loss for words at how sad it is that people were unable to comprehend the game. Such a simple concept and story went over their heads, or there wasn't enough visual eye candy effects to keep your narrow minded perspective or attention involved. There are complaints that it is too small and minimalistic, yet people are confused by the limited text that tells the story. I get it is jumbled, but have you never done a puzzle? Never had to connect the dots or organize information? I don't mean to be rude or anything, I am not some better than, but seriously WOW. I am embarrassed for you. That's fine if it isn't your type of game, there are many games that I am sure are great for their genre that I just am not into, but it what was said about the game that gets me. Oh well.","['Walking Simulator', 'Adventure', 'Psychological Horror', 'Exploration', 'Story Rich', 'First-Person', 'Indie', 'Horror', 'Short']",Mostly Positive,David Szymanski,4,3,4,2,positivo
IAmThePonch,76561198140442560,The Moon Sliver,"It's pretty cheap so it's worth a shot. For an experimental game, it gets some things right and some things wrong. Basically, you're on an island that is abandoned. There are small huts filled with notes to read that explain the backstory of what was going on. As you go, you learn more about what was going on and why. I thought the writing in the game was really solid. It was fun to digest and try to piece everything together. However, I couldn;t help but feel that this owuld simply work better as a short story. I thought the environments and atmosphere were top notch, but the vague nature of playing a game like this is frustrating since it doesn't seem as clear as it could be. Not that it needs to spell everything out, but it could be told with a touch more clarity than it is. But hey, I've played much worse in my time.","['Walking Simulator', 'Adventure', 'Psychological Horror', 'Exploration', 'Story Rich', 'First-Person', 'Indie', 'Horror', 'Short']",Mostly Positive,David Szymanski,4,3,5,2,neutral
Owlmanandy,76561198045807635,The Moon Sliver,"There's something about this guy, David Szymanski, that I really like.  I can't quite put my finger on it.  This game, in particular, while being especially barren and graphically boring, has somethign about it that endears me to it.  It feels like the developer really cared about this project, which, considering some of the other indie games on steam, means a lot.  Mr. Szymanski obviously didn't have much to work with when he made this project, but for what he did with it, I like it.  I like it a lot.  Like I said, I don't know why, but I just do.  I hope to see more games like this in the future.","['Walking Simulator', 'Adventure', 'Psychological Horror', 'Exploration', 'Story Rich', 'First-Person', 'Indie', 'Horror', 'Short']",Mostly Positive,David Szymanski,4,3,3,2,positivo
Sprayface,76561198132208278,The Moon Sliver,"played this a while back. interesting story, but not much else. you will play it, go ""huh"" and never think of it again. but it was OK. and you really can't say that about many 1.99 games. so thumbs up?","['Walking Simulator', 'Adventure', 'Psychological Horror', 'Exploration', 'Story Rich', 'First-Person', 'Indie', 'Horror', 'Short']",Mostly Positive,David Szymanski,3,2,3,1,neutral
philipp_chris,76561198125581642,The Moon Sliver,"**Game Finished** I don't know,nice try sure,keep it up. But on the other hand I wouldn't try some of the same, if there was a Moon Sliver 2.0 with characteristics like this one. 5/10 Ratings (0-3 Don't bother @ all) (4-7 The Average) (8-10 One of the best)","['Walking Simulator', 'Adventure', 'Psychological Horror', 'Exploration', 'Story Rich', 'First-Person', 'Indie', 'Horror', 'Short']",Mostly Positive,David Szymanski,3,3,4,2,neutral
Kiddo,76561198050804127,The Moon Sliver,mmmmmmmmmm not bad,"['Walking Simulator', 'Adventure', 'Psychological Horror', 'Exploration', 'Story Rich', 'First-Person', 'Indie', 'Horror', 'Short']",Mostly Positive,David Szymanski,2,3,3,2,neutral
OakenPants,76561198022266051,The Moon Sliver,"Walking simulator to learn of a story told through text pop ups when clicking on items around an island while using a flashlight that needed charging for an inexplicable reason.  Overall it feels mostly like someone making a ""test"" application...  Maybe if there was a better introduction to the 4 characters told about in the story, or who am *I* walking around as in the story.  As it is, well, it was only 50 mins from start to finish.  5 out of 10.","['Walking Simulator', 'Adventure', 'Psychological Horror', 'Exploration', 'Story Rich', 'First-Person', 'Indie', 'Horror', 'Short']",Mostly Positive,David Szymanski,2,2,3,1,neutral
Skarp Hulduson,76561198117760235,The Promised Land,"Silly. Silly, silly, silly.","['Casual', 'Strategy', 'Adventure', 'Simulation', 'Indie', 'City Builder', 'Cute', 'Atmospheric', 'Management']",Very Positive,"Boolat Games,Alawar Entertainment",1,2,3,1,positivo
unknown.notregistered,76561198129101111,The Promised Land,"I like it. I have no idea what to categorize it as - but I like it. Its a kind of casual villiage-building endeavor in a colonial atmosphere, with very little pressure outside the push for that little extra to get some jobs done a bit faster for quicker rewards. There is literally no outside threat that could ruin the settlement, at worst it just means you grow slow if you somehow mismanage things - taking longer to progress overall. The enviroment operates very much like the old villager gathering/building akin to Age of Empires in the simulation and village-building from a single town center to a larger near-city size. But not quite, your population will remain modest, at most keeping under 50 total at its largest if I guess the buildings right. The enviroment is small, and the overal scope isn't grand, but its a good timewaster. There is a minigame sidequest that is very much akin to Angry Birds for both distractions and a first-time big resource boost and repeatable minor rewards. The game has a remarkable feel to it. Not quite stellar, but nearly nothing negative on how it works. It is polished, simple, and very focused on its little quest play you go through. I admit its tone is more geared for younger players, but all ages can still find it enjoyable to go through at whatver pace they feel comfortable with. Its something worth looking at, and nearly a must get on a good sale for the price - especially with what you could get out of it.","['Casual', 'Strategy', 'Adventure', 'Simulation', 'Indie', 'City Builder', 'Cute', 'Atmospheric', 'Management']",Very Positive,"Boolat Games,Alawar Entertainment",3,4,4,2,positivo
footrat,76561198183128221,The Promised Land,it was cheap and looked♥♥♥♥♥♥bought it shattered my low expectations also its ♥♥♥♥ing easy not hard you ♥♥♥♥ing scrubs a monkey could probably play this,"['Casual', 'Strategy', 'Adventure', 'Simulation', 'Indie', 'City Builder', 'Cute', 'Atmospheric', 'Management']",Very Positive,"Boolat Games,Alawar Entertainment",1,3,2,1,negativo
Adryan,76561198013130865,The Promised Land,"The Promised Land is a task-driven, casual strategy game that lets the player build a small colony from the ground up. There is no possibility of failure, no death, and no time pressure. Though not particularly challenging, it is still fun to see the colony grow. Clearly there was a lot of attention to detail from the designers. An interesting touch was that the minimap changes in portrait-like fashion as new buildings are added. Apart from the main story, there are mini-games in the form of physics puzzles where the player can use a cannon to shoot wooden structures to knock down pirates. Kids will probably enjoy this part the most. The game is a steal when under $5 dollars. One caution - the natives are depicted in a friendly, cartoonish way, but some may still find their images stereotyped and dated.","['Casual', 'Strategy', 'Adventure', 'Simulation', 'Indie', 'City Builder', 'Cute', 'Atmospheric', 'Management']",Very Positive,"Boolat Games,Alawar Entertainment",3,4,4,1,positivo
Wolffs,76561198090837353,The Promised Land,Relaxing,"['Casual', 'Strategy', 'Adventure', 'Simulation', 'Indie', 'City Builder', 'Cute', 'Atmospheric', 'Management']",Very Positive,"Boolat Games,Alawar Entertainment",2,4,5,2,positivo
oana,76561198031032248,The Promised Land,I really liked this game.,"['Casual', 'Strategy', 'Adventure', 'Simulation', 'Indie', 'City Builder', 'Cute', 'Atmospheric', 'Management']",Very Positive,"Boolat Games,Alawar Entertainment",3,4,5,2,positivo
Pupplehaze,76561197998024791,The Promised Land,A nice way to spend a couple of hours - relaxing basic management game,"['Casual', 'Strategy', 'Adventure', 'Simulation', 'Indie', 'City Builder', 'Cute', 'Atmospheric', 'Management']",Very Positive,"Boolat Games,Alawar Entertainment",2,4,4,2,positivo
macioman_00,76561198041922797,The Promised Land,"What a little gem in just the right time! As a Colonization / Settlers / Stronghold die-hard fan I was looking to pass the addiction on to my 4-year old daughter and this is an instant hit. I'll try to list all the pros in the order they appealed to me most (in my speciic situation). If you are looking for an immersive colony-sim look away but if you want a great start for a friend / child / spouse trying to get into colony / resource management games this is a must. The pros for me: - cartoon and family friendly graphics - LINEAR gameplay which means - as far as i understand - one scenario with constant improvement of your colony (this is very very important for beginners as it makes it easier to understand the choices) - very intuitive and self-explanatory (the only thing I got lost at is that you actually can increase room capacity in houses in a sort of tetris-like minigame) - a new world / piraty theme...vide Colonization cons - I don't think minigames are necessary but I admit, I am not a fan overall, the ones here are very simple and there is nothing ""grindy"" in them - I'm halfway through due to a crash albeit I'm not sure if it's the game or me Overall - great value for money, even if you get the game at full price, it's a blast.","['Casual', 'Strategy', 'Adventure', 'Simulation', 'Indie', 'City Builder', 'Cute', 'Atmospheric', 'Management']",Very Positive,"Boolat Games,Alawar Entertainment",3,4,4,2,positivo
DeathClaw,76561198068849291,The Promised Land,"A really good casual game. The gameplay is solid and enjoyable. This game now has me hooked on strategy games. Planting crops, gathering resources, cooking, studying, building, = hours of relaxing game play. Thumbs up Developers. Great casual game.","['Casual', 'Strategy', 'Adventure', 'Simulation', 'Indie', 'City Builder', 'Cute', 'Atmospheric', 'Management']",Very Positive,"Boolat Games,Alawar Entertainment",3,5,4,2,positivo
MiMi,76561198017196792,The Promised Land,"The Promised Land is a casual strategy game similar to the Happy Hereafter and Virtual villagers, you manage a settlement with a bunch of settlers. You train them to become workers or farmers and they’ll be faster and less easily tired. You’ll unlock all the parts of the map by accomplishing a series of tasks. You have to manage your resources either by picking it up on the map or by making it yourself. Food can be picked from bushes and trees or grown in your fields by your farmers. Trees can be cut for wood, stones and iron can be excavated by your workers. You’ll be making special building like forges to make building tools and whatnot, the usual drill.. The graphics are very cute and detailed but it’s too bad that we can’t zoom back as the camera is really too close. You can use the arrow keys on your keyboard to quickly move around your map. You’ll trade merchandises using a boat, I got attacked by pirates and had to fight them in an Angry Birds mini game! It’s rather well done and fun. You'll unlock more levels of that mini game by building a fort. The game is very slow compared to other similar ones. Money required is pretty high and your way of making it pretty low so it will be a looooong grind. Expect to keep the game running on itself for hours. The popup messages about the trading prices will constantly pause the game, it’s annoying as they’re pretty common. I don’t understand why they haven’t chosen to let the game run when quit considering the low speed of production. The game also lacks personality: i.e. In The Happy Hereafter there’s a lot of humor, in Virtual Villagers there’s mysteries and surprises to discover. Those games craft charm and you do eventually get attached to your village. Here there’s nothing beyond the trading messages and the very empty texts of build this or that, point. TL:DR the game is nice but gets dull, only buy the game in a sale so you won’t regret it. Or buy another one! Similar games: The Happy Hereafter on Steam, All My Gods and Hero of the Kingdom games.. Outside Steam:  the Virtual Villagers games, Wild Tribe, The Island Castaway games, Gemini Lost, Farm Tribe, Wandering Willows.","['Casual', 'Strategy', 'Adventure', 'Simulation', 'Indie', 'City Builder', 'Cute', 'Atmospheric', 'Management']",Very Positive,"Boolat Games,Alawar Entertainment",2,3,4,3,neutral
Agent 47,76561198169225565,The Promised Land,This game is pretty good i like it has a good sim to it and plays well and bulid a nice place try it out its not all that bad :),"['Casual', 'Strategy', 'Adventure', 'Simulation', 'Indie', 'City Builder', 'Cute', 'Atmospheric', 'Management']",Very Positive,"Boolat Games,Alawar Entertainment",2,4,4,2,positivo
RPG Gamer Man,76561198013723081,The Promised Land,"A short city buiding game. This is just a time waster game where you assign your villagers to do things and build stuff to get enough supplies to upgrade houses. It happens on all on one map. I don't recommend it due to the one map thing...and it gets repetitive...it is fun, the first time you play it, but after that, it gets boring. I did have fun with it though...","['Casual', 'Strategy', 'Adventure', 'Simulation', 'Indie', 'City Builder', 'Cute', 'Atmospheric', 'Management']",Very Positive,"Boolat Games,Alawar Entertainment",2,3,4,2,neutral
oldeguy,76561198012068872,The Promised Land,"From your phone to your desktop another cheap casual from the folks at Steam. Come one come all as you push your little minions around the map making them slave for your digital desires. Feed them house them give them ""social interaction (we know what THAT is) and your colony will grow to the giaganntic  size of eight. Find the treasures staring you right in you face. And don't forget kids, Cheat Engine works even on mindless fluff like this. Go get 'em.","['Casual', 'Strategy', 'Adventure', 'Simulation', 'Indie', 'City Builder', 'Cute', 'Atmospheric', 'Management']",Very Positive,"Boolat Games,Alawar Entertainment",1,2,3,1,negativo
wrb41977,76561198069159152,The Promised Land,"Well, I purchased this game, mostly because it was on sale. And for the trading cards, because I seem to be addicted to collecting them and making badges... Still, the game is charming, and reminds me of... something I played many computers ago (I think a trial for some sort of game thing came with said computer). You basically have a group of new settlers carving out their new home in a new world. A bit tricky at times, but... kind of addicting. Do try it... but be prepared to lose a few hours.","['Casual', 'Strategy', 'Adventure', 'Simulation', 'Indie', 'City Builder', 'Cute', 'Atmospheric', 'Management']",Very Positive,"Boolat Games,Alawar Entertainment",3,4,4,3,positivo
Crankage,76561198016477228,The Promised Land,I set out to rebuild civilization. I quickly realized that I lacked the carpentry skills to do so. I became the island gatherer instead. I quickly realized that I had no hands. How do I gather without hands? Why do I have no hands? How am I typing this with no hands? I quickly realized that I'm a liar. 10/10 would recommend. Honestly though. - Crankage Games (Developer of Metal as P H U K),"['Casual', 'Strategy', 'Adventure', 'Simulation', 'Indie', 'City Builder', 'Cute', 'Atmospheric', 'Management']",Very Positive,"Boolat Games,Alawar Entertainment",4,4,5,2,positivo
Othobrithol,76561198031278560,The Promised Land,Very cutesy but suprisingly fun game about helping a boat load of settlers slowly expand their settlement. Very similar to the virtual villagers games but with significantly more depth to the mechanics.,"['Casual', 'Strategy', 'Adventure', 'Simulation', 'Indie', 'City Builder', 'Cute', 'Atmospheric', 'Management']",Very Positive,"Boolat Games,Alawar Entertainment",3,4,5,2,positivo
DragonsDeck,76561198008899722,The Promised Land,"A very simple economy/city building game.  You get 'X' amount of people to do a bunch of chores, once you've collected enough resources, built the required buildings and accomplished a few tasks you get more people to get more resouces, build buildings and accomplish more tasks. There isn't exactly a whole lot of depth to it but what is there is fun and entertaining.  Some of the people are better at one task vs another, so you have to make descisions as who to stick where to make the best use of your people.  At the same time you have to manage their hunger and happiness, both of which are accomplished easily enough, but can be a bit of a pain if you haven't been stockpiling enough.  There is a few mini-games and such thrown in to give a bit of variety as well. Not exactly the prettiest looking game, but the art was charming enough and fit the gameplay. The game isn't very long, but is enjoyable enough to warrant a recomendation.","['Casual', 'Strategy', 'Adventure', 'Simulation', 'Indie', 'City Builder', 'Cute', 'Atmospheric', 'Management']",Very Positive,"Boolat Games,Alawar Entertainment",2,4,3,2,positivo
tomahawkza,76561198048574801,The Promised Land,"The Promised Land is a colony builder game sporting a huge resource management component.  Players will frequently encounter an odd-ball assortment of arcade mini-games and puzzle challenges. The sound is good.  The game is fun to play and immersive.  The graphics are particularly cute with plenty of humour lavished in some of the animations.  There are many incidental references to stereotypes which are presented in an anecdote and comedy fashion. The player recruits and trains villagers.  Villagers specialise in various gathering and manufacturing professions.  A few villagers need to be dedicated to research to unlock parts of the skill tree. This all sounds simple, but the player needs to focus on each villager to ensure their need for food and socialising is met.  Fail to keep people fed with food and satisfy their need to talk or have company and they will desert their jobs and create a knock-on effect of shortages in food and materials.  Maintaining a happy balance and keeping colonists productive will keep players busy.  Success requires balancing of individual needs with the needs of growing the colony. New buildings and professions become available as the player progresses through the game.  Upgrades to buildings and increased expertise in skills of villagers create a good sense of progression.  Villagers can learn more than one skill either via experience (Doing) or through education (Being taught).  Pay attention to the likes and dislikes of individual colonists to get the best results. Additional areas are unlocked by reaching milestones.  The Promised land succeeds in that positive action is rewarded.  The game is moderately challenging but great fun to play and creates a sense of achievement and accomplishment.  Players also need to be cautious about expanding the colony too fast (or too slow for that matter). Players are able to re-play many of the mini-games to try and improve performance scores. There should be approximately 30 to 50 hours of game play to complete the game. 7.8/10","['Casual', 'Strategy', 'Adventure', 'Simulation', 'Indie', 'City Builder', 'Cute', 'Atmospheric', 'Management']",Very Positive,"Boolat Games,Alawar Entertainment",4,5,5,3,positivo
chrissszy,76561197979609703,The Promised Land,"My feelings are rather mixed about this game..  It's a game for kids, charming and cartoony but extremely slow.  It is rather short, but when I got a ways in, I was stuck between getting tired of it and wanting to finish the game.  There is no replay value at all.  I started over to see if it plays any differently.  The only difference is the settlers coming over on the boat have apparently random likes and dislikes, which calls for a bit of strategy in assigning them to jobs, taking into account that putting them on a job they dislike really destroys their efficiency.  The tasks sometimes have time limits which vary from easy to impossible to complete on time, but there is no real way to fail the tasks.  Research is so slow that choosing the wrong sequence to learn can easily cost an hour.  Tasks include upgrading the ship to carry more cargo, but it gives no real benefit since I eventually figured on selling only the requested goods, since you have to maximize the profit because the game takes forever anyway.  Bought it for less than two bucks, and I'm glad I didn't spend more, even though time was a greater cost.  I did kinda like it, but not enough to recommend.","['Casual', 'Strategy', 'Adventure', 'Simulation', 'Indie', 'City Builder', 'Cute', 'Atmospheric', 'Management']",Very Positive,"Boolat Games,Alawar Entertainment",2,2,3,3,neutral
C0untzer0,76561198038963412,The Promised Land,"6/10 It's basically the sort of game you play on Facebook, except without having to annoy your friends every 5 minutes. The kinda thing you can casually dip into for a while at a time, but not really replayable. Worth playing once, if you like that sorta thing. Worth buying at a heavy discount, particularly if you have family sharing and a family to share with.","['Casual', 'Strategy', 'Adventure', 'Simulation', 'Indie', 'City Builder', 'Cute', 'Atmospheric', 'Management']",Very Positive,"Boolat Games,Alawar Entertainment",2,3,4,1,neutral
AloneStatistic,76561198064146365,The Spatials,"Seems pretty fun, i got a lot to do before i can say its amazing or what ever but from my couple hours ive found it to be a very good feeling game, totally beats space base in every way. Keep it up, will be awaiting a final product.","['Simulation', 'RPG', 'Indie', 'Management', 'Space', 'Base Building', 'Singleplayer']",Mostly Positive,Weird and Wry,3,4,4,2,positivo
snlehton,76561197990281870,The Spatials,"Good things first: The game looks great and the soundtrack is amazing. It has a really polished UI. At the beginning the game seems interesting and even though the tutorials don't teach you everything but leave a bit to discover (like removing items when your inventory gets full) it's quite easy to get. Unfortunately that simplicity also is the root of the problem with the game. It's just too simple. There's no much strategy involved - you just need to build everything your visitors require. The game doesn't allow you to do much planning or optimization. Soon you also start to run out of resources, which can be helped with the away team and ""diplomacy"". Unfortunately there are also some weird requirements for materials you just don't have or will have in long time (like fibers). The campaign starts to feel one long linear path you're unlocking. Speaking of the away teams and exploration mode. It's interesting, challening and funny at first, but becomes mundane quite soon. All the missions are basically variations of three architypes: find items, kill pirates, destroy buildings. After dozen of levels, you feel you've seen it all. The difficulty levels in exploration is quite uneven. At first the missions are extremely easy (12 first planets or so), but the you hit a huge wall where completing a level becomes a true (much needed) challenge . Unfortunately the game still repeats the same pattern, and with no chance of strategy throw in, it becomes boring. The difficulty comes from the fact that enemies have more health and they do more damage. They always behave the same: go to the attack range and attack. No specific AI or anything. I was able to complete WTF difficulty boss just by running around in the room and sniping him in the head. The game feels like a casual mobile game. Judging from the trello todo list they also wanted to target mobile, so that might explain it. Unfortunately I cannot recommend the game in it's current form. Some people have said that this is the game DF-9 was supposed to be, and now after playing the Spatials that certainly isn't a compliment :P","['Simulation', 'RPG', 'Indie', 'Management', 'Space', 'Base Building', 'Singleplayer']",Mostly Positive,Weird and Wry,2,2,4,3,negativo
Wungle,76561198073092169,The Spatials,These developers have a lot of ideas and very generously gave the new upgraded game to those who bought the original.  Good game.,"['Simulation', 'RPG', 'Indie', 'Management', 'Space', 'Base Building', 'Singleplayer']",Mostly Positive,Weird and Wry,3,4,4,2,positivo
Opposing Forces,76561198029127401,The Spatials,Side Note: Ignore my play time on steam. i bought this game through humble store a few months back. The Good: Simple game to understand Cool and unobtrusive music Funny missions and dialog The Bad: Fairly shallow game No real challenge Verdict: If you like time wasters with out having to do alot of thinking then this is a potential buy fot you.,"['Simulation', 'RPG', 'Indie', 'Management', 'Space', 'Base Building', 'Singleplayer']",Mostly Positive,Weird and Wry,2,3,4,1,positivo
Ailingforale,76561197961218844,The Spatials,"More reviews @ The Spatials is yet another game that came out of nowhere for me and what a nice surprise it is. I’m fairly big fan of the city-building sim genre (except for The Sims for reasons I won’t go into now) and Weird and Wry decided to put the genre in space. (It may have been done before, but this is a first for myself.) With a bit of a nostalgic Star Trek look and a bit more complication in the genre than I’ve played, The Spatials has taken a lot of my time lately and I’ll gladly give it more. So you start with just an air-lock and you build out from there. You can build a lot of different facilities that one would expect like sleeping and storage areas, but once you get a little further in you can build bars with dance floors (which the humans aren’t too fond of weirdly enough) and sell fancy drinks. I had to do a lot of extra work to get the ingredients to be able to make the drinks, but what are you going to do. I also haven’t got to build a Duty Free shop, but I’m on my way. With as many airports as I’ve been in during my life… I kind of need one in my space port or it just won’t feel finished. *Insert end-game goal here!* *EDIT* In the middle of writing this I realized that I have actually built the Duty Free shop so the new goal is the build the second version of it and a freaking Holoarea because it’s a Holode… Holoarea and that’s awesome! That does bring up a few things that weren’t the clearest in the tutorial. Granted, some of the issues I had could have been solved by… you know… reading, but that’s neither here nor there. Sometimes you’ll do a tutorial and just assume that you can handle the rest of it. Well it turns out, I’m not capable of handling The Spatials without reading the in-game notes (go figure). It is good to know ahead of time, for those of you who haven’t picked it up, that you can build facilities that create items that use materials you can’t get for a while. It is easy enough to unlock more solar systems, but the difficulty goes up as well. Moving on from there you build the places where food and/or goods get created and then you also have to create a place for your people and the visitors to your space station to purchase or consume the goods. That means if you make a kitchen to make a pizza, you’ll also need a cafeteria where you can sit down and enjoy it (or procure it and enjoy it in this instance). It makes sense, but it’s a nice and small touch that adds a little complexity. I really enjoyed figuring it out and the process of making the space station work efficiently. To really get it, you’ll want to have a little bit of everything crafted just in case someone comes in and is craving pizza or yogurt or a cold one for those who like their drinks shaken, but not stirred (if you’re over 21 of course). You’ve got to be prepared. If you want to be completely prepared you’ll have to work for it. While you can expand and conquer more planets, that won’t really help you get enough supplies to be able to create everything fast enough to be able to keep all of your people and visitors clean and satisfied. After beating a mission on a planet, you should go back and beat the harder difficulty setting to double-up on the supplies you get from the planet. (The “WTF” difficulty in later levels are not very nice at all.) Also, remember to hire more people so you can have people to staff the so that you can get your supplies faster as well. It’s a delicate balance between hiring too many, making the right products and having just enough for everyone. The nice part is that it’s not really frustrating to do this, it’s actually quite fun. I’m not completely sure how Weird & Wry managed this, but they did a great job. Last thing, because I see people complaining about this, there is a little complexity to this game. Not a lot. It’s not overly difficult if you’ve got the capacities to read and remember things. While you may be maintaining your space station and making everyone happy by supplying the proper goods DON’T FORGOT YOUR AWAY TEAM! People complaining about how “you can’t raise their happiness levels back up in time to keep them from leaving” aren’t being very observant. When you’re out on missions you get hungry running around blasting fools and picking things up. Not to mention how dirty you must get. You need to give your people time to get cleaned up or yeh, they will leave. Wouldn’t you? All work and no soap or food make these Spatials look for another port were their fun-meter can be filled properly. (You know… like my station when the bar will actually serves drinks…) Score: Tasty! If you couldn’t tell by all the gushing I’ve been doing during this review… I like The Spatials. Like I’ve mentioned before on Facebook and Twitter, if you’ve liked other city/base-building sims, you should buy The Spatials. With all the building options and intricacies there are to be had and rearranging your base that needs to be done so it’s not ugly, there’s a lot to do here. That and the missions are very entertaining and often quite humorous. The game is well done and a lot of fun. It’s nice to have a game that will give you a good smile along the way.","['Simulation', 'RPG', 'Indie', 'Management', 'Space', 'Base Building', 'Singleplayer']",Mostly Positive,Weird and Wry,4,5,4,3,positivo
BoxingBud,76561198005894566,The Spatials,"I find The Spatials fun! It does take some pacing to get the hang of the game and it sorta punishes you for going ahead too fast and not taking over a group of planets, then going onto the next. You'll want to sit back and make sure each planets resources are claimed so that you get them after 3-12 minutes. You will also want to recruit officers to man those embassies to make sure the resources come in as often as possible (every 3 minutes.). At that point if money is tough, then repeat some missions or sit back and let visitors into your base, and keep them happy. If you dash ahead you'll research things your resources can't cover and with higher experience you'll get higher levelled officers who's needs are not being met. Pacing! This is a wonderful game, I would have liked to see upset officers staying and just not working at full capacity instead of leaving the base. It's a more gentle nudge to slow down.","['Simulation', 'RPG', 'Indie', 'Management', 'Space', 'Base Building', 'Singleplayer']",Mostly Positive,Weird and Wry,3,4,4,3,positivo
DG Dobrev,76561198062930115,The Spatials,"An extremely fun little game, a light kit-bash of mutliple gernes. Full of goofyness, jokes and sci-fi puns (Star Trek, Star Wars, Space Oddysey, etc.), it is a welcome break from all the tripple A games we got showered over the past 6 months. I love games that do not take themselves seriously. I love games that just let you fool around with them till you feel like it, and then just save and quit, without the feel of being bound to them and forget your real life till you finish it a few times over. As usual in my guides, let's take a look at the good and the bad. The GOOD: 1. Pleasant, isometric 3D graphics - very nice and colorful, with plenty of goofy looking guys and animals. 2. Kit-bash of genres - I can list base-building, resource management, exploration, RPG, and I am sure you will find plenty more in this game. 3. Relaxing gameplay - while you can still lose, you can still enjoy every aspect of the game to its fullest without biting your nails like it is an Ironman Impossible XCOM run. This is a game that allows you to lay back and relax in your chair and click your way to victory. 4. Great replayability - all the systems in the game are randomly generated, making you adapt to the start that you are given. 5. A plethora of varying maps - exploration missions take place on a huge variety of pretty maps with varying flora, fauna, climate and enemies. 6. Very decent tech tree for a game of this calibre - unlocking new technologies allows you to build more rooms and further expand your starbase. 7. Progress in every aspect of the game - whether it's gear or base expansion, you always feel like adding more stuff to the pot, learning more about the game and seeing more prettier things show up. 8. Pew-pew-pew lasers - come on, who doesn't like shooting lasers? 9. Your starbase never gets attacked - you can sit and relax and play for fun. Like fun FUN. Not the ""I beat the game, whew"" fun. 10. Multicolored Spatials - strategists, scientists, engies, diplomats and doctors all have a different color. Cute - and a small Star Trek throwback. 11. Character progression - whether you send your guys on away missions or on tasks (AI controlled missions with % chance of success), they always progress and you won't have anyone lagging behind. 12. Progression is meaningful - leveling your guys actually matters. You need leveled guys as ambassadors on conquered systems. No more slave labor! 13. You dont lose Spatials - when they get knocked out, they go in stasis and can reappear after a while or through a skill, allowing you to relax and play. 14. Wonderful music to fit the whole Sci-fi theme. The BAD: 1. Exploration missions are a pure rinse and repeat - go kill this guy, go kill another guy, then some more guys, maybe a facility or something inbetween. While there is some variation in the system unlock missions, everything else is painfully average. 2. Your space base never gets attacked - it could be a turn off for some players, even if I find it a good thing to promote casual gameplay. 3. You don't lose characters - if a character goes down to 0 health, it immediately goes in stasis, and then reappears on the battlefield after some time, or through a skill. While it promotes casual gameplay, there is no tension and worry about losing someone like it exists in games of the sort of XCOM and This War of Mine. 4. The huge amount of point and click could be a turn off for some gamers. You can literally do everything with the left and right mouse buttons. Even only the left one. The CONCLUSION: If you want a casual game that doesn't take itself seriously, with goofy stuff, pretty graphics, lots of great gameplay and very decent replayability, this game is for you.","['Simulation', 'RPG', 'Indie', 'Management', 'Space', 'Base Building', 'Singleplayer']",Mostly Positive,Weird and Wry,3,4,4,2,positivo
Pontifex Maximus,76561197971724802,The Spatials,"is a nice game to pass the time. It has nice visuals, not amazing 3d rendering style but still nicely polished. The excellent soundtrack is amazing. All in all has a really polished feel, with some interesting concepts, RPG strategy, micro-management, base building combinations. However can become very repetitive very quickly and for some the grind may set in to progress further into the game, some concepts while easy to get into at the start begin to show the lack of heavy strategy. Difficulty gets hard quickly but some may enjoy the challenge. Overall this is an enjoyable casual gamer style experience for those who don’t want to much of one thing and don’t mind the grind, thumbs up! - Lots of space to build. - Lots of resources and recipes. - Easy to pick up. - Away team missions can get repetitive. - UI could use some work. DISASTER | BAD | MEDIOCRE | OKAY | | GREAT | AMAZING | MASTERPIECE","['Simulation', 'RPG', 'Indie', 'Management', 'Space', 'Base Building', 'Singleplayer']",Mostly Positive,Weird and Wry,2,4,4,3,positivo
facciola007,76561198039663245,The Spatials,This game is awesome!  I find it fun to play with much potential.,"['Simulation', 'RPG', 'Indie', 'Management', 'Space', 'Base Building', 'Singleplayer']",Mostly Positive,Weird and Wry,3,5,4,2,positivo
PathOfPain,76561198019022165,The Spatials,"Wow watta game! - This game is addictive as crack cocaine. It's pretty insane! - The graphics are good when on station but simple. On missions, the graphics are nintendo 8 bit like! And it still add to its charm! - The gameplay is where it's at. You can build your station on your asteroid to live in with your spatials and satisfy their needs or their morale go down and they won't go on missions so you won't progress further. You station also serve as a tourist attraction/layover who are going to spend money at your station if you have the items that they need to be happy. - You cand o missions each coming with 3 difficulties with your 5 spacials to get mor cash, more skills to improve your spatials and special unique items for your station. You also unlock planets that will produce raw materials for you which you need to build everything in your station. - You will spend hours designing your base only to rip it off and redesign it even better later on. Trust me on this! - Sound is pretty good but eventually the music started to♥♥♥♥♥♥me off so i turned it off. - Very simple game to learn. Controls are easy too, but it's a lot more difficult to master. - The 'Normal' difficulty is a bit easy. You are better off customizing the game difficulty to add increasing pay scale for your spatials as they level up and other tougher more challenging options. At normal, the cash just rolls in too much, especially when you spend time in the 2 star difficulties missions. Yes buy this game!","['Simulation', 'RPG', 'Indie', 'Management', 'Space', 'Base Building', 'Singleplayer']",Mostly Positive,Weird and Wry,3,5,4,2,positivo
[FOR]mica,76561197992856964,The Spatials,"I was really prepared to write a salty review full of complaints about the inexact combat system, and the one or two bumps I ran into as far as the tutorial goes (note : Do not forget to check out all of the tabs on the top, Especially the one for planet missions and the tech tree, otherwise your officers will all starve), and I was just going to check one or two more things before writing it -- -- and then I noticed I'd spent four hours glued to this game. I'm probably going to spend easily twenty to fifty more. God damn it. I really like how they lampshade that almost every mission is about pirates, and they keep finding ways to shoehorn them in where they don't belong. [Edit] Forty hours in, think I might be able to get (almost?) all the achievements.  It has a sequel, 'Galactology', and the devs are focusing all bug-hunting and polishing efforts on that one.  It seems to be the same game, so ... maybe people should get that one instead?  Either way, surprisingly addictive casual game if you're willing to put up with a dodgy tutorial, weird combat, and trying to figure out what the goal is for base-building.","['Simulation', 'RPG', 'Indie', 'Management', 'Space', 'Base Building', 'Singleplayer']",Mostly Positive,Weird and Wry,3,4,4,2,positivo
will,76561198011827366,The Spatials,maybe after they fix it.,"['Simulation', 'RPG', 'Indie', 'Management', 'Space', 'Base Building', 'Singleplayer']",Mostly Positive,Weird and Wry,2,3,3,2,neutral
DarknessEyes,76561198000917712,The Spatials,"Rating: 3 of 10. I got borred after 3 hours, game seems to repetivive for me and there is alots of clicking. # The good * Tech tree that unlock base structures/rooms. * You can configure units with guns and skills. * Units level up. # The bad: * Cannot control units individually. * No tactical combat... just click click click * Bases don't get attacked. * Missions are to repetitive.","['Simulation', 'RPG', 'Indie', 'Management', 'Space', 'Base Building', 'Singleplayer']",Mostly Positive,Weird and Wry,2,2,3,2,negativo
Nimrias,76561197980530446,The Spatials,"Spatials is a fun sim / builder / management game where you build a space station and visit planets to gather resources. +Lots of space to build on.  Lots of resources and recipes.  Simple mechanics are easy to pick up. -Away team missions can be repetitive.  UI could use some work in different areas: 1. Hard to see the visitor's status when there are 20+ visitors on the station.  2. Once a planet mission is completed on normal, the planet is marked as completed although there are hard and wtf difficulty missions left to do.  3. The embassies in the systems do not have an indicator showing if they are staffed or not until you click them. I thought Spatials was a great game, lots of fun for sim fans.  Might be a little too simple / shallow / casual for hardcore sim seekers.","['Simulation', 'RPG', 'Indie', 'Management', 'Space', 'Base Building', 'Singleplayer']",Mostly Positive,Weird and Wry,2,4,3,2,positivo
ferretsrule,76561198017681447,The Spatials,"A nice little game to pass the time even better when on sale. The pros; nice visuals not amazing 3d rendering style but still nicely polished, excellent soundtrack is amazing. It has a really polished feel, with some interesting concepts, RPG strategy, micro-management, base building combinations. Cons; It can become very repetitive very quickly and for some the grind may set in to progress further into the game, some concepts while easy to get into at the start begin to show the lack of heavy strategy. Difficulty gets hard quickly but some may enjoy the challenge. Overall this is an enjoyable casual gamer style experience for those who don’t want to much of one thing and don’t mind the grind, thumbs up!","['Simulation', 'RPG', 'Indie', 'Management', 'Space', 'Base Building', 'Singleplayer']",Mostly Positive,Weird and Wry,3,4,4,3,positivo
Rothana,76561198087738131,The Spatials,"The Spatials $13.99* building/exploration/simulation 30 hours** ☺☺☺☺☻ A YouTube let’s play by . This video gives you a good idea of what the game is actually like to play as the narrator explores it, although there have been some improvements since the video was made on 14 Jan 2015. A very fun and very reasonably priced little game. I think that there are a fair few “Spacebase Refugees” that have come to look at The Spatials. This is a completed game, although the devs seem to have ideas for improvement in the future. Speaking of the devs, Carlos is very good about responding to questions and concerns and generally communicating with the community. The Spatials is a weird mix of activities, including base building, “dungeon” exploration, looting, production lines, economy simulation, and character simulation (meeting their needs/keeping them happy). Despite all of these different things sounding too disparate, the game does come together into a cohesive whole which is fun and different. I would say that there is room in the future to strengthen each segment of the game and expand upon them, but right now this is a completed game which (as all games should) stands to be improved upon. The humour is delightful and it’s great to have a game where you don’t feel too much pressure (yet if you want to challenge yourself with low level characters on a high level planet you can!). All in all, considering that I've played 30 hours of this game already, and I'm likely to play another 30 of it and get all the achievements now that it's on Steam - I'd say that it's a good game, a fun game, and a great buy. If this is your sort of thing, it will entertain for ages too! Most of your gameplay does consist of away missions, exploring the planet and defeating all the enemies. This gets a little monotonous after a while. There could be a tad more variety in the fauna, flora, and layout of planets as well as in the mission objectives. Back at the asteroid though, you build up your base by choosing what to build and where to build it, albeit you probably want to eventually build at least one of everything. The idea is you need different sorts of rooms to provide goods to visitors (to earn money) and to your officers (to keep them happy). This includes things like sleep, hygiene, food variety, intellectual stimulation, and entertainment. One fun feature of the game that is right up my alley is the inclusion of collectables. You have a garden and a museum room which allow you to show off your collectables, and you find the collectables whilst exploring planets. (Tip: they are generally found somewhere around the centre of a planet so that you don’t have to search every square inch of every planet). I find mostly use the mouse, and it would be a little tricky to not use the mouse. On away missions there are hotkeys for using each character’s special ability. There isn’t a story per se, however I’ve only got about halfway through the galaxy. There are hints at a storyline as you do major missions to unlock the next solar system, however this isn’t a story-driven sort of game. Nothing amazing, nothing bad. The music is quite fun, although some tracks get on my personal nerves due to some repetitive high pitch noises. Meanwhile the phaser fire during fights can get quite monotonous. However this is a case of not being able to think of much to say about the sound, I just didn’t find it particularly remarkable. I really enjoy the artwork in this game. It’s got a clear style and it sticks with it. The interesting thing is how the art style supports the game’s attitude of being a little bit of a star trek farce - it doesn’t take itself too seriously and doesn’t want the player to take it too seriously either. I’ve had a lot of fun with the randomized portraits and my imagination to find characters that look vaguely like other characters. So far I’ve found a Locutus, Jean Luc Picard, Beverly Crusher, Geordi LaForge, Miles O’brien, The Doctor, Tom Paris, Katherine Janeway, Kes, Julian Bashir, B’elanna Torres, Wesley Crusher, and Lando Cairissian. I’ve also found a TARDIS collectable, which totally made my day. complete and fun game to play great potential, great concept fun artwork interesting universe supportive devs sounds could use some work could use more depth some UI organization could be improved upon • give me constructive criticism in the comments - tell me why the review wasn’t helpful • upvote my Steam review if you liked it so that others are more likely to find it too! For those that are interested in seeing more of my reviews, I have set up an archive of them at an external website. I don't earn anything off of this at all, it's just a little side project that I add to when I can. Steam won't let me create a direct link though, so you'll need to make your own way to the URL I describe now: Any prices that I mention are in CDN because that is what I see. I bought the game before its release on Steam. =) I will not be keeping an eye on whether the links are up to date, so if they are broken I apologise. Remember that these are external websites and I'm just trying to be helpful - I'm not responsible for the content on the other end. 30/03/2015 formatting 02/04/2015 typo corrections, thank you ilfar.drachadi","['Simulation', 'RPG', 'Indie', 'Management', 'Space', 'Base Building', 'Singleplayer']",Mostly Positive,Weird and Wry,2,4,4,3,positivo
Mordeth Kai,76561198068065140,The Spatials,"This game combines a lot of different elements, but basically you conquer the galaxy in order to build an intergalactic shopping mall. You then staff the mall with Star Trek style officers. - RPG progression of characters with exp and equipment. - ARPG and RTS hybrid where you command 5 officers as a unit and kill stuff diablo style. - Base building in a theme hospital style where the goal isn't military production but customer satisfaction. - Crafting system, where you make goods to sell and your officers have their own crafting skill level. - Resource management in order to keep things running smooth, which is where you conquer the galaxy to build your infrastructure. I cannot recommend this game enough, it's fun and addictive. Also, a space pirate told me I was privileged so I shot him, 10/10 Game of the year! Would kill again.","['Simulation', 'RPG', 'Indie', 'Management', 'Space', 'Base Building', 'Singleplayer']",Mostly Positive,Weird and Wry,4,5,4,3,positivo
Wolfen,76561198018875590,The Spatials,"Once in a while, you find a little gem in all those Indies these days. This is one of them. The combat feels a little like  1995 (that is not that bad, at least i was young back then), but it is good enough (albeit i really like turn based tactical battles, just saying^^). That there even IS real combat in a space-station-building-game is nice. And thats what this game is, a modern space station builder with a bunch of depth, alot of good ideas and a suprisingly fair price. When you have a look at the horrible stuff for 20-30 bucks around, EA titles from that you know after a short look that the ""game"" will stay in EA for 2-5 years, this can't be mentioned enough. I hope this game runs fine and don't gets lost like Lantern Forge. Thanks to the devs for the great game already. I know, i won't get turn based combat, but... may i ask for the option to rename and maybe even alter the look of my crewmembers?  Anyway, worth every cent, thanks a bunch.","['Simulation', 'RPG', 'Indie', 'Management', 'Space', 'Base Building', 'Singleplayer']",Mostly Positive,Weird and Wry,3,4,4,3,positivo
Zaxtor99 @ YouTube,76561198053422627,The Spatials,"Here is my first ""let's play"" video: This game is an outstanding Indie gem.  It is deep, well balanced, well thought out, and runs very smooth.  It also included a help screen and a tutorial assistant that can be closed until needed at any time.  You will likely need to use the help resources a few times however as this game is very deep and complex.  The brilliance comes with th games simplicity however.  While it offers a lot to do, it never feels overwhelming and everything makes sense. You start off with 5 random people as your crew in a tiny little room on some distant asteroid far, far away.  Every crew member has a name and a purpose and starts off at level 1.  At this early level their only needs to keep them happy and working for you is a place to sleep.  Easy enough, just use your starting 10,000 credits to have them build on add on room and toss in some beds.  They don't require micro-management and work without having to babysit them at all, which I love. So now you got them a little space station started.  Next room to build is a warehouse, get another warehouse room added on and toss in some storage vaults and a recycling machine to help keep your inventory clean and uncluttered. Perfect.  Now what? Well, start exploring the vastness of this procedurally generated galaxy that is your game.  Start by looking in your own system and clicking on other plants or asteroids to conquer.  Conquer them by completing the missions given to you on said planet, usually killing mobs or boss mobs.  Once you conquer the planet, you now have access that worlds rescources.  Now use your points you've obtained conquering planets to research no technology on new stuff to make for your base.  Add on more rooms and more cool stuff. Pretty soon, you'll be ready to host aliens from other universes to come and stay at your base, and by supplying them with food, drink and items that want to buy, you'll make them happy and start acquiring money. Rinse and repeat, as you start conquering and exploring planets further and further out, as the difficulty increases, and as your base grows in insane sizes. It's a brilliant game that seems to offer a bewildering level of depth, explortation, and balance.  But most importantly it is just plan FUN to play. There isn't many Indie games that launch with the level of heart, soul, and quality that this little game contains in abundance. This game is easily worth double it's asking price in my opinion because it is loaded with so much to do, so much to research, and so much to build.  At its current price tag, this is a no brainer for any fan of simulation or RPG fans.  Go click ""Buy"" and you'll thank me later. My Early Rating...  88% out of 100.  A great bang for your dollar!!","['Simulation', 'RPG', 'Indie', 'Management', 'Space', 'Base Building', 'Singleplayer']",Mostly Positive,Weird and Wry,4,5,4,3,positivo
ssaul4,76561198219815168,The Spatials,"Lot's of fun. To me it seems to combine building, resource management, and dungeon crawling into one neat package. Biggest gripe is the missions get a bit repetitive after a while, as a side the combat movement takes a while to get used to and could do with some improvement (selecting individual units auto-retaliate option when enemies engage etc) . Well worth the price, stop reading and get it now.","['Simulation', 'RPG', 'Indie', 'Management', 'Space', 'Base Building', 'Singleplayer']",Mostly Positive,Weird and Wry,3,4,4,3,positivo
Rostburken,76561197999602910,The Walking Dead: Season 2,Season 1 - I cried Season 2 - I cried even more. These are the only games ever that have made me cry. Buy both seasons and enjoy.,"['Zombies', 'Adventure', 'Story Rich', 'Episodic', 'Point & Click', 'Singleplayer', 'Female Protagonist', 'Atmospheric', 'Horror', 'Choose Your Own Adventure', 'Choices Matter', 'Comic Book', 'Mature', 'Survival', 'Drama', 'Cinematic', 'Post-apocalyptic', 'Action', 'Quick-Time Events', 'Gore']",Overwhelmingly Positive,Telltale Games,5,4,5,2,positivo
rjazz2,76561198006849221,The Walking Dead: Season 2,More of the same. It doesn't hit as a hard as the 1st Season but well done character stories.,"['Zombies', 'Adventure', 'Story Rich', 'Episodic', 'Point & Click', 'Singleplayer', 'Female Protagonist', 'Atmospheric', 'Horror', 'Choose Your Own Adventure', 'Choices Matter', 'Comic Book', 'Mature', 'Survival', 'Drama', 'Cinematic', 'Post-apocalyptic', 'Action', 'Quick-Time Events', 'Gore']",Overwhelmingly Positive,Telltale Games,4,3,4,2,positivo
InsanityWolf,76561198063281813,The Walking Dead: Season 2,"I don't think that Walking Dead Season 2 was as enjoyable or as impactful as the first season but it was still a great ride! It was good seeing Clem grow up a bit from the first game and take out zombies and make some harsh calls that other characters around her weren't able to make. She is one tough kid!! A true zombie apocalypse survivor in the making! Damnit, I knew they were heading towards a brutal ending like the first season and they freaking did it again! It wasn't as heart wrenching as the first season's ending but it was damn close! I can't wait for the next season to come out. I bet they'll jump forward in time some more and Clem might be a teen or young adult zombie killer in it!","['Zombies', 'Adventure', 'Story Rich', 'Episodic', 'Point & Click', 'Singleplayer', 'Female Protagonist', 'Atmospheric', 'Horror', 'Choose Your Own Adventure', 'Choices Matter', 'Comic Book', 'Mature', 'Survival', 'Drama', 'Cinematic', 'Post-apocalyptic', 'Action', 'Quick-Time Events', 'Gore']",Overwhelmingly Positive,Telltale Games,4,4,5,3,positivo
deno,76561197984668685,The Walking Dead: Season 2,What you are buying here is roughly a six episode season of a TV show based on The Walking Dead comic books.  This doesn't mean that it is bad.  It's just not a traditional 'game' in the way most people considering the line between gaming and interactive storytelling.  The first season of The Walking Dead was excellent and this game only builds on that introducing a few more polished mechanics and a few new mechanics.  It's basically an excellent five to ten hour ride.  I would recommend it to anyone.,"['Zombies', 'Adventure', 'Story Rich', 'Episodic', 'Point & Click', 'Singleplayer', 'Female Protagonist', 'Atmospheric', 'Horror', 'Choose Your Own Adventure', 'Choices Matter', 'Comic Book', 'Mature', 'Survival', 'Drama', 'Cinematic', 'Post-apocalyptic', 'Action', 'Quick-Time Events', 'Gore']",Overwhelmingly Positive,Telltale Games,5,4,5,2,positivo
reinventedsky,76561198112820423,The Walking Dead: Season 2,"There are issues - many of them - with Telltale's follow up to one of their most successful titles. Relationships between characters galvanise in tepid fashion regardless of one's choices. Some choices fail to bear the tantalising payoffs that they tease. The supporting cast is no way as endearing enough to care about as their predecessors. Worst of all is the whole pacing of Season Two. But never before has a video game so unapologetically demanded the player to mold a young child in the palm of nightmare. The perennial choice here is define an optimist or a realist of this growing heroine and what type of survivor she will become in a world gone to ruin. Telltale makes an emotional bedrock out of this one particular character portrayal. Yes, guiding sweet Clementine onwards from her tearful ending in Season One is excessively cruel and often heartwrenching, ensuring that by its conclusion the innocence we all desperately wanted to save will be gone forever.","['Zombies', 'Adventure', 'Story Rich', 'Episodic', 'Point & Click', 'Singleplayer', 'Female Protagonist', 'Atmospheric', 'Horror', 'Choose Your Own Adventure', 'Choices Matter', 'Comic Book', 'Mature', 'Survival', 'Drama', 'Cinematic', 'Post-apocalyptic', 'Action', 'Quick-Time Events', 'Gore']",Overwhelmingly Positive,Telltale Games,3,2,4,2,negativo
iTz Mr.STinKy xG,76561198002543665,The Walking Dead: Season 2,season 2....didnt find it as good as season 1 but still worth ago ... got the game in the sale so didnt have to pay ful price ....thank god... still had fun playing the story a second time todo everything another way.... 9/10,"['Zombies', 'Adventure', 'Story Rich', 'Episodic', 'Point & Click', 'Singleplayer', 'Female Protagonist', 'Atmospheric', 'Horror', 'Choose Your Own Adventure', 'Choices Matter', 'Comic Book', 'Mature', 'Survival', 'Drama', 'Cinematic', 'Post-apocalyptic', 'Action', 'Quick-Time Events', 'Gore']",Overwhelmingly Positive,Telltale Games,4,4,4,2,positivo
Wolvenfire86,76561198012931704,The Walking Dead: Season 2,"The first season was a tremendous tour de force of emotional hardship, loss and difficult decisions. The second did the first justice in meeting the high standard the first game set up. The characters were mostly interesting. The bad guy(s) were threatening. The choice base system was gut wrenchingly difficult at times and they cleaned up the few clunky controls from the first game. Clem is one of, if not the best, female protagonist I have ever seen in a game. It is hard to write a review for a game like this without revealing spoilers. From what I can tell, there are four different endings and I got the saddest one. I did not know the endings before playing but tried only to do what I would do if I was in that horrible situation. And the game’s ability to make me feel terrible (in a weirdly good way) did not disappoint. My only two complaints are the following: 1.) 400 days was almost useless in the plot of season 2, which made me wonder why that selling point was even advertised when 400 days was on sale…oh wait, money. Right. Meh, whatever. I love telltale and will gladly give them my dollars. But I was hoping for the 400 days characters (besides Bonnie) to have some kind of significance other than a cameo. 2.) I say this in the TV show as well (having read the comics) but it perplexes me to no end how unspeakably stupid some of these people are. The dumb ones are supposed to have died early on; that is how survival-of-the-fittest works! Regardless of my minor complaints, I give this game a 9.5/10 for its remarkable story, the powerful emotions it stirs up, the immersion factor and my darling Clementine. Rock on TallTell. You’re batting a thousand.","['Zombies', 'Adventure', 'Story Rich', 'Episodic', 'Point & Click', 'Singleplayer', 'Female Protagonist', 'Atmospheric', 'Horror', 'Choose Your Own Adventure', 'Choices Matter', 'Comic Book', 'Mature', 'Survival', 'Drama', 'Cinematic', 'Post-apocalyptic', 'Action', 'Quick-Time Events', 'Gore']",Overwhelmingly Positive,Telltale Games,5,4,5,4,positivo
Aquinas,76561197993060918,The Walking Dead: Season 2,8/10,"['Zombies', 'Adventure', 'Story Rich', 'Episodic', 'Point & Click', 'Singleplayer', 'Female Protagonist', 'Atmospheric', 'Horror', 'Choose Your Own Adventure', 'Choices Matter', 'Comic Book', 'Mature', 'Survival', 'Drama', 'Cinematic', 'Post-apocalyptic', 'Action', 'Quick-Time Events', 'Gore']",Overwhelmingly Positive,Telltale Games,5,4,5,2,positivo
Vasparian,76561198131334476,The Walking Dead: Season 2,"I was never able to get into the Walking Dead tv series. I tried it for a while, but it just bored me. I had read the comics and enjoyed those a bit. On a whim I decided to buy Walking Dead season 1... I loved every minute of it. I love the story, characters, the choices. I am right now going to do a 4th play through of it. Walking Dead season 2 is even better. Yeah I miss Lee, but Clementine is a great character. This game makes me root for her. I am looking forward to the rest of season 2. I know it is a while between episodes, but I can wait. There are lots of games to play. For example, A wolf among us :0","['Zombies', 'Adventure', 'Story Rich', 'Episodic', 'Point & Click', 'Singleplayer', 'Female Protagonist', 'Atmospheric', 'Horror', 'Choose Your Own Adventure', 'Choices Matter', 'Comic Book', 'Mature', 'Survival', 'Drama', 'Cinematic', 'Post-apocalyptic', 'Action', 'Quick-Time Events', 'Gore']",Overwhelmingly Positive,Telltale Games,5,5,5,3,positivo
Darkshader,76561197988001080,The Walking Dead: Season 2,"Great game, great series.","['Zombies', 'Adventure', 'Story Rich', 'Episodic', 'Point & Click', 'Singleplayer', 'Female Protagonist', 'Atmospheric', 'Horror', 'Choose Your Own Adventure', 'Choices Matter', 'Comic Book', 'Mature', 'Survival', 'Drama', 'Cinematic', 'Post-apocalyptic', 'Action', 'Quick-Time Events', 'Gore']",Overwhelmingly Positive,Telltale Games,5,5,5,2,positivo
Gamingman,76561198022658933,The Walking Dead: Season 2,"It's great better game then first season , ofc same problems with telltale games it's all made for one screen if you run more then one monitor mouse will go to other monitors while in game( yes in fullscreen too)it's anoying. So Telltale Games ffs plz fix that♥♥♥♥♥♥in your engine it's happening with every game you make, ppl use more then one monitor wakeup!!!","['Zombies', 'Adventure', 'Story Rich', 'Episodic', 'Point & Click', 'Singleplayer', 'Female Protagonist', 'Atmospheric', 'Horror', 'Choose Your Own Adventure', 'Choices Matter', 'Comic Book', 'Mature', 'Survival', 'Drama', 'Cinematic', 'Post-apocalyptic', 'Action', 'Quick-Time Events', 'Gore']",Overwhelmingly Positive,Telltale Games,4,3,4,2,positivo
ZachAttack,76561198054593098,The Walking Dead: Season 2,"The first season was awesome so I just couldn't wait for this one. This game is awesome and worth the buy. Yes you have to wait for episode but the waiting makes it better. If anything, buy this game.","['Zombies', 'Adventure', 'Story Rich', 'Episodic', 'Point & Click', 'Singleplayer', 'Female Protagonist', 'Atmospheric', 'Horror', 'Choose Your Own Adventure', 'Choices Matter', 'Comic Book', 'Mature', 'Survival', 'Drama', 'Cinematic', 'Post-apocalyptic', 'Action', 'Quick-Time Events', 'Gore']",Overwhelmingly Positive,Telltale Games,5,5,5,2,positivo
I love anime dude,76561198062219481,The Walking Dead: Season 2,Clem dies in act 5,"['Zombies', 'Adventure', 'Story Rich', 'Episodic', 'Point & Click', 'Singleplayer', 'Female Protagonist', 'Atmospheric', 'Horror', 'Choose Your Own Adventure', 'Choices Matter', 'Comic Book', 'Mature', 'Survival', 'Drama', 'Cinematic', 'Post-apocalyptic', 'Action', 'Quick-Time Events', 'Gore']",Overwhelmingly Positive,Telltale Games,4,4,5,3,negativo
Squirrel Winchester,76561198063014313,The Walking Dead: Season 2,holy♥♥♥♥♥♥,"['Zombies', 'Adventure', 'Story Rich', 'Episodic', 'Point & Click', 'Singleplayer', 'Female Protagonist', 'Atmospheric', 'Horror', 'Choose Your Own Adventure', 'Choices Matter', 'Comic Book', 'Mature', 'Survival', 'Drama', 'Cinematic', 'Post-apocalyptic', 'Action', 'Quick-Time Events', 'Gore']",Overwhelmingly Positive,Telltale Games,5,5,5,2,positivo
乇乂ㄒ尺卂 ㄒ卄丨匚匚,76561198046968132,The Walking Dead: Season 2,I love this game series and this game has already got me begging for more. Can't wait to see the rest of this story unfold!,"['Zombies', 'Adventure', 'Story Rich', 'Episodic', 'Point & Click', 'Singleplayer', 'Female Protagonist', 'Atmospheric', 'Horror', 'Choose Your Own Adventure', 'Choices Matter', 'Comic Book', 'Mature', 'Survival', 'Drama', 'Cinematic', 'Post-apocalyptic', 'Action', 'Quick-Time Events', 'Gore']",Overwhelmingly Positive,Telltale Games,5,5,5,2,positivo
Dasbooby,76561197986527965,The Walking Dead: Season 2,"Walking Dead: Season 2 is an alright game that is let down by the things that made the first season good. Season 2 suffers from the same problem as season 1, you're given the illusion of choice rather than making choices that actually matter or impact the story.  Let a character die?  Oh well.  Save a character?  They'll barely be visible until they're killed off later in the same episode or the next one.  Make someone hate you, doesn't really matter.  Make someone like you, doesn't really matter.  Take the middle road, doesn't really matter.  Hey, we have the option of doing A or B, what do you think Clementine?  Well, turns out it doesn't matter what you think because you're going to go wherever the game tells you to go, do whatever the game tells you to do, or watch events happen in pretty much the same way despite what you tried to do.  The only exception to this comes in the last 5-10 minutes of the 5th episode, where the choices you make during that 5-10 minutes alone determines your final ending.  Now while the lack of choice bothered me somewhat in season 1, I was able to get over it because season 1 had other strengths that made it good.  The problem with season 2 is that many of these strengths are much weaker this time around. The biggest problems with season 2 are the plot and stories.  A good drama has a natural flow and has characters making decisions that for the most part make sense, but maybe they face opposition or some long term plan comes to fruition against them or something unexpected but still sensical happens.  A bad drama has a poor flow and usually involves characters making terrible decisions for the sole purpose of making terrible decisions or having nonsensical things occur to drive the drama or shock the viewer.  Season 2 is full of bad drama and the game makes this very clear in its opening scene of episode 1.  There is no reason that Clementine wouldn't have been in the same bathroom as the 2 other characters she's traveling with.  The only reason she goes into a separate bathroom is to drive the plot.  This kind of bad drama continues throughout the game.  You'll constantly be asking yourself questions about why these nonsensical events are occuring.  It probably hits its biggest bad drama moment when the group runs into a Russian gang at the end of episode 4.  Yes, a Russian gang.  All I could do was shake my head at how poorly written this part was.  The Russians have no clue the group is coming that way, yet they have an ambush set in the middle of nowhere for them.  Why was that Russian dude hiding medicine/drugs in a trashcan in the middle of nowhere all by himself?  Why are they a 3+ hour walk from the cabin that they stay in?  The best part is, no matter what “choices” you make throughout that entire ordeal, it doesn't matter.  I could go on and on about the bad drama, but then I'd be mentioning most of the game. The game is also much shorter than the first one, which wouldn't bother me if the quality was still as high, but it's not.  Due to the much shorter length, characters often don't feel as well developed and fleshed out.  Some of the characters that are actually given face time are decently written and likable (Luke & Jane), but other characters are pretty much one dimensional and forgettable (Alvin and Carlos), or are killed off 10 minutes after meeting them.  Another problem is that most of the major characters will randomly go off on you for no real reason at some point, no matter how much they supposedly like you.  Almost all of them act out of character or irrationally at some point to drive the current story to where the creators want it to go. The game still has parts that are decent.  Dialogue is written well enough in certain areas.  Making some conversational choices are still fun depending on how you want Clementine to react to people, even if it doesn't matter.  The game also took an interesting approach allowing you to play as an 11 year old.  Characters typically don't think much of you until you prove to them that you're fully capable of handling yourself.  This was an interesting way for the game to have it make sense that all these people want your help and input into situations. The very best part of the game........... WD S2 isn't terrible, but it's hard to get past the constant bad drama, the lack of real character development, and the fact that your choices still have no real meaning.  Also, Kenny is a ♥♥♥♥♥boy, never forget that.","['Zombies', 'Adventure', 'Story Rich', 'Episodic', 'Point & Click', 'Singleplayer', 'Female Protagonist', 'Atmospheric', 'Horror', 'Choose Your Own Adventure', 'Choices Matter', 'Comic Book', 'Mature', 'Survival', 'Drama', 'Cinematic', 'Post-apocalyptic', 'Action', 'Quick-Time Events', 'Gore']",Overwhelmingly Positive,Telltale Games,2,3,4,2,negativo
Petroph,76561198008241330,The Walking Dead: Season 2,"The Walking Dead: Season 2 is a continuation of the previous game The Walking Dead by Telltale games. The story continues where the last left off and delivers the same if not better tense moments than the last. You are presented with a new set of characters, with some veteran characters returning, throughout the story. To sum it up, if you loved the previous Walking Dead title, you will love this one just as much if not more. The only question remains…. Will there be a Season 3? ;)","['Zombies', 'Adventure', 'Story Rich', 'Episodic', 'Point & Click', 'Singleplayer', 'Female Protagonist', 'Atmospheric', 'Horror', 'Choose Your Own Adventure', 'Choices Matter', 'Comic Book', 'Mature', 'Survival', 'Drama', 'Cinematic', 'Post-apocalyptic', 'Action', 'Quick-Time Events', 'Gore']",Overwhelmingly Positive,Telltale Games,5,5,5,3,positivo
The_Monk,76561198043835726,The Walking Dead: Season 2,"As most of you may know, you play as Clementine, a young girl thrown in a world where every time you see a glimpse of hope it does not take you much time for things to get messy again. It took me around 9 hours to finish all the episodes and there was times I wish they could last longer but in the end it was a nice journey. Choices in this game will matter, however not all of them and they may not lead to the impact you may expect. You'll be facing reactions from others in which they will remember what you did, to whom you stood up to or what you have chosen in a moment where there was not time to reflect properly. While the big decisions can impact the story I wish they would make more decisions and create a bigger impact around every character instead of a comment every now and then. Clementine is really young, but she became very aware of how harsh the world can be. Sometimes, innocence will make her believe in people she shouldn't or spare someone when it might not have been the best decision. However, I felt they put too much pressure for a little girl. Too often you will have others asking what you (Clementine) think about some themes, what should they should do or forcing her to choose a side, a path, who lives, who dies. I find hard to feel immersed in these parts because in a world where everyone is fighting for food, ammo and their very own survival it does not seem realistic to put so much weight and the destiny itself in the hands of a young girl. I understand that this is you, the player, who is making the choices but during Season one it was much more easier because you were Lee and I did everything to protect my sweet pea. Now that you play as her I can't help but feel that others rely too much on a opinion from a young girl and it seems... unreal. Unfair too. The soundtrack is nicely done. The main theme is a mix of hope and despair and get you in the mood really quickly. Most of the story elements will be more or less intense depending on how you play. As some of you may know, you can't expect much gameplay wise since it's a Story driven game so it's important for you to relax, be Clem and let yourself be part of this world filled with death and little hope. The more you let yourself get lost in the world the better your experience will be. It is not a game for everyone, that is for sure but if you like to listen to a story while making some decisions that could change the destiny of some people, I say, give it a try. Looking back, the first Season made a bigger impact on me. First I had to protect someone more than everything and Lee was an amazing character with a great voice and warm morals to keep his sweet pea safe from everyone, walkers or not. There was more Point & Click aspects when comparing to the Season Two, in fact I don't recall a moment where I have to stop and think about solving something, which can be a shame if you enjoy a little puzzling in your point & click games (as it should be!). Finally, I found no issues while playing this game aside of two achievements not unlocking at the start of the 5th episode. I unlocked them by replaying those parts. In the end, I had great fun with this game and I hope others can experience the way I did. My only advice would be: Do not trust anyone.","['Zombies', 'Adventure', 'Story Rich', 'Episodic', 'Point & Click', 'Singleplayer', 'Female Protagonist', 'Atmospheric', 'Horror', 'Choose Your Own Adventure', 'Choices Matter', 'Comic Book', 'Mature', 'Survival', 'Drama', 'Cinematic', 'Post-apocalyptic', 'Action', 'Quick-Time Events', 'Gore']",Overwhelmingly Positive,Telltale Games,4,2,4,2,neutral
Mogs,76561197970566982,The Walking Dead: Season 2,"Good, except for unskippable credits at end of each chapter","['Zombies', 'Adventure', 'Story Rich', 'Episodic', 'Point & Click', 'Singleplayer', 'Female Protagonist', 'Atmospheric', 'Horror', 'Choose Your Own Adventure', 'Choices Matter', 'Comic Book', 'Mature', 'Survival', 'Drama', 'Cinematic', 'Post-apocalyptic', 'Action', 'Quick-Time Events', 'Gore']",Overwhelmingly Positive,Telltale Games,4,4,5,2,positivo
Zarunil,76561197961575651,The Walking Dead: Season 2,.,"['Zombies', 'Adventure', 'Story Rich', 'Episodic', 'Point & Click', 'Singleplayer', 'Female Protagonist', 'Atmospheric', 'Horror', 'Choose Your Own Adventure', 'Choices Matter', 'Comic Book', 'Mature', 'Survival', 'Drama', 'Cinematic', 'Post-apocalyptic', 'Action', 'Quick-Time Events', 'Gore']",Overwhelmingly Positive,Telltale Games,5,4,5,2,positivo
Jake.m17,76561198357425547,The Warlock of Firetop Mountain,"The warlock at firetop mountain is basically a faithfully recreated choose your own adventure book turned into a game. The art style is nice and the animations are pretty cool but slow, Although fun at first the game quickly gets repetitive and boring as you die again and again because of accidental bad decisions or bad luck. If you like choose your own adventure books and that sort of thing than you will probably like this, but for those just looking for a fun tabletop game this may not be for you. Although this game may not be for everyone, there's no doubt that it's well made.","['Adventure', 'Indie', 'Action', 'Board Game', 'RPG', 'Choose Your Own Adventure']",Very Positive,Tin Man Games,4,3,4,3,neutral
[LINUX]oldrocker99,76561198000385268,The Warlock of Firetop Mountain,"A most enjoyable adaptation of the UK Steve Jackson's (there's an American game designer of the same name) classic choose-your-own-adventure. Graphics are nice, and the combat is more of a challenge than one first might think.","['Adventure', 'Indie', 'Action', 'Board Game', 'RPG', 'Choose Your Own Adventure']",Very Positive,Tin Man Games,4,4,4,3,positivo
C0mmandant,76561198039331170,The Warlock of Firetop Mountain,not my thing,"['Adventure', 'Indie', 'Action', 'Board Game', 'RPG', 'Choose Your Own Adventure']",Very Positive,Tin Man Games,1,2,2,2,negativo
mort,76561198067937537,The Warlock of Firetop Mountain,"For the most part I would say that I have enjoyed my time with The Warlock of Firetop Mountain. The majority of The Warlock of Firetop Mountain involves reading text and making a choice on how you would like to proceed. I really enjoyed this part of the game and it reminds me a lot of the Sorcery series of games. If you like tabletop RPG games that focus heavily on the story I think you will really enjoy this part of the game.  I also think the combat is well done. The combat is pretty simple which mostly involves moving around the grid based board avoiding and attacking enemies. The system works well and it is satisfying when you learn the enemy attack patterns so you can avoid taking damage. Some of the enemies are pretty stupid though and don't provide much of a challenge. There is actually only one thing that I didn't really like about the game. Warlock of Firetop Mountain is a rogue-like game in that if you die you lose all of your progress and have to start from the beginning. I have never been a big fan of rogue-like games so this probably bothers me more than it will people that like rogue-like games. The problem is that the game appears to only have slight randomization and most of the elements you encounter are exactly the same each time you encounter them. This means that each time you die you will have to repeat a lot of content to make it back to the point where you died last. I just wish the game could have avoided some of the repetition. If that doesn't really bother you this won't be much of an issue for you. If you like these type of story driven tabletop role playing style games, I think you will really enjoy The Warlock of Firetop Mountain. For my full review check out .","['Adventure', 'Indie', 'Action', 'Board Game', 'RPG', 'Choose Your Own Adventure']",Very Positive,Tin Man Games,4,3,4,2,positivo
Carennocence,76561198077964931,The Warlock of Firetop Mountain,"So apparently you lose all souls if you decide to revive, essentially making every adventure a inevitable question of, ""should I keep going, hoping that something good happens, or just accept my death and start all over from the beginging."" Not really sure why this is a necessary feature. Would be nice to have extra lives without the facet of losing your score if you happen to use them. Just saying. Otherwise it's a visually appealing game. Just lacks finesse in the, you know, videogame aspect.","['Adventure', 'Indie', 'Action', 'Board Game', 'RPG', 'Choose Your Own Adventure']",Very Positive,Tin Man Games,3,2,4,3,negativo
ragdoll_bg,76561198153826925,The Warlock of Firetop Mountain,"I could not help but to write a review for this game it is extreamly good, it has good artstyle desent story exelent combat overall a very fun game","['Adventure', 'Indie', 'Action', 'Board Game', 'RPG', 'Choose Your Own Adventure']",Very Positive,Tin Man Games,3,5,4,3,positivo
Khelavaster76,76561198036277951,The Warlock of Firetop Mountain,"I grew up on these books and was hoping for a nice refreshing trip back through memory lane. Unfortunately not. Just like the book which is basically a maze, there is only 1 way through with little variation coming from which hero you pick. Sometimes you get a different option at a particular section with an opportunity to either avoid combat or spot something different. But the game eventually gets very repetitive. The combat is not like the other books. You have to maneuvre around a small grid and success comes at guessing whether the targets are going to move or attack into which square. There is no reliable way to predicting - even if a piece is facing one way it can still move into the opposite direction. Granted, some creatures have different behaviors and can perform different actions, just like the heroes. If you both swing at each other you have a ""clash"" roll which are 2d6 with skill value modifiers. So its all hex-based guessing and luck, as opposed to just straight up dice luck as in the other FF games. Some creatures are larger than one square and have a slightly more predictable behavior but usually its just tic-tac-toe hit/miss. At least the combat here is better than Sorcery! The game is long and unforgiving which means you eventually develope the habit of quickly skipping over most passages when you have to restart trying to get back to where you were before. Sometimes you have a resurrection option that lets you continue at the last rest point but sometimes you reach a literal dead end and its immediate game over. But usually its the combat that makes the worst bottlenecks. I only noticed one area where the map is randomly generated each time i did it but i only wish the rest of the game had the same replayability. Everyone that read these books knows that the fun wears off after several times of flipping through the same passages and having to memorize the same action sequence until you find the right way through the maze. Because of the different miniature tabletop aspect this game could have been different but unfortunately its not. I could only take a bit over 6 hours before i lost all interest in continueing. The illustrations, however are straight from the gamebook in color or original black and white and are just as charming as i remember them. So yeah i got a little bit of memory lane but i got bored and left.","['Adventure', 'Indie', 'Action', 'Board Game', 'RPG', 'Choose Your Own Adventure']",Very Positive,Tin Man Games,2,2,4,3,negativo
VahidSlayerOfAll,76561198094803808,The Warlock of Firetop Mountain,it was fun to play once and then i found out everything is the exact same on every playthrough. 3.2 hours are for all the dumb cards,"['Adventure', 'Indie', 'Action', 'Board Game', 'RPG', 'Choose Your Own Adventure']",Very Positive,Tin Man Games,2,3,3,2,neutral
the.grognard,76561198023507159,The Warlock of Firetop Mountain,"This game brings back many fond memories of miniature tabletop gaming.  Painted lead, cobbled together terrain, paper maps. stat sheets, a sadistic game-master, cheesy prose, and lots and lots of dice.  This game does not have a lot of tactical depth or sophistication, but it delivers a whole lot of nostalgia. Unless you were born with an Oculus Rift strapped to your noggin, you'll find the game charming and fun too.","['Adventure', 'Indie', 'Action', 'Board Game', 'RPG', 'Choose Your Own Adventure']",Very Positive,Tin Man Games,4,3,5,2,positivo
DJ Raptor,76561198039374546,The Warlock of Firetop Mountain,"It's ok, but also very hard.","['Adventure', 'Indie', 'Action', 'Board Game', 'RPG', 'Choose Your Own Adventure']",Very Positive,Tin Man Games,3,3,4,4,neutral
Zhaine,76561197976622640,The Warlock of Firetop Mountain,"If you played the book it's worth it just to see the art pages again, now in beautiful colour. But there's also a great game in addition to the nostalgia. Interesting combat system, fun writing, just hope it doesn't get too repetitive with subsequent plays...","['Adventure', 'Indie', 'Action', 'Board Game', 'RPG', 'Choose Your Own Adventure']",Very Positive,Tin Man Games,4,4,5,3,positivo
Rudedog,76561198064599475,The Warlock of Firetop Mountain,"TL; DR Despite gorgeous 3d modeled terrain and great faithfulness to the source material its very limited replayablity, some poor UI choices, very basic combat mechanics, and old school ""killer DM"" sensibilities make this a tough sell at full retail. Warlock of Firetop Mountain is a video game adaptation of an adventure book.  After 18 hours and 11 successful runs ( 6 of which were full warlock kills) and only 1 complete failure, I have to say it's a mixed bag, not requiring enough skill to create fair difficulty or possessing enough variety of content to be a proper rogue-like which it almost feels like it wants to be.  It’s mostly just a short, mean text adventure/turn-based strategy/dungeon crawl, but not one completely devoid of charm. As I said, it's completely gorgeous! However... While I never read the book the game is based on, I can only surmise it is rather faithful to the source material, as it’s overflowing with  early 80s pulp sword and sorcery charm.  However that faithfulness is probably also its biggest drawback.  There is a reason why ""Choose Your Own Adventure"" books went out of style, and that is the limitations of how many branches you can have in a book format.  Procedural content have remedied that, but that’s not how they choose to handle this game, prefering a straight 1:1 adaptation.  Puzzles being almost completely set in stone with almost no variation between heroes don't really justify repeated runs.  Yes, each hero has his own side quest to achieve and minor differences in move set, but of the 12 runs I've finished so far, none have been different enough to feel like a unique experience.  After your second or third run you will know exactly what early encounters to hit, which to skip, and how to handle them with a minimum of harm and hassle through sheer repetition.  After a half dozen or so runs, you might have memorized multiple paths to the warlock complete with every puzzle solution and enemy attack patterns.  Even the best books get boring once you’ve read them enough, and this game is painfully short and shallow. Further, literally every step drops massive text dumps on you, requiring a click every few paragraphs to scroll them and then another click on the screen to move to the next encounter.  That UI inconsistency is probably the worst aspect of this text adventure and you will quickly want to stop reading the same purple prose paragraphs that you've already memorized, but you can't because otherwise you may accidently take a wrong turn by clicking the wrong box. The only thing differentiating your runs, your hero selection, doesn't change the encounters very often or very dramatically.  I think on average there are less than 4 encounters in the whole dungeon per hero that play out even the slightest bit differently than the last hero (excepting the italic text for the hero telling you how much he hates orcs or doesn't want to actually fight). After a few times of seeing the exact same encounters in the exact same places, solved the exact same way, the game feels less like a cRPG and more like a Choose Your Own Adventure copied word for word from a book with a very, VERY basic turn-based strategy game stapled to the side of it... which is exactly what it is. And it’s not even a very good TBS.  As a TBS connoisseur, I can assure you that the TBS elements do not have a lot of meat on their bones.  Most of the heroes have very little to distinguish themselves from each other combat-wise.  They can attack one square ahead, perhaps stronger diagonally, sometimes rarely two ahead, but they mostly play the same.  The tactics that work well for one hero (basically force them to come to you and attack at which ever enemy moved last round while ignoring those that attacked), usually work just as well for the next hero due to the very simple, predictable AI and abusable combat system.  Turns are one action, either move 1 square in a cardinal direction or attack and enemies almost never make you come to them, being mostly willing to dance around you, alternating between move and ineffective attack patterns. Finally, puzzles with absolutely no foreshadowing or clues to their solutions have not grown more enjoyable with age.  It has the mentality of old “killer DM” modules, where every door knob could be a disguised monster or instantly lethal, no-save, trap.  The kind that both reward and vicously punish in turn the ""10-foot pole"" ultra-conservative and reckless ""let's see what this does"" play styles with no rhyme or reason for when it favors either.  That wasn’t satisfying game design then, and it hasn’t aged well for anyone other than the frustration masochistics, people who are amused by cheap deaths, ultra-traditionalists, and Awg. Overall it’s not unfun, at least in the first few plays, (it has beautiful 3d modeled terrain and a lot of early 80s dungeon crawler nostalgia) but it wears out its welcome surprisingly fast, not something I’d recommend for a $20 game.  If it were under $10, perhaps $5, sure!  It’s a good afternoon of dungeon crawling nostalgia, but unless 3-5 hours justifies $20 for you, I’d pass unless it’s on a steep discount or this sounds like EXACTLY the game you've always wanted.","['Adventure', 'Indie', 'Action', 'Board Game', 'RPG', 'Choose Your Own Adventure']",Very Positive,Tin Man Games,3,2,4,2,neutral
SFF2000,76561198017599168,The Warlock of Firetop Mountain,"Unlike other Steve JAckson or Fighting Fantasy (FF) like games I have experienced on Steam (namely Sorcery! parts 1-4), The Warlock of Firetop Moutain does not live up to what I am use to. In about an hour of the game, I was able to beat the final boss off my first run without any prior knowledge of the game or book. There was also, unfortuntately, a lot of context missing for new players to this FF novel that I could never appreciate that long time fans would. I did enjoy how the board appeared as you progressed and there were other interesting mechanics like the combat, but nothing to hold me. The combat, for the hour I experienced, just didn't feel fleshed out and my characters felt limited as what they could actually do. And I did not really understand that luck or skills and how they decrease or increase but without increasing the cap (making your character more powerful or feel more powerful). Also still am unsure what ""Souls"" are used for. On my run to the final boss I acquired over 200 ""souls,"" maybe that is a score for leaderboards? I am not sure. To end, I do believe the challenge of the game is probably really high (considering the final battles, that I felt I was able to manipulate easily) and I just got lucky. However, for a twenty dollar price tag for a game that feels a few years old, I don't believe it is worth it.","['Adventure', 'Indie', 'Action', 'Board Game', 'RPG', 'Choose Your Own Adventure']",Very Positive,Tin Man Games,2,2,3,3,negativo
FantasyFreak_UK,76561197985072747,The Warlock of Firetop Mountain,"As a fan of F&F books from the 80s/90s I endorse this comment. !You need to play this game as it is the best digital version of the F&F books yet"".","['Adventure', 'Indie', 'Action', 'Board Game', 'RPG', 'Choose Your Own Adventure']",Very Positive,Tin Man Games,5,5,5,3,positivo
Bee,76561197970859560,The Warlock of Firetop Mountain,"I enjoyed this for several play-throughs. But once you've beaten it, and explored the handful of alternate paths, it gets very, very samey. It would really help to have more dungeons to explore, and a greater variety of things to unlock using souls.","['Adventure', 'Indie', 'Action', 'Board Game', 'RPG', 'Choose Your Own Adventure']",Very Positive,Tin Man Games,3,3,4,2,neutral
Huggles `,76561197971640510,The Warlock of Firetop Mountain,Ummm... not for $20. Not at all. There are games that offer about a hundred times what this one offers for the price. Also it's.. um.. for children. Bought it and immediately asked for a refund. Also no v-sync so expect your computer to melt if you have a good one,"['Adventure', 'Indie', 'Action', 'Board Game', 'RPG', 'Choose Your Own Adventure']",Very Positive,Tin Man Games,1,1,1,2,negativo
rjmacready,76561198048974498,The Warlock of Firetop Mountain,"One has to give credit to both this game and inkle Ltd's recent Sorcery! adaptations for at least ATTEMPTING to address the simplistic and rather arbitrary combat systems of the Fighting Fantasy gamebooks released way, way back in the day. Unfortunately, neither developer has managed to inarguably ""improve"" upon those earlier shortcomings, and some part of me still yearns for the unapologetically unforgiving RNG of two dice and little to no tactics whatsoever. 'Cause for all the ""strategy"" these two recent products attempt to add to the combat, it still feels a hullava lot like a crap-shoot to me (or maybe I'm just too daft to understand what strategy to apply). Oh well. That aside, I have to admit to being pretty darned impressed with this latest effort... At least Tin Man Games have followed inkle's example of not just faithfully adapting those ye olde gamebooks to a fault, rendering Warlock easily the most snazzy-looking of all gamebook adaptations released thus far. Of course, whether this actually constitutes an IMPROVEMENT over the original books is a matter of personal opinion. I certainly dug it. Evidently Tin Man has done its best to evoke nerdy memories of not only the books in question, but also the tabletop RPGs which inspired the gamebooks in the first place...making this the most vivid simulation of a maps-n-miniatures scenario I've yet had the pleasure to witness in a video game. That said, a lot of the old-world arbitrary charm of the gamebooks still remains. You decided to go THAT way? Yup, you won't be lasting much longer. You decided to open THAT box? Here's a hard-arsed bonus combat to waste yet another of your limited Resurrections on. The GOOD news is that this time 'round the replayability is much higher, thanks to multiple characters you can choose from, who not only have differing stats but varied abilities which actually change the course of the plot somewhat. So redoing all those bits yet, yet again won't be quite so tiresome, even if it's still gonna take you an absolute shed-load of attempts before you get anywhere CLOSE to completing the game. I do have to compliment Tin Man for substantially raising their own personal bar, and being brave enough to deliver an experience which expands considerably upon the source material while still retaining much of the original, almost indefinable charm of this somewhat dubious aspect of my childhood. I'd even go so far as to say that this is probably the ""best"" gamebook adaptation I've encountered thus far, and can only hope these devs and others will continue to push harder and farther in years to come. No one's yet ""nailed"" the formula and produced a bona fide masterpiece, but the original gamebooks themselves were never quite perfection either, so perhaps it's only fitting that some flaws remain. Verdict: 8.5/10.","['Adventure', 'Indie', 'Action', 'Board Game', 'RPG', 'Choose Your Own Adventure']",Very Positive,Tin Man Games,4,4,5,3,positivo
Darknoble,76561198013914593,The Warlock of Firetop Mountain,"This game is absolutely wonderful! Its a random generated dungeon rpg quest storyline. Choose one adventurer from characters you have unlocked and fight your way to the stories end. Its kinda like ""King of Dragons Pass"" meets ""Thea the Awakening""...but more simplified into and dungeon crawler. The combat system is clever...trying to figure what skill attack to use and where your opponent will move so that you might land a blow against him. It has a table-top Dungeons and Dragons pen and paper appeal for emmersion. Great replayable because each character has its own story and the random dungeons and dice rolling makes each experience diffrent from the last. The developers will no doubt be adding many DlCs to this game for players who want more... I highly recommend this gem and encourage rpg gammers ""on the fence"" to Youtube this one...","['Adventure', 'Indie', 'Action', 'Board Game', 'RPG', 'Choose Your Own Adventure']",Very Positive,Tin Man Games,4,5,4,3,positivo
Godsdemon,76561197970456109,The Warlock of Firetop Mountain,Meh not as fun as I thought it would be.. Its really dull. Save your money and buy something you know you'll be entertained by cause this game just isnt it.,"['Adventure', 'Indie', 'Action', 'Board Game', 'RPG', 'Choose Your Own Adventure']",Very Positive,Tin Man Games,2,1,2,2,negativo
MAKELELE-MAN,76561198084382500,The Warlock of Firetop Mountain,"well, I have purchased the game exactly 10 second after It became available on STEAM...let me tell you something: I.. LOVE it, this is exactly as I dreamed about it! graphics: 9/10 playability: 9/10 Anyhow, $ 20 is a good price for the game, I am looking forward to more Fighting Fantasy games, I ll buy everything which is related to the series. I loved it 20 years ago when I was kid and somebody showed me the series /and I have collected all of them :D /  and I love it now / I am 33/ congratulations for the game, great, I can strongly recommend to anybody who is interested towards role playing.","['Adventure', 'Indie', 'Action', 'Board Game', 'RPG', 'Choose Your Own Adventure']",Very Positive,Tin Man Games,5,4,5,3,positivo
