username,user_id,title,text,tags,sentiment,developer,narrativa,jugabilidad,atmósfera,dificultad,tono_emocional
MedicinalDank,76561198119597197,S.T.A.L.K.E.R.: Clear Sky,"Why is this game getting hate? This game is pretty good from what i have played. The graphics for todays standards are not up to par, but for like 2008 this game has pretty good graphics. The game is kinda unstable and is pretty buggy. The multiplayer is ok for what it is. This game is like fallout but more realistic and really is harder than fallout. Overall I give this game a 8/10. Cant wait to buy the others!!!","['Open World', 'Atmospheric', 'Post-apocalyptic', 'FPS', 'Survival', 'Action', 'RPG', 'First-Person', 'Shooter', 'Singleplayer', 'Survival Horror', 'Adventure', 'Moddable', 'Sci-fi', 'Horror', 'Classic', 'Multiplayer', 'Zombies', 'Inventory Management', 'Sandbox']",Very Positive,GSC Game World,3,3,4,4,positivo
Τσολιάς,76561198068531426,S.T.A.L.K.E.R.: Clear Sky,oh boy clear sky was dope. faction war and gear upgrades were great additions to the game! as for the story well it's a prequel to shadow of chernobyl sheds a little bit of light in that game's story!,"['Open World', 'Atmospheric', 'Post-apocalyptic', 'FPS', 'Survival', 'Action', 'RPG', 'First-Person', 'Shooter', 'Singleplayer', 'Survival Horror', 'Adventure', 'Moddable', 'Sci-fi', 'Horror', 'Classic', 'Multiplayer', 'Zombies', 'Inventory Management', 'Sandbox']",Very Positive,GSC Game World,4,5,5,3,positivo
Godnarok,76561198023495548,S.T.A.L.K.E.R.: Clear Sky,"Unplayable.  Can't even go into the options menu without it crashing and freezing up my computer.  Walked away from it hoping it would sort itself out while frozen, forgot about it, came back two days later, still frozen.  So while it looks like I've put over 50 hours into it, I haven't even played 5 minutes.","['Open World', 'Atmospheric', 'Post-apocalyptic', 'FPS', 'Survival', 'Action', 'RPG', 'First-Person', 'Shooter', 'Singleplayer', 'Survival Horror', 'Adventure', 'Moddable', 'Sci-fi', 'Horror', 'Classic', 'Multiplayer', 'Zombies', 'Inventory Management', 'Sandbox']",Very Positive,GSC Game World,1,0,2,1,negativo
ＦＡＴ ＮＩＧＧＡ🔰™,76561198035830497,S.T.A.L.K.E.R.: Clear Sky,Great game!,"['Open World', 'Atmospheric', 'Post-apocalyptic', 'FPS', 'Survival', 'Action', 'RPG', 'First-Person', 'Shooter', 'Singleplayer', 'Survival Horror', 'Adventure', 'Moddable', 'Sci-fi', 'Horror', 'Classic', 'Multiplayer', 'Zombies', 'Inventory Management', 'Sandbox']",Very Positive,GSC Game World,4,5,5,3,positivo
Colonel Shaeffer,76561198018845533,S.T.A.L.K.E.R.: Clear Sky,"An amazing game with tons of atmosphere and fun, when it works....  even now, years later, this game is still pretty buggy, and they even patched it yesterday (april 24, 2015).  often you will capture an objective and it will take a considerable amount of time before your backup shows up to progress the faction wars.  but when it does work, this game is absolutely amazing, and there are few games like it (although many have tried to mimic its strong points).  Stalker Call of Pripyat is very stable, and arguably a better game, but the maps are smaller, and there is less to do (still a lot though).  I love this game, I have logged over 100 hours in it, but if you are thinking about buying it and havent played call of pripyat, get that instead.","['Open World', 'Atmospheric', 'Post-apocalyptic', 'FPS', 'Survival', 'Action', 'RPG', 'First-Person', 'Shooter', 'Singleplayer', 'Survival Horror', 'Adventure', 'Moddable', 'Sci-fi', 'Horror', 'Classic', 'Multiplayer', 'Zombies', 'Inventory Management', 'Sandbox']",Very Positive,GSC Game World,4,3,5,3,positivo
Thundar,76561197989224389,S.T.A.L.K.E.R.: Clear Sky,"Awesome.  Throwing a metal bolt every few feet to detect anomalies seems silly at first, but once you start doing it you won't wanna stop.   Two thumbs up.  Play tthe series in order if you can.","['Open World', 'Atmospheric', 'Post-apocalyptic', 'FPS', 'Survival', 'Action', 'RPG', 'First-Person', 'Shooter', 'Singleplayer', 'Survival Horror', 'Adventure', 'Moddable', 'Sci-fi', 'Horror', 'Classic', 'Multiplayer', 'Zombies', 'Inventory Management', 'Sandbox']",Very Positive,GSC Game World,4,5,5,3,positivo
Ron,76561198055269636,S.T.A.L.K.E.R.: Clear Sky,"Second Stalker was improved compared with first under many aspects, everything seems to works very well here and much better, but you'll face again an high difficulty, altough a bit lower compared with the first chapter (and this is a positive note for me). Now, you CAN repair your gears, weapons and armors, this was much more than a simple change, this was awesome, believe me :) Altough in the first game thre was the chance to upgrade some gears, in this game this feature is taken to high levels, allowing you to improve a lot your armaments, making you almost invincible, money and schematics allowing, yes, because you'll have first find the proper schematic and take them to the right technician who will be able then to upgrade your stuff.... I said above you ned a lot of money to upgrade your gears, so farming money will be very important in this game and will recquire a lot of time and here comes a very negative aspect of this game, because there will be a point in the game, where you'll lose all your money, and no, there is nothing you can do to avoid it, it's part of main story, so my suggestion id to store all your found gears in a stash and sell to vendors only AFTER this disgraceful event will happens. I really hated this feature invented by devs cause there is nothing that advice you before, i spent hours farming and lost all, lucikly a previous savegame fixed in part the problem but made me losea lot of time and patience... And again, another very bad new feature in this game will be the EMISSIONS, a sort of radiation explosion that will happens suddenly while you'll play, no matter where you are and what are you doing (and how much heavy you'll be in that moment, so you'll not be able to run :(  ) so to avoid to be instant killed you'll have to take cover, but, you think that will be enough enter in ahoude or inside a solid tunnel ? Nope, you''ll have to run in specific marked in the map zones (yellow color) where you'll be immune, even if is a n open place, no matter, you'll survive, while you'll die in any other place.... So, this could have been a nice feature, if was implemented a little better, but when this random event will happens, you'll be often, ( specially the first time, when you'll die a dozen of times before you'll realize what is happening to you ^^) too damn much far away from the suggested cover point and could happens that you'll not do in time to reeach the safe spot, or because you carry too much stuff that will deny you to run or because in the cover point there are enemies that will kill you while you try to enter, so, with time, you'll learn few tricks that will save your life but, overall, this is very very annoying mini event :( A nice tip, since to make money you'll have to sell weapons dropped by dead soldiers, you'll most of the time be unable to carry more than a few of them cause of the weight limit, making the process difficult cause of the distance to the vendors, i've discovered this after i was already playing and i was very happy of that, dead bodies, of both soldiers and mutants, can be dragged keeping pushed together your USE button + Left SHIFT, this way you can use the corpses like a bag where you can put anyhing you want , altough dragging these corpses for miles could be tricky cause they will fall down from your hands often in the process, you'll have some benefit from this. A new feature of this game is the Factions War, you'll be free if to help some of them and exterminate another or remain neutral with all, you'll receive some serious benefits (in gears) if you'll decide to join some of them, specially The Duty and The Freedom. The search of manufacts, items that will improve some of your stas, incresed of importance here and became a little more funny and pleasant the system to find them. In conclusion, i could recommend this game even to non hardcore players, but the difficulty remain at high levels altough more reasonable compared with the first game. My Final Score is","['Open World', 'Atmospheric', 'Post-apocalyptic', 'FPS', 'Survival', 'Action', 'RPG', 'First-Person', 'Shooter', 'Singleplayer', 'Survival Horror', 'Adventure', 'Moddable', 'Sci-fi', 'Horror', 'Classic', 'Multiplayer', 'Zombies', 'Inventory Management', 'Sandbox']",Very Positive,GSC Game World,4,3,5,4,neutral
MattAtTheEnd,76561197972699390,S.T.A.L.K.E.R.: Clear Sky,great atmosphere. bleak and apocalyptic but with a eastern european flavor to it .,"['Open World', 'Atmospheric', 'Post-apocalyptic', 'FPS', 'Survival', 'Action', 'RPG', 'First-Person', 'Shooter', 'Singleplayer', 'Survival Horror', 'Adventure', 'Moddable', 'Sci-fi', 'Horror', 'Classic', 'Multiplayer', 'Zombies', 'Inventory Management', 'Sandbox']",Very Positive,GSC Game World,3,4,5,3,positivo
Corporal Voytek,76561197962135950,S.T.A.L.K.E.R.: Clear Sky,"By far the weakest of the STALKER. games, Clear Sky is still a solid FPS/RPG hybrid, with suprisingly intelligent AI (and surprisingly inconsistent too), which makes for some great firefights.  And I hope you like firefights, because with this game's focus on factions of human NPCs, rather than the mutants, radiation, psychology horror, and physics bending anomalies of Shadow of Chernobyl, you'll do a lot of man-shooting. Definitely a different take on the STALKER experience, and far from a failure, it still lacks the amazingly alien atmosphere of desolate loneliness and creeping fear of the first game. Luckily it was followed up by another entry, which combined the best elements of its predecessors...","['Open World', 'Atmospheric', 'Post-apocalyptic', 'FPS', 'Survival', 'Action', 'RPG', 'First-Person', 'Shooter', 'Singleplayer', 'Survival Horror', 'Adventure', 'Moddable', 'Sci-fi', 'Horror', 'Classic', 'Multiplayer', 'Zombies', 'Inventory Management', 'Sandbox']",Very Positive,GSC Game World,3,4,3,3,neutral
davidmvp010,76561198052368485,S.T.A.L.K.E.R.: Clear Sky,"Very similar to the first game, but buggy as all hell. I encountered a game breaking bug the first playthrough, but I liked the atmosphere so much I didn't fret starting again. But then I encountered ANOTHER game breaking bug later on. After that I just gave up and watched the ending on YouTube. Clear Sky would be just as good as the first if not for the endless bugs.","['Open World', 'Atmospheric', 'Post-apocalyptic', 'FPS', 'Survival', 'Action', 'RPG', 'First-Person', 'Shooter', 'Singleplayer', 'Survival Horror', 'Adventure', 'Moddable', 'Sci-fi', 'Horror', 'Classic', 'Multiplayer', 'Zombies', 'Inventory Management', 'Sandbox']",Very Positive,GSC Game World,3,2,5,3,negativo
76561198000099467,76561198000099467,S.T.A.L.K.E.R.: Clear Sky,"Pretty good Stalker game, but SoC will always reign supreme.","['Open World', 'Atmospheric', 'Post-apocalyptic', 'FPS', 'Survival', 'Action', 'RPG', 'First-Person', 'Shooter', 'Singleplayer', 'Survival Horror', 'Adventure', 'Moddable', 'Sci-fi', 'Horror', 'Classic', 'Multiplayer', 'Zombies', 'Inventory Management', 'Sandbox']",Very Positive,GSC Game World,3,4,5,3,positivo
NatsuGG,76561198007075700,S.T.A.L.K.E.R.: Clear Sky,With MOD just epic,"['Open World', 'Atmospheric', 'Post-apocalyptic', 'FPS', 'Survival', 'Action', 'RPG', 'First-Person', 'Shooter', 'Singleplayer', 'Survival Horror', 'Adventure', 'Moddable', 'Sci-fi', 'Horror', 'Classic', 'Multiplayer', 'Zombies', 'Inventory Management', 'Sandbox']",Very Positive,GSC Game World,3,5,5,3,positivo
BERNARD SANDALS,76561198110377163,S.T.A.L.K.E.R.: Clear Sky,C H E E K I B R E E K I,"['Open World', 'Atmospheric', 'Post-apocalyptic', 'FPS', 'Survival', 'Action', 'RPG', 'First-Person', 'Shooter', 'Singleplayer', 'Survival Horror', 'Adventure', 'Moddable', 'Sci-fi', 'Horror', 'Classic', 'Multiplayer', 'Zombies', 'Inventory Management', 'Sandbox']",Very Positive,GSC Game World,3,4,5,4,positivo
The Squid,76561197987047936,S.T.A.L.K.E.R.: Clear Sky,"The S.T.A.L.K.E.R. series does a good job of combining survival, treasure hunting, and shooting. You should play the first game first since Clear Sky doesn't bother to explain much, even the big stuff like the Monolith and the Brain Scorcher - which makes the story feel a little slower and more opaque. Once the game is cleaned up with the Complete mod, the faction wars create some interesting dynamics and add some longer secondary objectives. Fun game and a good prequel if you already know the setting. Full review here:","['Open World', 'Atmospheric', 'Post-apocalyptic', 'FPS', 'Survival', 'Action', 'RPG', 'First-Person', 'Shooter', 'Singleplayer', 'Survival Horror', 'Adventure', 'Moddable', 'Sci-fi', 'Horror', 'Classic', 'Multiplayer', 'Zombies', 'Inventory Management', 'Sandbox']",Very Positive,GSC Game World,3,4,5,3,positivo
Sarkoth,76561197969749884,S.T.A.L.K.E.R.: Clear Sky,"Clear Sky improved a lot on the faction system of the first game, but felt bland story wise. It also recycled most of the maps from the first game, therefore being somehow uninspirational. Yet, at the same time, it still had and has one of the best atmospheres I have ever experienced and therefore is worth a recommendation for players who played both Shadow of Chernobyl and Call of Pripyat already and want even more Stalker.","['Open World', 'Atmospheric', 'Post-apocalyptic', 'FPS', 'Survival', 'Action', 'RPG', 'First-Person', 'Shooter', 'Singleplayer', 'Survival Horror', 'Adventure', 'Moddable', 'Sci-fi', 'Horror', 'Classic', 'Multiplayer', 'Zombies', 'Inventory Management', 'Sandbox']",Very Positive,GSC Game World,2,4,5,3,positivo
Reaper,76561198033322769,S.T.A.L.K.E.R.: Clear Sky,"Better than first stalker,but not the best of the series.","['Open World', 'Atmospheric', 'Post-apocalyptic', 'FPS', 'Survival', 'Action', 'RPG', 'First-Person', 'Shooter', 'Singleplayer', 'Survival Horror', 'Adventure', 'Moddable', 'Sci-fi', 'Horror', 'Classic', 'Multiplayer', 'Zombies', 'Inventory Management', 'Sandbox']",Very Positive,GSC Game World,3,4,5,3,positivo
HoboMcHerbington,76561198053167193,S.T.A.L.K.E.R.: Clear Sky,dont buy this buggy♥♥♥♥♥,"['Open World', 'Atmospheric', 'Post-apocalyptic', 'FPS', 'Survival', 'Action', 'RPG', 'First-Person', 'Shooter', 'Singleplayer', 'Survival Horror', 'Adventure', 'Moddable', 'Sci-fi', 'Horror', 'Classic', 'Multiplayer', 'Zombies', 'Inventory Management', 'Sandbox']",Very Positive,GSC Game World,1,1,2,2,negativo
Grictalio,76561197987527623,S.T.A.L.K.E.R.: Clear Sky,"S.T.A.L.K.E.R.: Clear Sky is the prequel to S.T.A.L.K.E.R.: Shadow of Chernobyl. I recently delved into this game again, and I figure I should review it. S.T.A.L.K.E.R. has always had a focus on factions, but Clear Sky soups up the faction system like crazy. You can join any of the not-immediately-hostile major factions (i.e. Military and Monolith), which include, off the top of my head, Duty, Freedom, Bandits, Loners, and Clear Sky. You get special gear for joining specific factions. I prefer Duty, personally. The gameplay is solid, although it's essentially the same as Shadow of Chernobyl but touched up a little bit. The accuracy is dictated by whether or not you are crouching, or if you are using iron sights. You bleed if you are shoot in a non-vital spot, so do enemies. Enemies, if hit in a location that bleeds a lot, will eventually keel over and die or curl up on the ground dying. If you hit an enemy in the head, it's an instant kill, unless they are armored up with some of the more powerful gear, or unless they are a zombie. I think it takes 2 or 3 shots to the head to drop a zombie or a guy wearing an exoskeleton. A big perk of this game that they added in Clear Sky is the upgrade system. You can attach/detach silencers and scopes, as you could in SoC, but now you can go to NPCs who can upgrade your weapons and armor. You can upgrade gear with composite plates, extra carry weight, artifact slots, etc., and improve accuracy, fire rate, recoil, and even reduce bullet drop and change ammunition type on some weapons. For those who played SoC, artifacts are significantly harder to find in this game. Rather than being able to see artifacts, you need to find them with an anomalous activity tracker, which will track them with beeps. I strongly suggest getting to Yantar ASAP and upgrading that puppy to one that has a map attached to it. I feel like there is more to do in this game than SoC, with the faction wars and such. But it does seem like there are less side-missions. That's kind of a con I suppose. Anyway: This game has a lot of pros: The combat is interestingly difficult and forces you to think out your combat encounters, or have your entire carry weight taken up by medkits (Don't do that, that's a terrible idea). The faction system and faction wars are awesome. The upgrades are neat, the game is gorgeous, and blah blah blah. On cons: This game suffers from pretty much the same issues that Shadow of Chernobyl did. Those are bugs, lots of bugs, the game tends to crash every so often (Quicksave! F5 is your friend. Do it often!), and... An issue I had with SoC that I still have with this game, is that it has an ABSURD difficulty spike in the last act of the game. I can't help but find it irritating. You have a set-up and souped up gear that has allowed you to breeze through everthing else, and then come the last act, you feel like you're wearing the leather hoodie you start off with, equipped with a... I don't know... BB gun. Anyway, this game is an excellent game, it should be played.","['Open World', 'Atmospheric', 'Post-apocalyptic', 'FPS', 'Survival', 'Action', 'RPG', 'First-Person', 'Shooter', 'Singleplayer', 'Survival Horror', 'Adventure', 'Moddable', 'Sci-fi', 'Horror', 'Classic', 'Multiplayer', 'Zombies', 'Inventory Management', 'Sandbox']",Very Positive,GSC Game World,4,4,5,3,positivo
[HHG]Sev,76561198042998141,S.T.A.L.K.E.R.: Clear Sky,"After playing Shadows of Chernobyl, I found this prologue to be just as fun. Differences: better guns earlier, fewer and harder to find artifacts. Biggest improvement over SoC would be the upgrade system for armor and weapons. a tip: I started collecting every piece of foodstuffs in the swamps to sell to the clear sky trader so I could upgrade my gear before heading out. (the CS bartender/trader buys back food at full price, so 10 bottles of vodka=1000 rubles) Great game so far. oh, and I am playing the Clear Sky Complete Mod, which does not change the game's story at all, but boosts the graphics and gameplay.","['Open World', 'Atmospheric', 'Post-apocalyptic', 'FPS', 'Survival', 'Action', 'RPG', 'First-Person', 'Shooter', 'Singleplayer', 'Survival Horror', 'Adventure', 'Moddable', 'Sci-fi', 'Horror', 'Classic', 'Multiplayer', 'Zombies', 'Inventory Management', 'Sandbox']",Very Positive,GSC Game World,4,5,5,3,positivo
Scuzzlebutt,76561198030665293,S.T.A.L.K.E.R.: Clear Sky,"Clearly the least good in the series, but if you love S.T.A.L.K.E.R., it's still worth playing, if only to learn what lead to the events of Shadow of Chernobyl.","['Open World', 'Atmospheric', 'Post-apocalyptic', 'FPS', 'Survival', 'Action', 'RPG', 'First-Person', 'Shooter', 'Singleplayer', 'Survival Horror', 'Adventure', 'Moddable', 'Sci-fi', 'Horror', 'Classic', 'Multiplayer', 'Zombies', 'Inventory Management', 'Sandbox']",Very Positive,GSC Game World,3,3,4,3,positivo
Kurukudail,76561198052904865,SKYHILL,"LOL! Very short game, dissapointing.","['Survival', 'RPG', 'Adventure', 'Indie', 'Rogue-like', 'Post-apocalyptic', 'Action', 'Zombies', '2D', 'Atmospheric', 'Point & Click', 'Replay Value', 'Casual', 'Singleplayer', 'Simulation', 'Turn-Based Combat', 'Horror', 'Exploration', 'Turn-Based Strategy', 'Dark']",Mostly Positive,Mandragora,1,2,2,2,negativo
rjmacready,76561198048974498,SKYHILL,"I'm generally a little bit dubious about the whole ""rogue-like"" phenomenon, but occasionally you encounter a game where it's handled exceptionally well.  Monstrum and Darkest Dungeon both come to my mind, and now I can very safely add Skyhill.  Why am I so dubious of the rogue-like phenomenon you ask?  Because I'm a firm believer that 98% of the time, what makes great art great art - whether the art form in question is music, movies, books, or, yes, even video games - is careful and meticulous DESIGN.  Because rogue-likes, by their very nature, add in highly randomised elements to determine the mapping and what-not of the game in question, the likelihood of such games being ""well-designed"" becomes greatly compromised.  Having said all that, it is my relief to announce that SKYHILL IS A STAGGERINGLY WELL-DESIGNED GAME.  I guess it's maybe a bit like improvisation jazz music...occasionally, it rocks, but for the most part it emerges as little more than a sloppy, communal WANK.  But when that chaos somehow all pulls together - bear with me, trying to keep the ""communal wank"" metaphor going - then something magic can happen.  That's precisely what the makers of Skyhill have pulled off here...MAGIC.  It's deceptively simple, but hard as a ♥♥♥♥♥♥♥♥♥♥♥♥.  You'll ""get it"" in very little time at all - the combat system is straightforward, ditto the crafting system, and anything and everything else you care to mention - but it's designed in such a way that you will almost certainly die multiple times before you beat it, even on Easy difficulty.  This is partly because progressing through the one hundred floors of the building unlocks ""perks"" which you can choose between at the start of a new game, without which you're really not liable to make it all the way to the bottom.  There's also a learning curve, such as one which led me to prioritise achieving certain things (such as crafting certain weapons) as soon as possible in order to improve my chances in the long-term. I dunno...maybe to super-seasoned rogue-like/RPG-lite gamers out there this would be little more than a grind-fest, but for me personally it required the gradual accumulation of a STRATEGY to get through the ♥♥♥♥er.  And, of course, luck also plays a role...but it's always going to in this genre of gaming, let's face it.  But it's still pretty darned ""fair"" on the whole, in my humble opinion.  Overall, I really can't imagine how this could have be any better designed, and it's just challenging enough - but also just ""hey, at least I'm slowly making progress"" enough - to be a really fun and addictive little game.  I hit it for five hours' straight the first night I played it, and that's a rarity for me, to say the least.  It's also nice to have a game which is a bit of a ""dungeon-hack"", minus the dungeon (though the horror setting is only liable to be ""scary"" to your grandmother, but it's still a tone and atmosphere which I personally prefer to the usual ""light fantasy"" fare). Oh, and for all the value-for-money people, there's four difficulty levels, as well as innumerable weapon crafting options, selectable perks which significantly change gaming strategies, and a hefty♥♥♥♥♥♥tonne of achievements to aim for, so even at full price no one needs complain about longevity of gameplay (I mean sure, it might get a tad repetitive eventually, but all you people seem to enjoy forty to fifty hours of mindlessly shooting and looting the same stuff in Borderlands game after Borderlands game after Borderlands game, don't you?)!  Definitely one of my ""games of the year"", even if the ending is a bit on the lame side (no big challenge or boss fight or anything...you just walk out the front door of the bottom floor of the building, and somehow end up in a cut-scene on the ROOF)!  Luckily the game isn't really about the ""story"", though, but rather the EXPERIENCE...and a very, very enjoyable and compelling experience I've found it to be.  Let me put it this way:  Now that I've conquered the Easy mode, I'm already itching to beat it on Normal, and no doubt the higher difficulties after that.  If that's not the definition of a well-made turn-based game, I'll be darn-♥♥♥♥ed if I know what is.  Verdict: 9.5/10.","['Survival', 'RPG', 'Adventure', 'Indie', 'Rogue-like', 'Post-apocalyptic', 'Action', 'Zombies', '2D', 'Atmospheric', 'Point & Click', 'Replay Value', 'Casual', 'Singleplayer', 'Simulation', 'Turn-Based Combat', 'Horror', 'Exploration', 'Turn-Based Strategy', 'Dark']",Mostly Positive,Mandragora,3,5,4,4,positivo
gabrielgarcezabreu,76561198036494887,SKYHILL,"Very good game, interesting mechanics. I didnt find it repetitive as it says in some reviews, its a short rogue-like but full of action. You have to go down 100 flors to find the exit, there are 3 endings and lots of really atmospheric audios and texts to pick-up, and these are the only thing that stay with you for the next playthroughs. you also unlock perks, but these are not very powerfull and usually have a downside, but some of them greatly modify the gameplay experience, so its fun. The combat system is simple but very entertaining, you atack with one of the two weapons you can have equipped and can chose where to hit, with different dmg and dificulty. The progression system is genious in its simplicity. You have 4 atributes, strength, speed, dexterity and accuracy. the first 3 affect the damage of weapons that have it as its prereq and also: critical chance, extra turn chance, and dodge chance, repectively. You can find weapon or craft them, i havent tried crafting a weapon yet but theres a lot to craft, food, medicine, general stuff and weapons, there is no armour in the game though. Food is needed for movement, just another layer in the strategy but really immersive, there are dozens of different foods and recipes to mix up foods. I like the perk that lets you eat rotten food withot any danger. And the story is really atmospheric and creepy.  Great game","['Survival', 'RPG', 'Adventure', 'Indie', 'Rogue-like', 'Post-apocalyptic', 'Action', 'Zombies', '2D', 'Atmospheric', 'Point & Click', 'Replay Value', 'Casual', 'Singleplayer', 'Simulation', 'Turn-Based Combat', 'Horror', 'Exploration', 'Turn-Based Strategy', 'Dark']",Mostly Positive,Mandragora,4,4,5,3,positivo
eyoung8887,76561198047637890,SKYHILL,"I like this game.  Perhaps my favorite from Daedalic's Halloween Bundle.  Depending on what you find in each room truly determines how you can play the game.  You need not engage every monster, except in the stairwells usually, though some can be bypassed as well with the elevator, though I have fought every monster before and survived (?) til the end successfully (though food and supplies were plentiful that run) .  Important clues and evidence is saved to uncover some sort of mystery from run to run, of which I have yet to completely solve I believe.  Am interested to see what the alternate endings are.","['Survival', 'RPG', 'Adventure', 'Indie', 'Rogue-like', 'Post-apocalyptic', 'Action', 'Zombies', '2D', 'Atmospheric', 'Point & Click', 'Replay Value', 'Casual', 'Singleplayer', 'Simulation', 'Turn-Based Combat', 'Horror', 'Exploration', 'Turn-Based Strategy', 'Dark']",Mostly Positive,Mandragora,4,4,5,3,positivo
Penny Lee,76561197972039165,SKYHILL,"Nice simple game but boy its hard.  Nice little gem developed with Unity, which seems to produce nice games of late.   Only problem I have is trying to survive, which I did get down to level 40 once.  Good selection of items to make but never seem to get enough of anything.  Only techincal issue is I would like to be able to scroll upwards to see where what floor the vending machines are on as I forget and when you are down to your last few points of energy would help as then you would know which floor its on and use the lift insteaded of running up the stairs. Good selection of monsters and sometimes its just better to run away.  Only item I would like to make is armour, which would seem natural thing to do but non in crafting, would like to wear a flower pot on my head and a toilet seat as a chest guard.","['Survival', 'RPG', 'Adventure', 'Indie', 'Rogue-like', 'Post-apocalyptic', 'Action', 'Zombies', '2D', 'Atmospheric', 'Point & Click', 'Replay Value', 'Casual', 'Singleplayer', 'Simulation', 'Turn-Based Combat', 'Horror', 'Exploration', 'Turn-Based Strategy', 'Dark']",Mostly Positive,Mandragora,3,4,4,4,positivo
𝒮ℴ𝓅𝒽𝒾𝒶.ℐ.𝒥,76561198007747398,SKYHILL,The game is good. Has some decent replay value. But it would made more sense as a mobile game.,"['Survival', 'RPG', 'Adventure', 'Indie', 'Rogue-like', 'Post-apocalyptic', 'Action', 'Zombies', '2D', 'Atmospheric', 'Point & Click', 'Replay Value', 'Casual', 'Singleplayer', 'Simulation', 'Turn-Based Combat', 'Horror', 'Exploration', 'Turn-Based Strategy', 'Dark']",Mostly Positive,Mandragora,2,3,3,2,positivo
xxx RIP xxx,76561197997941900,SKYHILL,"Very interesting game, finish it on my 3rd attempt, best to have the active perk immune to poison ... but would recommend buying it only when there is a 50% discount. To complete it in less than 2 hours is definitely what i have in mind considering the price i pay for it. Neverthe less would recommend buying it if you got spare cash sitting around or when it is on discount. The gameplay itself is definitely something different and new. Ending is unexpected as well...","['Survival', 'RPG', 'Adventure', 'Indie', 'Rogue-like', 'Post-apocalyptic', 'Action', 'Zombies', '2D', 'Atmospheric', 'Point & Click', 'Replay Value', 'Casual', 'Singleplayer', 'Simulation', 'Turn-Based Combat', 'Horror', 'Exploration', 'Turn-Based Strategy', 'Dark']",Mostly Positive,Mandragora,3,4,4,3,positivo
abmpicoli,76561197988392568,SKYHILL,"Turn based, survival game, with good story elements, and crafting.  Success in the game is around 80% luck, 20% good choices. Permadeath is not optional. When you die in the game, in the next iterations you will have some bonuses. So this is a game you have to grind and die many times to win. The demo gives a good feel of the game, and I recommend wholeheartily that you try before you buy. This grind ends up getting the game repetitive after some iterations.  But I've got some hours of good fun, so I recommend it.","['Survival', 'RPG', 'Adventure', 'Indie', 'Rogue-like', 'Post-apocalyptic', 'Action', 'Zombies', '2D', 'Atmospheric', 'Point & Click', 'Replay Value', 'Casual', 'Singleplayer', 'Simulation', 'Turn-Based Combat', 'Horror', 'Exploration', 'Turn-Based Strategy', 'Dark']",Mostly Positive,Mandragora,4,3,4,3,positivo
maye,76561198027863945,SKYHILL,ALL LUCK NOT GOOD GAME,"['Survival', 'RPG', 'Adventure', 'Indie', 'Rogue-like', 'Post-apocalyptic', 'Action', 'Zombies', '2D', 'Atmospheric', 'Point & Click', 'Replay Value', 'Casual', 'Singleplayer', 'Simulation', 'Turn-Based Combat', 'Horror', 'Exploration', 'Turn-Based Strategy', 'Dark']",Mostly Positive,Mandragora,1,2,2,3,negativo
Sarkoth,76561197969749884,SKYHILL,"Rogue-lite with great art design, good complexity and lots of RNG. Combat is mildly whacky, but it is a very fun formula.","['Survival', 'RPG', 'Adventure', 'Indie', 'Rogue-like', 'Post-apocalyptic', 'Action', 'Zombies', '2D', 'Atmospheric', 'Point & Click', 'Replay Value', 'Casual', 'Singleplayer', 'Simulation', 'Turn-Based Combat', 'Horror', 'Exploration', 'Turn-Based Strategy', 'Dark']",Mostly Positive,Mandragora,3,4,4,3,positivo
DG Dobrev,76561198062930115,SKYHILL,"TL; DR version: I am keenly aware that Skyhill does enough right to merit a recommendation. However, I am going to give it a CAREFUL recommendation at the current stage and the current price. 15€ is a tad high for what this game is. It needs some more content, methinks... For now, anything from 33% off or more would make it an easy buy, as you will absolutely get your money's worth. Longer version: In Skyhill, you are a businessman on a short trip who decides to rest in the best Suite of a large luxurious 100-story hotel during a time of war. During his stay, one of the warring sides (and obviously the losing one), the Confederates, launches a biological weapon at your location that turns everyone into mutants or zombies. You survive, but soon the hunger drives you out and you need to find a way to survive and go to the ground using all the resources you can fnd at your disposal, or die trying in this post-apocalyptic rogue-lite game. So let's take a look at what the game does well, and what poorly. The GOOD: 1. Lots of rooms to explore and loot - you will have over 190 rooms to explore and loot throughout your adventure, contaning everything from food to stuff you can use as weapons or consumables, or to save for later for crafting. 2. Upgradable stations - in short, your suite is your fortress. You can improve it in a number of ways. You can create better weapon building or cooking stations, fortify the door and fix up the bed so you can rest better and regain health. 3. Lots of items to craft and use - the amount of weapons to make and use in combat is amazing - and it pays to note that some weapons can also be upgraded to better versions by using the core weapon(s). The devs really went overboard with the craftables be it weapons, food, or stuff you can make on the fly like bandages and medicine. The system really forces you to think whether you should use a certain item or save it for later. And about that... 4. Decisions you make when it comes to craftables matter - being a rogue-lite with a randomly generated loot, it is always a huge decision whether to use a certain item or not, as god knows whether you'll find another one of those. In the end, when all falls into place, knowing that you've made the correct decisions is extremely satisfying. 5. An RPG system that ties well into the weapon crafting - you have 4 skills that can be improved throughout the adventure and govern various types of combat - strength (the ability to wield powerful heavy weapons that do the most damage), speed (the ability to wield fast weapons and also get faster with improved chance for 2 action per turn), dexterity (the ability to wield weapons based on agility and dodge in combat) and accuracy, which improves you chance to hit. 6. Starting and unlockable perks that make your playthroughs vary a lot  - from the ability to always go first to being extra lucky or have an extra ration or a medkit in your backpack, picking different perks during the various playthroughs will let you experience the game from a different perspective. 7. Great combat - as a consequence of 3-6, the combat in this game is really good, and the outcome of a fight always ties into every decision you have made so far, be it wrong or right. And talking about decisions, you can also manually target various parts of the enemy body to inflict more damage at a higher chance to miss or less damage with a higher chance to hit. Just remember to run away when things go bad... No need to die heroically when you can still live to fight another day. 8. Mini quests to keep you occupied while exploring - from finding keys to open various rooms to discovering cell phones with messages on them, you always have someting to look for as you search the floors of the hotel. 9. Good game aesthetic for a rogue-lite - while I wouldn't put that on the top of the list, I still appreciate how the game looks for a 2-D one. 10. Great replayability - the combination of perks, stuff you find, character build you make, and the little quests always make for a different experience the next time you boot up the game. And now let's take a look at the BAD: 1. To counter #10 of the GOOD, even though a good number of parts of the game feel differently based on the perks, skills, weapons and stuff you pick, you ultimately do the same thing over and over again - find loot, craft, eat food, make weapons, open rooms, fight, survive, and hopefully get out of the hotel alive. I, personally, finished the game 3 times in my 5 hours of play, and sadly, I couldn't shake that feeling upon leaving the hotel... 2. The RNGesus can make or break your game, unless you like to invest heavily in accuracy so that you wont miss too often. Or, of course, you get stuff that doesn't fit your character build at all... Or not enough food or medicine... or other stuff... you get the point. 3. You can lose games through no fault of your own - in true rogue-lite fashion, victory through correct actions is not guaranteed. You may not find the stuff you need to get you set up properly, or you can get attacked way too often and die, and so on and so forth. 4. I didn't exactly enjoy the music... while it undoubtedly fits the whole experience, I eventually muted it and played my own. 5. Once you unlock all the perks, dying does feel like a true game over - until you unlock every perk, dying is ok and always lets you try something new the next time around. But once you unlock everything, dying is just that - death, game over, force restart. Conclusion: I am keenly aware that Skyhill does enough right to merit a recommendation. However, I am going to give it a CAREFUL recommendation at the current stage and the current price. 15€ is a tad high for what this game is. It needs some more content, methinks...For now, anything from 33% off or more would make it an easy buy, as you will absolutely get your money's worth. Why? Easy. If you are a huge loot hoarder like me, like exploring, improving and seeing the stuff you do matter, this game is absolutely the right one for you. However, if you get easily irritated by loss, bad dice rolls, or games that expect you to play them for a bit to learn their quirks, I would stay away from it.","['Survival', 'RPG', 'Adventure', 'Indie', 'Rogue-like', 'Post-apocalyptic', 'Action', 'Zombies', '2D', 'Atmospheric', 'Point & Click', 'Replay Value', 'Casual', 'Singleplayer', 'Simulation', 'Turn-Based Combat', 'Horror', 'Exploration', 'Turn-Based Strategy', 'Dark']",Mostly Positive,Mandragora,4,3,4,3,neutral
jinnantonix,76561197984269843,SKYHILL,"On the surface, and for about the first fifteen minutes, this game looks like an interesting approach to this genre.  But after the first fifteen minutes it degenerates into exactly what it is -- a Flash-created, resource-management, monotonous, disappointing affair. I had some major concerns before I bought this one -- I don't like games created with Flash, I find that more often than not they are all sizzle (appearance) and no substance.  So I hesitated for a few days before purchasing this one. I also hesitated on this one because it is a resource-management game.  In my opinion, it's not the resource-management aspect of any game that limits it.  Truly, games such as Banished are games of resource-management.  But managing food (or any resource) in those games is not crippling.  Your participation in the game, unless you are completely ignoring the resources, is not largely limited or dictated by your immediate possession of and constant high-level of consumption of those resources. Not so in Skyhill.  This was the first thing that made me say, ""uh-oh"" once I learned of this.  It's not that you have to manage food in the game, it's that food dictates nearly everything you do.  Every action you take depletes your food inventory significantly.  And, while this in itself you can argue is inherent in a resource-management game, is the harbinger of what will, I feel, be a tremendous lack of content. Which this game severely lacks.  A fresh-looking game to me triggers a hope of nice content.  I guess I should stop hoping.  This type of resource-management game exchanges vigilance for resources for content.  Too easy for player to ""beat"" the game?  Instead of adding more content, increase the need for those resources.  It seriously disappoints me when I see this in a game.  If I want to count beans or push pencils I'll just go to work. I purchased this game for $8.99.  That is way too much for this game.  I would most likely have a thrombosis or an embolism had I had $14.99 for this thing.  It's a great idea, and my hope is that the developers will add more content. Then again, being essentially an existentialist, I'll leave hope to the most positive schools of philosophy.  Not the worst game I've ever played, but not worth my time or my money.","['Survival', 'RPG', 'Adventure', 'Indie', 'Rogue-like', 'Post-apocalyptic', 'Action', 'Zombies', '2D', 'Atmospheric', 'Point & Click', 'Replay Value', 'Casual', 'Singleplayer', 'Simulation', 'Turn-Based Combat', 'Horror', 'Exploration', 'Turn-Based Strategy', 'Dark']",Mostly Positive,Mandragora,2,2,3,3,negativo
riggingchimp,76561198069513316,SKYHILL,"Very good roguelike game, fairly simple mechanics but very addictive. Some of the perks could either do with rewording or changing to actually do what they imply they do. But beyond that it's very much worth the price.","['Survival', 'RPG', 'Adventure', 'Indie', 'Rogue-like', 'Post-apocalyptic', 'Action', 'Zombies', '2D', 'Atmospheric', 'Point & Click', 'Replay Value', 'Casual', 'Singleplayer', 'Simulation', 'Turn-Based Combat', 'Horror', 'Exploration', 'Turn-Based Strategy', 'Dark']",Mostly Positive,Mandragora,3,4,4,3,positivo
Old man Stu,76561197969753593,SKYHILL,"This was a game I was really looking forward to and in some ways it delivered .. but also fails on a few levels as well. It is a very polished and bug-free game (for me) and I really hope the devs add more content as to me that is it's biggest failing. Going down the stories in a hotel is a great idea but the lack of exploration other than one hallway and two rooms makes it feel very straightforward and dull to an extent. I really feel it could have done with a wider area to explore, multiple hallways and a few more rooms per storey. Blocked hallways could force you to look further for different routes down, possible even making you go down the fire escape or similar. The crafting in this game is nothing fresh or new, but neither is it bad or clunky. I like the way you have to go back up to the VIP area to craft most of the items, forcing you to find a working elevator amongst other things. It has a wide arrangement of weapons, meals, etc to cook up and this is an area I do not think needs that much work on. I will recommend this game, but I do think it is rather content shallow for the £11 asking price .. but maybe that is me being too picky?","['Survival', 'RPG', 'Adventure', 'Indie', 'Rogue-like', 'Post-apocalyptic', 'Action', 'Zombies', '2D', 'Atmospheric', 'Point & Click', 'Replay Value', 'Casual', 'Singleplayer', 'Simulation', 'Turn-Based Combat', 'Horror', 'Exploration', 'Turn-Based Strategy', 'Dark']",Mostly Positive,Mandragora,3,3,4,2,neutral
bunny de fluff,76561198287475338,SKYHILL,"For a good looking rogue-like game featuring turnbased combat with  weapon and food crafting and a bit of base building, it is totally unimaginable that they can actually made it this boring. SKYHILL turned out to be far weaker than the sum of its parts. 2 playthrough is all  I could suffer through and no more. Before buying it, I just watched the gameplay video and did not tried the demo, the video on youtube is quiet convincing. Playing it is another story. A hundred floors to explore sounded like a lot of fun but actually it was not(many rooms were empty). There are two things really wrong and bad about this game which were repeatedly criticized by many, many other reviews that gave it a thumb down :firstly, there were so many different useless thing(junk) that you can hardly craft any meaningful weapon from them when you most needed it because you keep getting scrap metal. Secondly, there was almost no story. If you count the one page comic as story than yes a bit story. The voice recordings and notes you collect in the game are inconsequential and made no sense. You could finish the game in 2 hours if you chose to play on Easy mode but for some reason the first time you play the Easy mode was disabled and only the Normal and Hard mode for you which was difficult AF and brutal AF. You could play this game many times for achievements but I just cant be bothered (bad and meaningless story). All I have to say is, this game is extremely shallow(could be a good mobile game for kids) and if you really want it get it on sale(a huge sale not some 25%) because the price:entertainment ratio of this game is way off and not worth it.","['Survival', 'RPG', 'Adventure', 'Indie', 'Rogue-like', 'Post-apocalyptic', 'Action', 'Zombies', '2D', 'Atmospheric', 'Point & Click', 'Replay Value', 'Casual', 'Singleplayer', 'Simulation', 'Turn-Based Combat', 'Horror', 'Exploration', 'Turn-Based Strategy', 'Dark']",Mostly Positive,Mandragora,1,2,3,4,negativo
XTL5000,76561197979761120,SKYHILL,I had to refund SKYHILL because it became very repetitive and gets old over a short amount of time.  Around the first 10 floors you face the same enemy then the second 10 floors you finally face another.  I think it would help to have a variety of enemies throughout the floors and increase their strength as you go down.  Also combat could be more exciting or have choices that really matter.  You can click on three different areas of the body but it does not make much of a difference and it does not cause a unique state such as stun/knocked out with a head shot or to disable a limb.,"['Survival', 'RPG', 'Adventure', 'Indie', 'Rogue-like', 'Post-apocalyptic', 'Action', 'Zombies', '2D', 'Atmospheric', 'Point & Click', 'Replay Value', 'Casual', 'Singleplayer', 'Simulation', 'Turn-Based Combat', 'Horror', 'Exploration', 'Turn-Based Strategy', 'Dark']",Mostly Positive,Mandragora,2,2,3,2,negativo
Zaxtor99 @ YouTube,76561198053422627,SKYHILL,"Here is my gameplay and Review video on launch day here on Steam: I can't give this game a thumbs up not because it's a horrible game, just because it's not enough for my personal liking.  Too much randomness in the procedural map layout, and way too much luck involved in the core fighting elements. It's a decent game for what it is, but I'm just left feeling a little too bored playing this game after only about 20-30 minutes.  I wish it had something more, I dont know.  For a game like this with so much randomess determining the outcomes, maybe I want to see some dice being thrown and see those numbers either coming up 'hit' or 'miss', but this game just leaves me feel like something is ""missing"". You start off the game in the top of a 99 floor hotel.  You can use the elevators on each floor once you find a VIP card by searching dead mutants you kill or searching searchable items you find in the rooms.  There is no WASD or even arrow keys, its all mouse driven and point-and-click.  Point and click items to search or rooms to walk into.  Every action has a result typically success or fail which is really all based on randomness, and perhaps your characters ""skills"" in fighting.  Still it all just feels like a bunch of dice rolls to me, and very little in the way of strategy or puzzle solving.  And that's where this game fails to deliver for me in the game satisfaction and overall challenge. It works well enough and might be fun for some people to play, but again to me.. it's just lacking either a real satisfying level of strategy or in showing us the dice rolls that determine our fate.  I don't mind games of chance, but for a game that involves this much luck with every move, somehow I think it might help to see the dice rolls on the screen. In the end, I cannot give this game my personal thumbs up even though the game works well enough.  It just lacks enough engagement in the players choices to make it satisfying to me and therefore fails to deliver a high enough level of enjoyment while playing it. My score is a 60% and I think there are much more fun games out there of this style and at or under the same price.","['Survival', 'RPG', 'Adventure', 'Indie', 'Rogue-like', 'Post-apocalyptic', 'Action', 'Zombies', '2D', 'Atmospheric', 'Point & Click', 'Replay Value', 'Casual', 'Singleplayer', 'Simulation', 'Turn-Based Combat', 'Horror', 'Exploration', 'Turn-Based Strategy', 'Dark']",Mostly Positive,Mandragora,2,2,3,2,negativo
⎛⎛LosTiger⎞⎞,76561197988367888,SKYHILL,"Tl:DR: Game doesnt depend on the skill of the player rather than of luck Skyhill reminds me of chainsaw warrior but on the first glance it seems more fun . The fun ends when you die a couple of times because you encountered 10 mutants in a row or go down floor after floor and find nothing. I really tried to like it but any game that has such a kind of random map generation should atleast have a minimum amount of loot spawns and maximum amount of monster spawns otherwise you play for couple of hours and die over and over again. The combat is dull, only way to interact really is to choose between 3 points to attack which make just more or less damage but have higher or lower chance to hit. The visuals and the story is very good whatsoever, so the formula works better than in any other survival game since you have a goal to achieve in the end, that is reaching the lobby from the top floor. Try the game out, 1 hour is enough to let you see basicly everything the game has to offer. The gameplay is fun, I enjoyed it, but a game should be beatable trough the skill of the player and not only by luck. 5/10","['Survival', 'RPG', 'Adventure', 'Indie', 'Rogue-like', 'Post-apocalyptic', 'Action', 'Zombies', '2D', 'Atmospheric', 'Point & Click', 'Replay Value', 'Casual', 'Singleplayer', 'Simulation', 'Turn-Based Combat', 'Horror', 'Exploration', 'Turn-Based Strategy', 'Dark']",Mostly Positive,Mandragora,4,2,4,3,neutral
Hamburger! N00BS welcome!,76561197972483399,SKYHILL,"A fine indie rogue-like indeed. Fun and addictive -- did several runthroughs to unlock all the perks and discover all the endings... if I wanted to push for the harder difficulty levels or try all the perk combinations the game offers that for replayablity as well. Game revolves around risk and resource managment, and I often got that ""one more turn"" feeling while playing it. The atmosphere is adequately creepy and a bit gory, but also delivers on the psychological aspects of fear and horror as you try to figure out what is happening, and how many layers of answers there are to that question... Truly enjoyed this title, Recommended.","['Survival', 'RPG', 'Adventure', 'Indie', 'Rogue-like', 'Post-apocalyptic', 'Action', 'Zombies', '2D', 'Atmospheric', 'Point & Click', 'Replay Value', 'Casual', 'Singleplayer', 'Simulation', 'Turn-Based Combat', 'Horror', 'Exploration', 'Turn-Based Strategy', 'Dark']",Mostly Positive,Mandragora,4,5,4,3,positivo
Reyadh.Rahaman,76561198117861731,SKYHILL,"Sky Hill is great for a lot of reasons, but it has a few things I would like to see changed. I shall list them for easy reading: Pros: -Looks very nice, the art style and graphics are well suited to the gameplay and concept -Music and sound effects are appropriate for the situations you find them in and are original; No Wilhelm screams here -Controls are simple, straight forward and respond well -I really like the concept of starting at the top of the building and working your way down to the ground floor to get out. It's an interesting take in a game genre that usually involves you starting at ground floor and either going up a castle or down into a the dungeon. The idea of being trapped in a building full of windows is a cool twist. -This game is difficult, but after you unlock a few perks and get familiar with the gameplay you can get further in each attempt, which is exactly how it should be. -Crafting is solid and well thought out, there aren't many arbitrary items, everything you come across can be useful -Enemies are well designed and all stand out from one another. You'll need a different strategy for each one which makes the combat a lot of fun Cons: -I've encountered a glitch where sometimes I will get a lot of artifacting. My computer doesn't quite have the grahical memory the game recommends, but I've played many other games where I don't meet the exact standards and the game runs just fine. Thankfully, the artifacting seems to only affect the background and if you have the interactable object indicator on, then the little eye symbol will show you which boxes of colour you can pick up. Strangely enough, even with this glitch the game is still 100% playable and is actually pretty funny; like playing on a SNES that's acting wonky. -The accuracy seems to be a bit off. When I have an 80-85% chance to hit an enemy it seems a lot more like 70% from the amount of misses. That problem scales as well; at 50% chance only can hit an enemy 1 out of 3-4 times, which can truly screw you over. This should be looked at in the next few updates as it is the most annoying part of this otherwise great game. TL;DR: If you like RPGs, Rogue-likes, and crafting, then this game is right up your alley, I would highly recommend it.","['Survival', 'RPG', 'Adventure', 'Indie', 'Rogue-like', 'Post-apocalyptic', 'Action', 'Zombies', '2D', 'Atmospheric', 'Point & Click', 'Replay Value', 'Casual', 'Singleplayer', 'Simulation', 'Turn-Based Combat', 'Horror', 'Exploration', 'Turn-Based Strategy', 'Dark']",Mostly Positive,Mandragora,4,4,5,4,positivo
SCARRIOR,76561198037314902,SOMA,"If this game was a movie it would get Oscars guaranteed. All i can say to my friends looking at this review, it is perhaps one of the greatest computer games out there. If there was a IGDB like IMDB it would be literally at the very top 10 probably and more likely second and third... If you get this game, trust me full price is worth it even although i got it in a deal. Art 10/10 Horror 8.5/10 Environments 10/10 Story 11/10 Technological Theory 10/10 Twisting and eliptical story 10/10 Sounds 9/10 Graphics and textures 10/10 Outstanding game!","['Horror', 'Atmospheric', 'Story Rich', 'Sci-fi', 'Psychological Horror', 'First-Person', 'Singleplayer', 'Adventure', 'Survival Horror', 'Underwater', 'Robots', 'Indie', 'Stealth', 'Action', 'Puzzle', 'Walking Simulator', 'Great Soundtrack', 'Survival', 'Gore', 'Moddable']",Overwhelmingly Positive,Frictional Games,5,4,5,3,positivo
peeka,76561197961554752,SOMA,"Amazing, This is a great science fiction game. I would recommend disabling the effects though.","['Horror', 'Atmospheric', 'Story Rich', 'Sci-fi', 'Psychological Horror', 'First-Person', 'Singleplayer', 'Adventure', 'Survival Horror', 'Underwater', 'Robots', 'Indie', 'Stealth', 'Action', 'Puzzle', 'Walking Simulator', 'Great Soundtrack', 'Survival', 'Gore', 'Moddable']",Overwhelmingly Positive,Frictional Games,4,4,5,3,positivo
Timbler,76561198048161890,SOMA,Atmosphere 10/10 Story 10/10 Scare Factor 7/10 Puzzles 5/10 Would play again 9/10,"['Horror', 'Atmospheric', 'Story Rich', 'Sci-fi', 'Psychological Horror', 'First-Person', 'Singleplayer', 'Adventure', 'Survival Horror', 'Underwater', 'Robots', 'Indie', 'Stealth', 'Action', 'Puzzle', 'Walking Simulator', 'Great Soundtrack', 'Survival', 'Gore', 'Moddable']",Overwhelmingly Positive,Frictional Games,5,4,5,2,positivo
john.silver.007,76561198065201061,SOMA,"Good story nice graphics, better gameplay. Basicaly this is 1st person atmospheric sci fi stealth horror interactive story.","['Horror', 'Atmospheric', 'Story Rich', 'Sci-fi', 'Psychological Horror', 'First-Person', 'Singleplayer', 'Adventure', 'Survival Horror', 'Underwater', 'Robots', 'Indie', 'Stealth', 'Action', 'Puzzle', 'Walking Simulator', 'Great Soundtrack', 'Survival', 'Gore', 'Moddable']",Overwhelmingly Positive,Frictional Games,4,4,5,3,positivo
vladjones,76561198071839908,SOMA,"Great game. I do not like horror games because they are often boring and only put you under stress. this game did it to. At the beginning it was ok and good but futher in the game they were just  a pain, but they should keep it like it. The Great thing in this game is the story ....oh yeah the story.... In the middle of the game I knew how the game would end but still the journey to this end was just superb. i would recommend it to everyone. i played it at midnight alone to have a better atmosphere. Like I said horror games are often boring (outlast -> putted you only under stress but the target""escape the asylum"" is just cliche ). Great atmosphere and great story.","['Horror', 'Atmospheric', 'Story Rich', 'Sci-fi', 'Psychological Horror', 'First-Person', 'Singleplayer', 'Adventure', 'Survival Horror', 'Underwater', 'Robots', 'Indie', 'Stealth', 'Action', 'Puzzle', 'Walking Simulator', 'Great Soundtrack', 'Survival', 'Gore', 'Moddable']",Overwhelmingly Positive,Frictional Games,5,4,5,3,positivo
Nuclear Nelson,76561197966482898,SOMA,"This is an excellent piece of science fiction and story-telling in games.  SOMA tells the story of a mid-twenties man who after a brain scan, awakes in a deterorating underwater base where the machines seem to be coming alive with human personalities.  SOMA's story features compelling and heart-breaking themes of mortality, conciousness, artificial intelligence, and many more.  Before I go into specific details, my opinion is that this is a game that deserves your money.  An incredible amount of hard work and detail went into this game from a small developer.  This is a developer that deserves your support. Is it a good game?  Overall the answer is yes.  SOMA borrows most of its gameplay mechanics from Amnesia, such as environmental interaction with click-and-hold on the mouse, avoiding monsters, and collecting pieces of the story.  Frictional made some excellent choices to deviate from Amnesia and I respect them for it.  The major change here is that they went a game more focused on story than scaring the player.  Where Amnesia had peaks of extreme terror, SOMA is more about consistent uneasiness and an atmosphere of isolation and despair.  Also another deviation is that monsters do not leave the area, but remain a constant threat and the player must find a way to get past them.  Monsters in SOMA are overall less threatening then their Amnesia counterparts, which is by design to focus more on the story. One choice I do disagree with is that monsters can knock you unconcious.  You'll wake up with low health and the monster a safe distance away.  In my opinion this deflates a large amount of the tension when you know your enemies will be non-lethal on a first go-around.  They can kill you, but only in special circumstances or at low health. As much as I enjoyed SOMA, I'm not sure if I'll be interested to play it again.  Where I've played Amnesia through 3 or 4 times, I'm not sure SOMA has the same replayability.  I think because overall SOMA is a more linear, scripted, and enclosed experience compared to Amnesia, granting less player freedom and less chance of an unpredicted encounter.  Furthermore, more enjoyment is derived from the emotional impact of unveiling the story.  Now having done so, there will be interest on the second playthrough. The graphics and sound are superb, especially for a small development team.  Occasionally there are some ugly textures used but 95% of this world is beautifully and uniquely crafted. I did have performance issues on my aging 2012 laptop.  Long loading times, a few graphical glitches, bits of frame rate loss.  I agree to the criticism that the game has performance issues, but I do think with superior hardware and a bit of patience, these issues are tolerable. Frictional has made major advancements in their technology since their previous games, and I cannot wait to see what they have in store for us. This game gets an 8/10 from me.","['Horror', 'Atmospheric', 'Story Rich', 'Sci-fi', 'Psychological Horror', 'First-Person', 'Singleplayer', 'Adventure', 'Survival Horror', 'Underwater', 'Robots', 'Indie', 'Stealth', 'Action', 'Puzzle', 'Walking Simulator', 'Great Soundtrack', 'Survival', 'Gore', 'Moddable']",Overwhelmingly Positive,Frictional Games,5,4,5,3,positivo
Commander Artanis,76561198026153231,SOMA,"Intense Atmosphere. Nice Graphics. Interesting Story. Makes you think about life. Existential philosophy. Asks questions like : What ist intellegence, what is reality, what is your true self, what is self awareness, etc. Scifi masterpiece. Strongly recommend it.","['Horror', 'Atmospheric', 'Story Rich', 'Sci-fi', 'Psychological Horror', 'First-Person', 'Singleplayer', 'Adventure', 'Survival Horror', 'Underwater', 'Robots', 'Indie', 'Stealth', 'Action', 'Puzzle', 'Walking Simulator', 'Great Soundtrack', 'Survival', 'Gore', 'Moddable']",Overwhelmingly Positive,Frictional Games,5,4,5,3,positivo
Wibble the Obscure,76561197977260302,SOMA,"Hmmm... I would give this a NEUTRAL if  could. Since i cannot i have no option but to go NEGATIVE - I would suggest buying when the price drops to $5-$10 The 'game' to me just felt like an interactive visual novel. There were puzzles to solve, but generally only one a level and they were so easy that they mostly felt like they were thrown in just to add a bit more substance to the 'game'. The setting was magnificent, easily as awe-inspiring as Rapture from BioShock etc. The ambiance also raised comparisons with the Dead Space series. But in both these games you actually did something, you felt more involved than a button pressing tourist. The philosophical nature of the plot was a great idea but it did not hook me... I am sure a younger audience might enjoy a few ""Mind = Blown"" moments but there was nothing new or challenging IMHO. I played to completion but it is now marked for deletion, I cannot see why i would bother to play this again. However the setting would make an excellent demo for VR!","['Horror', 'Atmospheric', 'Story Rich', 'Sci-fi', 'Psychological Horror', 'First-Person', 'Singleplayer', 'Adventure', 'Survival Horror', 'Underwater', 'Robots', 'Indie', 'Stealth', 'Action', 'Puzzle', 'Walking Simulator', 'Great Soundtrack', 'Survival', 'Gore', 'Moddable']",Overwhelmingly Positive,Frictional Games,2,2,4,1,negativo
JohnPodesta,76561198080647536,SOMA,"The game is completely overhyped. I bought it because there were suddenly tons of gameplay videos on youtube, where it looks like fun on the first glance. However, after the first 2-3 hours it gets quite repetitive, the plot twist is revealed way too early, then the rest of the game is just digging up some minor details about the story and running from A to B. It's nowhere as scary as the Amnesia games, the levels are extremely linear, riddles consist mainly of pushing buttons to open a door. Also the game is currently unplayable for me, as it keeps crashing at one particular spot. I checked forums and other people have the same problem. I hope they fix it, but I probably won't continue playing anyways.","['Horror', 'Atmospheric', 'Story Rich', 'Sci-fi', 'Psychological Horror', 'First-Person', 'Singleplayer', 'Adventure', 'Survival Horror', 'Underwater', 'Robots', 'Indie', 'Stealth', 'Action', 'Puzzle', 'Walking Simulator', 'Great Soundtrack', 'Survival', 'Gore', 'Moddable']",Overwhelmingly Positive,Frictional Games,2,1,2,2,negativo
ŽČČŽŽŽČČŠŽŽČČŽČ,76561198030030425,SOMA,Good,"['Horror', 'Atmospheric', 'Story Rich', 'Sci-fi', 'Psychological Horror', 'First-Person', 'Singleplayer', 'Adventure', 'Survival Horror', 'Underwater', 'Robots', 'Indie', 'Stealth', 'Action', 'Puzzle', 'Walking Simulator', 'Great Soundtrack', 'Survival', 'Gore', 'Moddable']",Overwhelmingly Positive,Frictional Games,4,4,5,3,positivo
Mavi,76561198025914520,SOMA,"No,nooooooooooooooo.....","['Horror', 'Atmospheric', 'Story Rich', 'Sci-fi', 'Psychological Horror', 'First-Person', 'Singleplayer', 'Adventure', 'Survival Horror', 'Underwater', 'Robots', 'Indie', 'Stealth', 'Action', 'Puzzle', 'Walking Simulator', 'Great Soundtrack', 'Survival', 'Gore', 'Moddable']",Overwhelmingly Positive,Frictional Games,1,1,2,2,negativo
Padishah,76561198029126609,SOMA,"If anything SOMA has a fantastic story. Every aspect of its story is really engaging and well done. The main plot, the storytelling, the characters, emotion and etc are all very well done. The game does a fantastic job with its world building and enviroments. The enviroments look unique and are varied. The exploration, puzzles and story are by far the best part about SOMA. This is why you should play SOMA. Why you shouldnt play SOMA is for its horror. Despite being made by Frictional and advertised as a horror game its simply not a very good horror game. Its a good game, but as a horror game it fails. This is not to say horror elements are not in the game (I got a very Deadspace vibe from its horror elements tbh) but they are by far the weakest aspect of it. Most players and reviewers have noted how the game is simply not scary. Nor should it be ""scary"" as the monsters/horror dont mesh well at all with the main story. Its uneccesary, annoying and just plain out of place. Play this for the story, exploration and puzzles NOT for the horror. All in all a good game but do not expect a good horror game. 8/10 Solid game","['Horror', 'Atmospheric', 'Story Rich', 'Sci-fi', 'Psychological Horror', 'First-Person', 'Singleplayer', 'Adventure', 'Survival Horror', 'Underwater', 'Robots', 'Indie', 'Stealth', 'Action', 'Puzzle', 'Walking Simulator', 'Great Soundtrack', 'Survival', 'Gore', 'Moddable']",Overwhelmingly Positive,Frictional Games,5,4,3,3,positivo
Revanaught,76561198031383772,SOMA,"Very good, but there are some issues. There are effectively two parts of this game that switch back and forth.  The story telling part, and the hiding from monsters gameplay part.  These are seperate, they do not happen at the same time. When the game is in the story telling part, it's fantastic.  The story is facinating, the tension and atmosphere are incredible, it's an amazing experience.  Easily the scariest parts of this game happen when there are no monsters. Then there's the hiding from monsters gameplay part.  This honestly kind of sucks.  The monsters aren't really threatening or scary but they excell at wasting your time.  They move slow when they don't see you, hover around where you are, and the slightest noise (like kicking something on the ground) will draw them right to you.  This could be really effective, but unfortunately what it means is that you're going to be stuck waiting in one spot for minutes on end waiting for one of these monsters to ♥♥♥♥ off.  Running around them really isn't an option, when they see you they go from slow as♥♥♥♥♥♥to Usane Bolt.  You may be able to draw them away by throwing things but it's something I'd never personally got to work properly. Luckily if a monster catches you, it isn't game over.  They'll knock you down, and you'll get back up shortly after.  Unfortunately, you don't get up completely fine, you have a limp, and as such you move slower, and the screen gets some really annoying distortion effects (though this can be disabled in the options).  This makes it easier for the same monster to catch up to and get you again and this can only happen so many times before you actually get a game over. Unfortunately the monster AI really isn't very good, and the game loses a lot of tension and fun because of it. Happily, I can still say that the rest of the game more than made up for the short comings.  The story and the tension and atmosphere during the storytelling parts were excellent.  It is absolutely worth your time despite the flaws.","['Horror', 'Atmospheric', 'Story Rich', 'Sci-fi', 'Psychological Horror', 'First-Person', 'Singleplayer', 'Adventure', 'Survival Horror', 'Underwater', 'Robots', 'Indie', 'Stealth', 'Action', 'Puzzle', 'Walking Simulator', 'Great Soundtrack', 'Survival', 'Gore', 'Moddable']",Overwhelmingly Positive,Frictional Games,5,3,5,3,positivo
Mr. Dr. Rocket Surgeon,76561197972256316,SOMA,"The perfect game for those that enjoy pondering the nature of existence while being chased by horrid, barnacle-encrusted abominations.","['Horror', 'Atmospheric', 'Story Rich', 'Sci-fi', 'Psychological Horror', 'First-Person', 'Singleplayer', 'Adventure', 'Survival Horror', 'Underwater', 'Robots', 'Indie', 'Stealth', 'Action', 'Puzzle', 'Walking Simulator', 'Great Soundtrack', 'Survival', 'Gore', 'Moddable']",Overwhelmingly Positive,Frictional Games,5,4,5,3,positivo
HeremitDevil,76561198035271775,SOMA,"SOMA is a first person horror/adventure games from the creators of the acclaimed Amnesia franchise. It takes place in a mysterious underwater research structure where something has clearly gone horribly wrong. +Amazing story. I don't think I've ever played a horror game where the plot is so relevant and poses such amazing questions to the player. I can't really say much about this for the sake of keeping this review spoiler-free, but trust me when I say that it's a really, REALLY breathtaking experience. +Atmosphere. Even when you're relatively safe, the ominous depths of the oceans, the claustrophobic corridors of the underwater station you're in and the creepy background noises will keep you anxious. This game does a great job at being scary even when there is probably no real threat at that given point. Plus, the whole location is really frightening and... alien (no foreshadowing intended). +The actual horror. This is the least scary Frictional game so far (though that's highly debatable in my opinion), but that doesn't mean it'll go easy on you. Apart from the terrorizing and oppressive atmosphere, you will find a good amount of monsters and other threats that will make you jump from your chair or cry in horror. +Graphics. They're not top notch per se, but lightning and post-processing do an awesome job at increasing the game's immersion and haunting beauty. -Padding. Sometimes I just felt bored by the overly long fetch-quests or complicated puzzles the game tasked me with. Ok, the puzzles are not that hard. I just suck at puzzles. Yet, there are moments in the game i felt would have a bigger impact if they were shorter. This game has a decent length (about 10 hours with some much needed exploration), but I feel shortening some sections would have been better. -Exploration vs. monsters. This game has a truly astonishing lore, which deserves to be fully explored. There are lots and lots of text, audio and documents scattered around the maps, but it's quite hard to read them carefully when a freaking monster is shambling next to you. No wonder one of the highest rated mods on the Workshop is a ""pacifist"" mod that renders all enemies peaceful (although they will still react to noise and follow you, creeping the crap out of you). I suggest you play the game the intended way, then play it again with that mod activated, in order to have an easier time fully understanding the background. -Lag. A truckload of lag, mostly because (i don't know if it's my system, but having an i7 4770k @3.50 GHz, a GTX 970 gpu and 16 GB of RAM, it's safe to say it's probably not) the game struggles to load new areas. Egregious examples are the transitions from open waters to the inside of the facility, but there are other occasions as well. It's not game breaking, but it's there and it's annoying. You liked previous games by Frictional? Buy this, personally I think it's their masterpiece. You like horror games? This will give you the scares you want. You like a good plot? This one's amazing, buy this freaking game right now. The only reasons not to buy SOMA are a)you're more of an action game guy or b)you don't like scary games. That's basically it. BUY IT DAMMIT!","['Horror', 'Atmospheric', 'Story Rich', 'Sci-fi', 'Psychological Horror', 'First-Person', 'Singleplayer', 'Adventure', 'Survival Horror', 'Underwater', 'Robots', 'Indie', 'Stealth', 'Action', 'Puzzle', 'Walking Simulator', 'Great Soundtrack', 'Survival', 'Gore', 'Moddable']",Overwhelmingly Positive,Frictional Games,5,3,5,2,positivo
76561198012008918,76561198012008918,SOMA,"I'm a bit confused why the reviews are so fanatically positive, they refuse to address the elephant in the room. I know we all like Frictional and Amnesia, but people are really blowing smoke up their♥♥♥♥♥ So far this game has been extremely walking simulator-y. You run until you come across an enemy area, crouch through it, then go back to running around turning power on and unplugging stuff. Oh, and reading computer terminals and iPads for passwords or to know which power to turn on.  (BTW, they can build a geothermal power plant underwater and superintelligent AI but can't get their tablets thinner than 6 inches thick? Or put more than notes and pictures on them? WTF? The dumbed down interactions with any kind of computer or engineering equipment completely ruined any kind of immersion for me personally) That's seriously as much gameplay as there is. The good parts, the Sci-Fi and plot is creative, the atmosphere and sound design is creepy, the lack of HUD is immersive and functional, the way you interact with the world is cool, and the philosophical questions raised are all well done. Overall it's enough to make my review about neutral. If it was a book or movie instead, I'd be all about it. But again there just isn't much gameplay, the most you can do is pick up items to learn the story, occasionally unplug or power something, and interact with computer terminals. Literally. The enemies are infrequent, simplistic, and easy to run away or hide for a second from. The experience is light-puzzle, linear adventure game with ambient horror thrown in, but nothing is ever truly a threat or even difficult. It's definitely becoming a chore to keep coming back to this game. Hopefully the gameplay progresses to something more compelling, or the conclusion is enough to justify all the slogging. I really feel like Soma would've been much better presented as a movie or short film instead of a video game. edit : I finally finished..... the ending that was supposedly so mind blowing.... fell flat on its face. I was expecting something that would wrap up the entire story leading up to it, or some kind of deep philosophical insight would be enraptured to me... but it was exactly the ending that logically should happen. And even worse is the post-credit ending, which completely ruins any decency of the ending that they chose to go with.... I'm impressed at how such existential ideas were presented and made so popular among gamers but overall I felt let down by the pay off, especially the way people were hyping it. And also that none of your choices really matter in the end. I'll say it over and over again, I wish this was made into a movie instead of a game. The story and sci-fi is interesting but there just isn't enough gameplay to justify making it into a game. I think a lot more could've been done with it in the form a film. This is the last time I play through a game just to get to the end. If you aren't enjoying Soma by hour 3 or 4 I don't think you'll like the rest of it. Go with your gut on this one. If you're into it you'll love it more as the story goes, if you don't you'll grow to despise it.","['Horror', 'Atmospheric', 'Story Rich', 'Sci-fi', 'Psychological Horror', 'First-Person', 'Singleplayer', 'Adventure', 'Survival Horror', 'Underwater', 'Robots', 'Indie', 'Stealth', 'Action', 'Puzzle', 'Walking Simulator', 'Great Soundtrack', 'Survival', 'Gore', 'Moddable']",Overwhelmingly Positive,Frictional Games,4,2,4,2,neutral
sizer99,76561197970320868,SOMA,"Fantastic intelligent sci-fi horror. Not as scary as Amnesia, but that's fine - it's a much better game. I'd even say it's a better Bioshock than Bioshock, if you can live with Bioshock without the shooting.","['Horror', 'Atmospheric', 'Story Rich', 'Sci-fi', 'Psychological Horror', 'First-Person', 'Singleplayer', 'Adventure', 'Survival Horror', 'Underwater', 'Robots', 'Indie', 'Stealth', 'Action', 'Puzzle', 'Walking Simulator', 'Great Soundtrack', 'Survival', 'Gore', 'Moddable']",Overwhelmingly Positive,Frictional Games,5,4,5,3,positivo
Just Like Heaven,76561198086093824,SOMA,"I cannot recommend this game enough. A masterpiece. To say it's a horror game does not do it justice; it's a soul-searching journey into questioning humanity that pays homage a lot to the ideas in Bladerunner. What is it to be human? Is technology actually part of a kind of evolutionary process on the way to being better? The questions that SOMA asks makes this game a deeply involving experience as you play through it, where you are  faced with some hard facts and choices that make you really stop and think. Yes it is a linear story, but it could also equally be described as a successive shattering through veils of realisation and conciousness. The game world itself is superbly realised; lovely graphics, crafted environments that are a reflection of the dual aspects of humanity; wonderful, beautiful and niaeve, countered by the deeply nightmarish and disturbing. I terms of gameplay it's like a stealth/horror; you will have to use shadows and some other very unusal and nicely inventive ways of avoiding *harm*, but there are times when you will just unavoidably have to run like mad to escape certain death....or worse! You won't always be in this situation though having to dodge nasties, and I think the game gets the balance just right; most of the game is infact dialogue and uncovering the deeply immersive story. Everyone needs to play this at least once. A highly appropriate quote from one of my all time fave movies Contact: ""You're an interesting species. An interesting mix. You're capable of such beautiful dreams, and such horrible nightmares.""","['Horror', 'Atmospheric', 'Story Rich', 'Sci-fi', 'Psychological Horror', 'First-Person', 'Singleplayer', 'Adventure', 'Survival Horror', 'Underwater', 'Robots', 'Indie', 'Stealth', 'Action', 'Puzzle', 'Walking Simulator', 'Great Soundtrack', 'Survival', 'Gore', 'Moddable']",Overwhelmingly Positive,Frictional Games,5,4,5,3,positivo
cATARIina83,76561198058371460,SOMA,"What an gaming experience. Phew and I am glad it's over! I do recommend this game (only) if you love horror - adventure - survival - scifi. If you're highly claustrofobic, I would consider again..","['Horror', 'Atmospheric', 'Story Rich', 'Sci-fi', 'Psychological Horror', 'First-Person', 'Singleplayer', 'Adventure', 'Survival Horror', 'Underwater', 'Robots', 'Indie', 'Stealth', 'Action', 'Puzzle', 'Walking Simulator', 'Great Soundtrack', 'Survival', 'Gore', 'Moddable']",Overwhelmingly Positive,Frictional Games,4,4,5,3,positivo
Silvermatic,76561197961698234,SOMA,Very tense.,"['Horror', 'Atmospheric', 'Story Rich', 'Sci-fi', 'Psychological Horror', 'First-Person', 'Singleplayer', 'Adventure', 'Survival Horror', 'Underwater', 'Robots', 'Indie', 'Stealth', 'Action', 'Puzzle', 'Walking Simulator', 'Great Soundtrack', 'Survival', 'Gore', 'Moddable']",Overwhelmingly Positive,Frictional Games,4,4,5,3,positivo
Paul196UK,76561198082640923,SPINTIRES™,THis as to be  the best off road driving sim I've ever played. In fact I dont know of any others that would even come close.  The graphics and physics are spot on.  Its very challenging and takes no prisoners if you make a mistake.  I find it best played with an Xbox controller opver a steering wheel as its easier to access all controls in one small device. You got to buy this whether its in a sale or full price. Its well worth it.,"['Simulation', 'Offroad', 'Physics', 'Multiplayer', 'Driving', 'Open World', 'Adventure', 'Realistic', 'Co-op', 'Atmospheric', 'Moddable', 'Exploration', 'Online Co-Op', 'Racing', 'Sandbox', 'Singleplayer', 'Difficult', 'Action', 'Survival', 'Indie']",Very Positive,Oovee® Game Studios,2,5,5,4,positivo
BravoDefender,76561197990250316,SPINTIRES™,"I am recommending this game, but I have my problems with this. First of all, this game could have been so much more. More gamemodes, more stuff. Yes, modders are making this a great game, but let's be real. Multiplayer is lackluster, there could have been races and other gamemodes. And then there was a timebomb on this game when developer had problem -  I can understand why developement ended but ... But it is fun and multiplayer is also fun even if you don't have any way to save progress there.","['Simulation', 'Offroad', 'Physics', 'Multiplayer', 'Driving', 'Open World', 'Adventure', 'Realistic', 'Co-op', 'Atmospheric', 'Moddable', 'Exploration', 'Online Co-Op', 'Racing', 'Sandbox', 'Singleplayer', 'Difficult', 'Action', 'Survival', 'Indie']",Very Positive,Oovee® Game Studios,2,3,4,3,positivo
Bushi Neko,76561198104089191,SPINTIRES™,"*** Another Revised Review *** So, good ol' SPINTIRES. It has had a lot of up's and downs. Mostly circling around the Dev and the Pub's ' misunderstanding, arguements, much spread tales of hate '.. choose one. It also suffered the ' time bomb ' for which the community found an answer, then an official fix came later. NOW if you remove the drama from the outside, and just take the game itself... its a must have for mud fans, fans of tough real life based work in a place that many of us have experienced... The game is very realistic in attempting to navigate the mud / water hazards. If you ever experienced time in Europe back in the cold war days, these fields and roads ( or what pass for roads ) are sure to bring bitter memories of cold, wet, stuck in the mud nights and days of places like Hohenfeld, Graf, Reforger moments...  You will suffer the same fate of smaller wheeled vehicles trying to navigate along tracks torn up time and time again by heavier vehicles.. you will be stuck.. you will see and hear the mud sucking you deeper in.. But its fun. Especially since unlike the real life days.. you dont have to get out and sink in the mud or water.. ah.. love the sim for the lack of misery from those days!!  HINT: If you do remember tricks from the days of following a line of tanks and APC's in a battered 2 1/2 ton you will do well.. Reasons to play: Its fun. Its a great candy for the eye. Watch the mud fly, stick to your truck.. build up on the tires.. knock / fall off on hard tops and run it through water to clean up a bit. If you ever thought mudding would be fun. Mods. Mods are amazing. ( STEAM does have a workshop ) Never had a problem tech wise out of it. I missed the actual time bomb myself, I was involved in another game at the time. But no problems before or after that. Reasons to not play: The drama. One way or another, if you follow the updates or post of others.. you will hear see about the drama. Everyone has some opinion. But I dont advise to buy or not based on that. If you cannot imagine being stuck in the mud.. or a load overturned on the side of a mud track and trying to figure out how to recover the load, the wrecked truck and still deliver the logs as amusing.. If you have PTSD related to those frozen nights in Europe when the mud would freeze so hard you had to have an M88 recover you.. ** Its a great way to kill time. ** SP and Co Op available.","['Simulation', 'Offroad', 'Physics', 'Multiplayer', 'Driving', 'Open World', 'Adventure', 'Realistic', 'Co-op', 'Atmospheric', 'Moddable', 'Exploration', 'Online Co-Op', 'Racing', 'Sandbox', 'Singleplayer', 'Difficult', 'Action', 'Survival', 'Indie']",Very Positive,Oovee® Game Studios,3,5,5,4,positivo
gamer1000k,76561198027141250,SPINTIRES™,"This is a wonderful tech demo with a lot of potential, but this is yet another game that was released before it was ready. First off, the good points. The game engine is impressive and does a good job of simulating the vehicles as they navigate the terrain, including fording flowing rivers with currents. Graphics are quite good for the most part, including a full day-night cycle. Vehicles can be customized at garages and the game has the logistics to necessitate fuel trucks and repair trucks. Unfortunately, this game also has some fairly major flaws that prevent me from being able to recommend it at the asking price. The camera is terrible. There's no first-person cockpit view (there's not even drivers in the trucks) and the 3rd person camera position is weird which makes it hard to see what you're doing with the larger trucks. There's only one game mode and a handful of maps. The maps themselves are tiny (square KM or so), and the only reason they feel as big as they do is that going anywhere requires a fair bit of effort due to the insane amount of mud you have to drive through so you'll be moving at walking speed in 1st gear with 4WD low and lockers 90% of the time or you'll get stuck. The whole premise of the challenge maps feels contrived as well. You have to haul lumber from an arbitrarily placed lumber stockpile to the sawmill on roads so bad they really are just mudpits. The sawmill is surrounded by trees. What is so special about these particular logs that someone is willing to risk big expensive trucks fording deep, fast flowing rivers? Garages and fuel stations are placed with respect to the challenge so you end up with strangely placed buildings surrounded by mudpits that make no sense for anyone actually wanting to turn a profit hauling logs. There is no free-roam mode, so this handful of maps is it for in-game content. There's enough to last for a few hours, but I was pretty disappointed when I learned this after buying the game. In conclusion, this game still has a lot of potential and is still (slowly) being updated, but don't pay full price for it at this point. I got it on sale for 75% off and that's about the right price for this game.","['Simulation', 'Offroad', 'Physics', 'Multiplayer', 'Driving', 'Open World', 'Adventure', 'Realistic', 'Co-op', 'Atmospheric', 'Moddable', 'Exploration', 'Online Co-Op', 'Racing', 'Sandbox', 'Singleplayer', 'Difficult', 'Action', 'Survival', 'Indie']",Very Positive,Oovee® Game Studios,2,3,4,4,neutral
wanted31,76561198003996728,SPINTIRES™,UBER GOOD T1000 2016,"['Simulation', 'Offroad', 'Physics', 'Multiplayer', 'Driving', 'Open World', 'Adventure', 'Realistic', 'Co-op', 'Atmospheric', 'Moddable', 'Exploration', 'Online Co-Op', 'Racing', 'Sandbox', 'Singleplayer', 'Difficult', 'Action', 'Survival', 'Indie']",Very Positive,Oovee® Game Studios,2,5,5,4,positivo
Mechanical Eng 开发工程师,76561198001597909,SPINTIRES™,"Don't buy, the publishers are c*nts.","['Simulation', 'Offroad', 'Physics', 'Multiplayer', 'Driving', 'Open World', 'Adventure', 'Realistic', 'Co-op', 'Atmospheric', 'Moddable', 'Exploration', 'Online Co-Op', 'Racing', 'Sandbox', 'Singleplayer', 'Difficult', 'Action', 'Survival', 'Indie']",Very Positive,Oovee® Game Studios,1,2,3,3,negativo
Homo Erectus,76561197972843674,SPINTIRES™,Extremely difficult game. Not much fun for the casual player.,"['Simulation', 'Offroad', 'Physics', 'Multiplayer', 'Driving', 'Open World', 'Adventure', 'Realistic', 'Co-op', 'Atmospheric', 'Moddable', 'Exploration', 'Online Co-Op', 'Racing', 'Sandbox', 'Singleplayer', 'Difficult', 'Action', 'Survival', 'Indie']",Very Positive,Oovee® Game Studios,1,2,3,5,negativo
BACON WARRIOR,76561198077083121,SPINTIRES™,Get it on sale for 5$ but it's not worth full price. The unofficial mods are the best thing about this game,"['Simulation', 'Offroad', 'Physics', 'Multiplayer', 'Driving', 'Open World', 'Adventure', 'Realistic', 'Co-op', 'Atmospheric', 'Moddable', 'Exploration', 'Online Co-Op', 'Racing', 'Sandbox', 'Singleplayer', 'Difficult', 'Action', 'Survival', 'Indie']",Very Positive,Oovee® Game Studios,1,3,4,3,neutral
VostokMercenary,76561198018371850,SPINTIRES™,Winches. Winches are your gods.,"['Simulation', 'Offroad', 'Physics', 'Multiplayer', 'Driving', 'Open World', 'Adventure', 'Realistic', 'Co-op', 'Atmospheric', 'Moddable', 'Exploration', 'Online Co-Op', 'Racing', 'Sandbox', 'Singleplayer', 'Difficult', 'Action', 'Survival', 'Indie']",Very Positive,Oovee® Game Studios,1,4,5,4,positivo
IceCity,76561198048856324,SPINTIRES™,Good game for a challenge. Camera angles makes me wanna punch my monitor  but you get used to it after a while. 9/10,"['Simulation', 'Offroad', 'Physics', 'Multiplayer', 'Driving', 'Open World', 'Adventure', 'Realistic', 'Co-op', 'Atmospheric', 'Moddable', 'Exploration', 'Online Co-Op', 'Racing', 'Sandbox', 'Singleplayer', 'Difficult', 'Action', 'Survival', 'Indie']",Very Positive,Oovee® Game Studios,2,4,4,4,positivo
Redsimfox,76561198061449032,SPINTIRES™,fun game BUT you cannot save your game on multiplayer a bit♥♥♥♥♥♥but okay and maby they could add firstperson,"['Simulation', 'Offroad', 'Physics', 'Multiplayer', 'Driving', 'Open World', 'Adventure', 'Realistic', 'Co-op', 'Atmospheric', 'Moddable', 'Exploration', 'Online Co-Op', 'Racing', 'Sandbox', 'Singleplayer', 'Difficult', 'Action', 'Survival', 'Indie']",Very Positive,Oovee® Game Studios,2,3,4,3,neutral
LAME,76561198038616833,SPINTIRES™,Good,"['Simulation', 'Offroad', 'Physics', 'Multiplayer', 'Driving', 'Open World', 'Adventure', 'Realistic', 'Co-op', 'Atmospheric', 'Moddable', 'Exploration', 'Online Co-Op', 'Racing', 'Sandbox', 'Singleplayer', 'Difficult', 'Action', 'Survival', 'Indie']",Very Positive,Oovee® Game Studios,2,4,4,3,positivo
Tim Carella,76561198058250272,SPINTIRES™,"The technology is great! The game is not. Feels like a tech demo, Also, one of the worst camera system i have ever seen. Its so bad. Its like dating a super moddel. Looks good, awful to live with. Also, it crashes alot on start up. For me, 2 crashes avrage before it worked.","['Simulation', 'Offroad', 'Physics', 'Multiplayer', 'Driving', 'Open World', 'Adventure', 'Realistic', 'Co-op', 'Atmospheric', 'Moddable', 'Exploration', 'Online Co-Op', 'Racing', 'Sandbox', 'Singleplayer', 'Difficult', 'Action', 'Survival', 'Indie']",Very Positive,Oovee® Game Studios,1,2,3,2,negativo
Stadoblech (bobo),76561197969201477,SPINTIRES™,I feel dirty playing this game,"['Simulation', 'Offroad', 'Physics', 'Multiplayer', 'Driving', 'Open World', 'Adventure', 'Realistic', 'Co-op', 'Atmospheric', 'Moddable', 'Exploration', 'Online Co-Op', 'Racing', 'Sandbox', 'Singleplayer', 'Difficult', 'Action', 'Survival', 'Indie']",Very Positive,Oovee® Game Studios,1,3,2,3,negativo
Theo Sporge,76561198191078731,SPINTIRES™,"This game was amazing when it was first released, devs did frequent updates and took feed back from the community. The game has some good content but not really enough to keep you interested for more than an hour or two. The problem is with the devs, they have just droppped of the face of the planet, they have promissed better communication and new content over and over again and the community has not see anything for almost a year. This game still feels like an alpha. Its very disheartening to see a game with so much potential and such a large fan base end up like this. On the bright side there is a large modding community for the game, but the core of the game dosnt change....explore a bit.....pick up logs....drag logs through trails to loging depot and repeat a few times until you beast the map. This game is mediocre at best. Definently not worth £20, more like £15 (only payed £10 cause G  2  A is da bomb).","['Simulation', 'Offroad', 'Physics', 'Multiplayer', 'Driving', 'Open World', 'Adventure', 'Realistic', 'Co-op', 'Atmospheric', 'Moddable', 'Exploration', 'Online Co-Op', 'Racing', 'Sandbox', 'Singleplayer', 'Difficult', 'Action', 'Survival', 'Indie']",Very Positive,Oovee® Game Studios,2,3,4,3,negativo
fat™,76561198107586293,SPINTIRES™,"As heavy once said ""you are dead not big suprise"" that saying could be used to explain this game's relavance now.","['Simulation', 'Offroad', 'Physics', 'Multiplayer', 'Driving', 'Open World', 'Adventure', 'Realistic', 'Co-op', 'Atmospheric', 'Moddable', 'Exploration', 'Online Co-Op', 'Racing', 'Sandbox', 'Singleplayer', 'Difficult', 'Action', 'Survival', 'Indie']",Very Positive,Oovee® Game Studios,1,3,4,3,neutral
gamer1000k,76561198027141250,SPINTIRES™,"This is a wonderful tech demo with a lot of potential, but this is yet another game that was released before it was ready. First off, the good points. The game engine is impressive and does a good job of simulating the vehicles as they navigate the terrain, including fording flowing rivers with currents. Graphics are quite good for the most part, including a full day-night cycle. Vehicles can be customized at garages and the game has the logistics to necessitate fuel trucks and repair trucks. Unfortunately, this game also has some fairly major flaws that prevent me from being able to recommend it at the asking price. The camera is terrible. There's no first-person cockpit view (there's not even drivers in the trucks) and the 3rd person camera position is weird which makes it hard to see what you're doing with the larger trucks. There's only one game mode and a handful of maps. The maps themselves are tiny (square KM or so), and the only reason they feel as big as they do is that going anywhere requires a fair bit of effort due to the insane amount of mud you have to drive through so you'll be moving at walking speed in 1st gear with 4WD low and lockers 90% of the time or you'll get stuck. The whole premise of the challenge maps feels contrived as well. You have to haul lumber from an arbitrarily placed lumber stockpile to the sawmill on roads so bad they really are just mudpits. The sawmill is surrounded by trees. What is so special about these particular logs that someone is willing to risk big expensive trucks fording deep, fast flowing rivers? Garages and fuel stations are placed with respect to the challenge so you end up with strangely placed buildings surrounded by mudpits that make no sense for anyone actually wanting to turn a profit hauling logs. There is no free-roam mode, so this handful of maps is it for in-game content. There's enough to last for a few hours, but I was pretty disappointed when I learned this after buying the game. In conclusion, this game still has a lot of potential and is still (slowly) being updated, but don't pay full price for it at this point. I got it on sale for 75% off and that's about the right price for this game.","['Simulation', 'Offroad', 'Physics', 'Multiplayer', 'Driving', 'Open World', 'Adventure', 'Realistic', 'Co-op', 'Atmospheric', 'Moddable', 'Exploration', 'Online Co-Op', 'Racing', 'Sandbox', 'Singleplayer', 'Difficult', 'Action', 'Survival', 'Indie']",Very Positive,Oovee® Game Studios,2,3,4,4,neutral
r^USH,76561198127718182,SPINTIRES™,AMAZING!!!!!!!!!!!!!!!!!!:) GET IT NOW,"['Simulation', 'Offroad', 'Physics', 'Multiplayer', 'Driving', 'Open World', 'Adventure', 'Realistic', 'Co-op', 'Atmospheric', 'Moddable', 'Exploration', 'Online Co-Op', 'Racing', 'Sandbox', 'Singleplayer', 'Difficult', 'Action', 'Survival', 'Indie']",Very Positive,Oovee® Game Studios,1,5,5,3,positivo
Shane,76561197970680484,SPINTIRES™,"Its a small game (628MB download size), the game has a dozen Trucks/Trailers, with a handful of maps (or) locations depending on how you view things, the main point of the game is too explore each map, unlocking new trucks/trailers along the way which you then use to repair, refuel other trucks which are needed too transport logs to key map locations. Multiplayer is almost a complete waste of time, people leave the game, it crashes, forced into mods alot of the time, host always afk and dont start the round, and so forth AMD FX 6300 (6core) @ 3.50 GHz Geforce 960 GTX 8GB DDR3 Ram Running Max graphics @ 60+fps (on triple monitors) I highly recommend this game, its a fanatastic experience with a wheel/pedals, its a seriously addicting adventure at every turn. and i wish there was more games like this on the market. Why are you wasting your time reading this review, buy the game and join us... 9/10","['Simulation', 'Offroad', 'Physics', 'Multiplayer', 'Driving', 'Open World', 'Adventure', 'Realistic', 'Co-op', 'Atmospheric', 'Moddable', 'Exploration', 'Online Co-Op', 'Racing', 'Sandbox', 'Singleplayer', 'Difficult', 'Action', 'Survival', 'Indie']",Very Positive,Oovee® Game Studios,3,5,4,3,positivo
Dr.killshot22,76561197997597194,SPINTIRES™,"you love big trucks and mud, good cuz thats the game. simple but crazy fun and HARD do not buy this game if your looking for an easy run","['Simulation', 'Offroad', 'Physics', 'Multiplayer', 'Driving', 'Open World', 'Adventure', 'Realistic', 'Co-op', 'Atmospheric', 'Moddable', 'Exploration', 'Online Co-Op', 'Racing', 'Sandbox', 'Singleplayer', 'Difficult', 'Action', 'Survival', 'Indie']",Very Positive,Oovee® Game Studios,1,4,4,4,positivo
Rainbow Droid,76561197964232046,STAR WARS™ Empire at War - Gold Pack,"The space combat is simplistic, the ground combat is even simpler and very tedious, and the strategy map aspect of the game? You guessed it: Simple and basic. The old Rebellion mod for Homeworld 2 is better. Check out Sins of a Galactic Empire mod for Sins of a Solar Empire if you want Star Wars strategic combat. This is a rubbish game with an expensive license tacked on.","['Strategy', 'Star Wars', 'RTS', 'Sci-fi', 'Multiplayer', 'Space', 'Singleplayer', 'Moddable', 'Tactical', 'Action', 'Great Soundtrack', 'Mod', 'War', 'Classic', '4X', 'Co-op', 'Adventure', 'Simulation', 'Grand Strategy', 'Atmospheric']",Very Positive,Petroglyph,1,1,2,1,negativo
Arcterran,76561198007145952,STAR WARS™ Empire at War - Gold Pack,"I remember this game rather fondly when I played it when it  first came out a few years back, Playing it now I only have one word, for it: Stale. It's kinda hard to pin down why, because on paper it all should work. It's a Star Wars game where they add Ground control style combat on land, Star trek Armada Style space combat (which was a pretty good RTS, not AMAZING but it worked) with Hyperspacing mechanics that allow you to reinforce just about anywhere.  Sounds great right? Well it just doesn't play as well as it sounds on paper. Again it's  hard to describe but it all just feels so bland. The units aren't terribly interesting (except some heroes), the textures are plain, yet muddy, and it all feels like they took a lot of concepts that were AMAZING in other RTS games (Ground Control's Dropzone mechanics, CNC Tanks, Company of Heroes' Squads, Dawn of War: Dark Crusade's Risk map, Yes I am aware some of these came after this, but they still did it better) but didn't properly understand WHY those mechanics worked the way they did in those games and thus it ended up watering it all down. Granted if you are a fan of the Extended Universe before Disney De-canonized it you'll get a kick out of the extra units and characters (Where else will you have Kyle Kataran throw down with Mara Jade?). but all in all, to me it feels very bland and watered down.","['Strategy', 'Star Wars', 'RTS', 'Sci-fi', 'Multiplayer', 'Space', 'Singleplayer', 'Moddable', 'Tactical', 'Action', 'Great Soundtrack', 'Mod', 'War', 'Classic', '4X', 'Co-op', 'Adventure', 'Simulation', 'Grand Strategy', 'Atmospheric']",Very Positive,Petroglyph,3,2,2,3,negativo
Mindblighter,76561197969035830,STAR WARS™ Empire at War - Gold Pack,"Having completed all three campaigns and one game of conquest my worst fears are confirmed. EAW is an RTS hybrid that tries to be many things but is tripped by technical issues, bad design decisions and a clear lack of testing. The end result is a game that is mediocre at best and only held together by the magic glue that is Star Wars. Only recommended for fans who are willing to suck on a lollypop made out of pure salt just because it's shaped like Darth Vader's helmet. +Authentic Star Wars music and sound effects that leave nothing to be desired. Sometimes even the voice acting is surprisingly good +Graphics seem fairly timeless with some space battle effects still looking pretty sweet +Space battles are fun most of the time +Asymmetric factions (Empire has bigger ships with free fighters, Alliance has better fighters that require no carriers etc.) +Multiple campaigns and conquest mode scenarios +Dropping the screen filling Executor in the middle of a battle for the first time should make any nerds inner fascist climax immediately -Doesn't seem to play nice with Win10 and has no borderless window support. If played fullscreen while Alt-Tabing can put your Windows in a state where you have to reboot to get anything done. I recommend running it in a maximized window instead. -Game breaking bugs include disappearing critical characters, inability to task units to campaign critical missions, disappearing units etc. These issues can be somewhat circumvented with furious saving. -A multitude of UX issues that range from fighters needlessly blocking capital ships from selection to the way save files are handled: latest saves don't always show up first, save files take too much space etc. -AI blatantly cheats both by its very nature and also seems to gain scripted fleets out of nowhere for the campaigns -AI sometimes just freezes and does nothing with its ships in battle -Unit AI is atrocious and does not seem to do any target prioritization whatsoever for any attacks. Pathfinding gets progressively worse with unit size to the point where units like AT-ATs, artillery units and Star Destroyers sometimes require near constant micromanaging so that they move the way you need -Being unable to assign any movement orders on the galactic map in pause mode makes no sense -Forces of Corruption doesn't integrate to the main game and is actually a separate game that feels like it was cheaply hacked together in a hurry -While the original EaW is somewhat balanced, the Consortium faction in FoC is completely out of whack and seems to have the best in almost everything in addition to their frustrating corruption mechanic that requires constant fiddling especially from the opponents -Ground battles are usually horrendously repetitive and tedious -Battles can be autoresolved, but the logic for resolving them is completely ludicrous and can lead to massive casualties even if the opponent doesn't actually have any chance of fighting back -Very limited amount of units and ships in a battle at any given time (for example, you can have 6 Imperial class Star Destroyers if you have almost nothing else) and the rest have to be drip-fed into the battle as reinforcements when previous units are destroyed -Player can't choose which units enter a battle first in EaW (mostly fixed in FoC though) -Flying units can't actually fly over many obstacles in ground battles -Some of the writing and voice acting is very cringeworthy especially in FoC. A few characters also use quotes from the movies to a ridiculous degree even for fanservice -The Alliance can commit genocide without any issues and can actually get more funds from it","['Strategy', 'Star Wars', 'RTS', 'Sci-fi', 'Multiplayer', 'Space', 'Singleplayer', 'Moddable', 'Tactical', 'Action', 'Great Soundtrack', 'Mod', 'War', 'Classic', '4X', 'Co-op', 'Adventure', 'Simulation', 'Grand Strategy', 'Atmospheric']",Very Positive,Petroglyph,2,2,4,3,negativo
Spamming Tanks,76561198059673205,STAR WARS™ Empire at War - Gold Pack,"Do you like Star Wars? Do you like Real-Time-Strategy? Do you like pause buttons and an infinite amount of time to think? Then you will probably like this. I can't say much about the game itself except that it puts a perfect balance between grand-sceme, longterm campaign... and short-lived skirmish battles, such that even the shortest skirmishes feel like part of a bigger picture, a bigger picture that transforms over time and becomes a battle itself. I assure you, take away the Star Wars skin and this would still be one of the best strategy games I have ever played.","['Strategy', 'Star Wars', 'RTS', 'Sci-fi', 'Multiplayer', 'Space', 'Singleplayer', 'Moddable', 'Tactical', 'Action', 'Great Soundtrack', 'Mod', 'War', 'Classic', '4X', 'Co-op', 'Adventure', 'Simulation', 'Grand Strategy', 'Atmospheric']",Very Positive,Petroglyph,4,5,5,3,positivo
maccrawinthejaw,76561198096227723,STAR WARS™ Empire at War - Gold Pack,"This game CAN be played multiplayer, through GameRanger or some other external service. As for the game itself... well. Empire at War, I would say, stands as my favorite Star Wars game, since it combines an infamous franchise with a beloved genre, and their child is beautiful and healthy. That child is Empire at War. EaW and Forces of Corruption (FoC) are both rather uniform in regards to gameplay. In EaW, you can play as the Rebels or the Empire; same goes for FoC with the addition of a third party of pirates and criminals. The basic premise of the game is in conquering the entire galaxy by force alone; to do so consists of two separate stages: a space assault with fully customizable fleets, and a ground assault on terrestrial defenses. Once both have been met with success, the planet is yours, along with whatever bonuses it provides. Another ""hidden"" bonus with capturing certain planets is that you can cut off hyperspace lines, or to simplify it, place roadblocks that would prevent your enemy with combining his forces, since he can't pass through planets unless they're either neutral or allied. For races, I suppose, counting Forces of Corruption; you have three different choices that have their own benefits and quirks, but can ultimately be played the same way, or however you'd want them to. First up is the Galactic Empire (or just ""the Empire""), and no different from the rest of its appearances in Star Wars, the Empire has a fetishistic love for firepower and big guns. The Empire has a VERY strong Navy and Army that deliver a serious wallop at the tradeoff of a considerable cost. Most of their best weaponry is unlocked in the fourth and fifth/final tech tiers, which gives the Rebels and the Zann Consortium plenty of time to strike at leisure. The Rebel Alliance (or just ""the Rebels"") don't match the Empire in terms of raw strength, and their tech tier development is dependent on that of the Empire, but what the Rebels offer in exchange is more flexibility and diversity. For example, the Empire's Star Destroyers have automated hangars that automatically deploy TIE fighters/bombers as the battle goes on (unless the hangar is destroyed), but their shield generators are exposed to enemy fire. The Rebels' cruisers have internal shield generators that can't be destroyed (but the shield can still be knocked out), but no hangars - to compensate, you can specifically build whatever bombers and fighters you need, and how many you need; also, you can deploy them whenever and wherever you'd like, as opposed to the Imperials, where you're caught in a waiting game for what could potentially be what you are or are not in need of. Added in the expansion, the Zann Consortium is what I can only describe as ""parasitic"", in that the bulk of their strength comes from that of their enemies; allow me to explain. The Zann Consortium has a tech tier that, for the most part, is based on stealing technologies and credits from the Empire and the Rebels, and in certain cases can actually acquire units from those two factions. One of my favorite features of the Zann Consortium is their ability to enslave races on certain planets, meaning you can get Ewok suicide bomber units, where a guy with a whip forces Ewoks out of a burlap sack and they charge at an enemy with a bomb strapped to them. It's extremely easy to play as the Zann Consortium, and they are brutally overpowered (their method of destroying the Death Star whenever it shows up is what can only be described as ""cheap and effortless""), though it does take a bit of a learning curve. As far as game modes go; both Empire at War and Forces of Corruption share the same modes, of a singleplayer campaign; a single-or-multiplayer Galactic Conquest mode which is the main course of this excellent game; or basic ""skirmish"" battles that can take place on land or in space, and better units are issued as time goes on. Empire at War contains singleplayer campaigns for the Empire and the Rebels; Forces of Corruption only contains a campaign for the Zann Consortium. Empire at War caught my attention before I even knew of its existence, and I bought it as soon as I saw it. It was a perfect buy, and it was in the will of the Force.","['Strategy', 'Star Wars', 'RTS', 'Sci-fi', 'Multiplayer', 'Space', 'Singleplayer', 'Moddable', 'Tactical', 'Action', 'Great Soundtrack', 'Mod', 'War', 'Classic', '4X', 'Co-op', 'Adventure', 'Simulation', 'Grand Strategy', 'Atmospheric']",Very Positive,Petroglyph,5,5,5,3,positivo
Merrybob,76561198073087380,STAR WARS™ Empire at War - Gold Pack,game has a place in my heart... played it in elementary school...,"['Strategy', 'Star Wars', 'RTS', 'Sci-fi', 'Multiplayer', 'Space', 'Singleplayer', 'Moddable', 'Tactical', 'Action', 'Great Soundtrack', 'Mod', 'War', 'Classic', '4X', 'Co-op', 'Adventure', 'Simulation', 'Grand Strategy', 'Atmospheric']",Very Positive,Petroglyph,3,4,5,3,positivo
Endless Waffles,76561198036156728,STAR WARS™ Empire at War - Gold Pack,I have put over 100 hours into the non-Steam version and I can say that this is one of the best strategy games ever made.,"['Strategy', 'Star Wars', 'RTS', 'Sci-fi', 'Multiplayer', 'Space', 'Singleplayer', 'Moddable', 'Tactical', 'Action', 'Great Soundtrack', 'Mod', 'War', 'Classic', '4X', 'Co-op', 'Adventure', 'Simulation', 'Grand Strategy', 'Atmospheric']",Very Positive,Petroglyph,4,5,5,3,positivo
Blarghalt,76561197980238865,STAR WARS™ Empire at War - Gold Pack,"Empire at War is probably the Star Wars' most serious foray into the strategy genre, and I hate to say it's mixed at best. While the battlescapes make for some really impressive visuals, the game falls flat on its face on the tactical map. It's one of the worst I've ever seen in a strategy game. It's real time with a pause, which wouldn't be an issue execpt the game refuses to let you make any meaningful orders while paused. It will only be an hour or so before you started getting bombarded with battle prompts (which you can autoresolve) back-to-back, and it just becomes completely unmanagable as your attention is constantly divided. It seriously plays like a turn-based system that was retooled to realtime at the very last second, and its shows. I cannot understate how frustrating it is to deal with. And while the battlescape is fun to play on, it also has issues. Pathfinding for you or the AI is atrocious, and you'll often have to bear ships taking a full minute to turn around when they could have just moved forward. On top of some pretty awful unit balance, battles are always completely lopsided and predictable. Do not get this on anything but the cheapest of sales. The cool battles might draw you in, but the game turns into a slog very, very quickly.","['Strategy', 'Star Wars', 'RTS', 'Sci-fi', 'Multiplayer', 'Space', 'Singleplayer', 'Moddable', 'Tactical', 'Action', 'Great Soundtrack', 'Mod', 'War', 'Classic', '4X', 'Co-op', 'Adventure', 'Simulation', 'Grand Strategy', 'Atmospheric']",Very Positive,Petroglyph,2,1,3,2,negativo
Maverikk,76561197960465223,STAR WARS™ Empire at War - Gold Pack,"While this game has its pros and its cons to this date i have never found a better space battle game that uses the star wars universe. So Empire at War has a campaign map that forces you to move fleets into position over planets and claim the space before you can launch a land invasion. Once you launch your invasion you have to capture several points with a limited number of vehicles and special units to take the planet. While the ground battles are silly and not all that well done, the space battles are fun and intense.","['Strategy', 'Star Wars', 'RTS', 'Sci-fi', 'Multiplayer', 'Space', 'Singleplayer', 'Moddable', 'Tactical', 'Action', 'Great Soundtrack', 'Mod', 'War', 'Classic', '4X', 'Co-op', 'Adventure', 'Simulation', 'Grand Strategy', 'Atmospheric']",Very Positive,Petroglyph,4,4,5,3,positivo
Awesomo 2000,76561198012833532,STAR WARS™ Empire at War - Gold Pack,"Star Wars fans will buy this anyway, because there is no other good strategy game from the universe. You might consider it even if you are not fan, the planetary turn-based-like strategic map is simple but unique in its mechanics. Graphics are not superb in this day and age and battles on planets are rather dull most of the time. But where the game excells are battles above planets, with spaceship. It has always been intriguing to see the fight between Calamari warships and Star destroyers and now you can experience it too, which I like a great deal.","['Strategy', 'Star Wars', 'RTS', 'Sci-fi', 'Multiplayer', 'Space', 'Singleplayer', 'Moddable', 'Tactical', 'Action', 'Great Soundtrack', 'Mod', 'War', 'Classic', '4X', 'Co-op', 'Adventure', 'Simulation', 'Grand Strategy', 'Atmospheric']",Very Positive,Petroglyph,3,4,4,2,positivo
Coll,76561197989130137,STAR WARS™ Empire at War - Gold Pack,"Played this back when it first came out in 2010 or so. It crashed pretty frequently-- usually during cut scenes. It still crashes during cut scenes, which is basically all the time. And it's the type of crash that freezes the system, forcing a restart. ---------------------- Did some recommended updates and reinstalled the game. Runs pretty well now and it doesn't crash nearly as often (but it still does). The original is pretty fun. Really interesting game, scratches the ""star wars galactic conquest"" notion but there's some weird mechanics. Hero units are ridiculously overpowered. Remember when Chewbacca and Han Solo killed a swarm of stormtroopers and ATSTs? Me neither. During battles the defending base generates a free unit, and will regenerate the unit whenever it dies- giving the defender a suicide trooper to constantly use. You'll see this in the first battle-- xwings constantly flying to their deaths. Random troops constantly charging your ATST. The attacker brought 100 stormtroopers? Well, you're going to get a free unit every 10 seconds so send that SOB in. If the attacker doesn't rush you basically win. But then this gets ridiculous when you have a higher-end factory and you get a free tank squad constantly. And then the expansion breaks the game. Red Alert 2: Yuri's Revenge was a great game. Yuri was pretty imbalanced but still beatable. In this, the ""whatever they are/pirates"" basically can cast spells to literally ""take over entire system""-- and you're constantly ""uh... why'd I just lose that system?"" And then they're on a different research tree. The Rebels and Empire research new/upgraded units and build those. The ""pirates"" research upgrades and then the units receive those benefits. Suddenly the 10 fighter swarms that die in seconds have shields and bombs and are decimating your forces. And the pirates are still dumping those level-1 units out for the same price. Stick with the original. Or find a game with mods.","['Strategy', 'Star Wars', 'RTS', 'Sci-fi', 'Multiplayer', 'Space', 'Singleplayer', 'Moddable', 'Tactical', 'Action', 'Great Soundtrack', 'Mod', 'War', 'Classic', '4X', 'Co-op', 'Adventure', 'Simulation', 'Grand Strategy', 'Atmospheric']",Very Positive,Petroglyph,3,3,4,3,neutral
Ael,76561198010131631,STAR WARS™ Empire at War - Gold Pack,One of the best star wars game of strategy ever made. It has some great mods that can put you on more than 200 hours gametime. Really recommended for it's price.,"['Strategy', 'Star Wars', 'RTS', 'Sci-fi', 'Multiplayer', 'Space', 'Singleplayer', 'Moddable', 'Tactical', 'Action', 'Great Soundtrack', 'Mod', 'War', 'Classic', '4X', 'Co-op', 'Adventure', 'Simulation', 'Grand Strategy', 'Atmospheric']",Very Positive,Petroglyph,4,5,5,3,positivo
Kaiser,76561198155967826,STAR WARS™ Empire at War - Gold Pack,"A AWESOME Star Wars RTS! The base game alone is full of a good amount of content (two campaigns, skirmishes and a few conquests) and this game only gets better with mods. (I recommend Thrawns Revenge and The Clone Wars mods)","['Strategy', 'Star Wars', 'RTS', 'Sci-fi', 'Multiplayer', 'Space', 'Singleplayer', 'Moddable', 'Tactical', 'Action', 'Great Soundtrack', 'Mod', 'War', 'Classic', '4X', 'Co-op', 'Adventure', 'Simulation', 'Grand Strategy', 'Atmospheric']",Very Positive,Petroglyph,4,5,5,3,positivo
Proxy,76561198036732153,STAR WARS™ Empire at War - Gold Pack,Ever wanted to command a fleet or land army of the Empire or Republic?(maybe pirate scum as well?) This is the game for you,"['Strategy', 'Star Wars', 'RTS', 'Sci-fi', 'Multiplayer', 'Space', 'Singleplayer', 'Moddable', 'Tactical', 'Action', 'Great Soundtrack', 'Mod', 'War', 'Classic', '4X', 'Co-op', 'Adventure', 'Simulation', 'Grand Strategy', 'Atmospheric']",Very Positive,Petroglyph,3,5,4,3,positivo
"CC-3636 ""Wolffe""",76561198174061954,STAR WARS™ Empire at War - Gold Pack,Simply my favorite RTS.,"['Strategy', 'Star Wars', 'RTS', 'Sci-fi', 'Multiplayer', 'Space', 'Singleplayer', 'Moddable', 'Tactical', 'Action', 'Great Soundtrack', 'Mod', 'War', 'Classic', '4X', 'Co-op', 'Adventure', 'Simulation', 'Grand Strategy', 'Atmospheric']",Very Positive,Petroglyph,3,5,4,3,positivo
Warlok,76561197970639512,STAR WARS™ Empire at War - Gold Pack,"The original is a surprising rts - simple-looking but deceptively deep and most definitely playable. Excellent job particularly in space battles of capturing the feel of Star Wars. Regrettably, network play is completely inert in this release... one would have hoped some effort to facilitate Steam net play would have been made, but no. Even virtual networks seem to fail to get multiplayer up & running. Forces Of Corruption is exactly that: an imbalanced force that corrupts the integrity of the base game. The new faction itself is horrifically overpowered making Imperials and Rebels alike look feeble. Silly. Ignoring that expansion pack, if Empire At War were ever repaired, it would be worthy.","['Strategy', 'Star Wars', 'RTS', 'Sci-fi', 'Multiplayer', 'Space', 'Singleplayer', 'Moddable', 'Tactical', 'Action', 'Great Soundtrack', 'Mod', 'War', 'Classic', '4X', 'Co-op', 'Adventure', 'Simulation', 'Grand Strategy', 'Atmospheric']",Very Positive,Petroglyph,3,3,4,2,neutral
Background Music,76561198126783889,STAR WARS™ Empire at War - Gold Pack,pretty kool,"['Strategy', 'Star Wars', 'RTS', 'Sci-fi', 'Multiplayer', 'Space', 'Singleplayer', 'Moddable', 'Tactical', 'Action', 'Great Soundtrack', 'Mod', 'War', 'Classic', '4X', 'Co-op', 'Adventure', 'Simulation', 'Grand Strategy', 'Atmospheric']",Very Positive,Petroglyph,2,4,4,3,positivo
Saint Aaron,76561198011965365,STAR WARS™ Empire at War - Gold Pack,"Probably the best strategy game of the Star Wars series since Rebellion. This game makes for both ground and space based warfare, making it an interesting change from past games. The Single Player Campaigns were interesting. 1 Con about this game is its A.I. The AI of this game is pretty bad and easily defeatable. Online play is ok, but generates loads of lag and poor online design.","['Strategy', 'Star Wars', 'RTS', 'Sci-fi', 'Multiplayer', 'Space', 'Singleplayer', 'Moddable', 'Tactical', 'Action', 'Great Soundtrack', 'Mod', 'War', 'Classic', '4X', 'Co-op', 'Adventure', 'Simulation', 'Grand Strategy', 'Atmospheric']",Very Positive,Petroglyph,4,3,4,2,positivo
Zaert21,76561198021687522,STAR WARS™ Empire at War - Gold Pack,"i do like this game quite a lot. the land battles are kind of like who has more good all round troops, with little statergy in comparrison to the space battles. the space battles require a serious ammount of thought and stratergy, for example lets say a i built a good all round cruiser ship, but it had no small fighter to escort it, 2 squards of bombers could easily do heavy damage and even destory it. sometihng i forgot to mention there are 2 games althought i think the expasion is th ebetter game the new zahn consortium is quite over powered but has much more intresting ways of winning a galaxy","['Strategy', 'Star Wars', 'RTS', 'Sci-fi', 'Multiplayer', 'Space', 'Singleplayer', 'Moddable', 'Tactical', 'Action', 'Great Soundtrack', 'Mod', 'War', 'Classic', '4X', 'Co-op', 'Adventure', 'Simulation', 'Grand Strategy', 'Atmospheric']",Very Positive,Petroglyph,3,4,4,3,positivo
King Horse,76561198095141770,STAR WARS™ Empire at War - Gold Pack,I fraid tlk tis game cus id gave mi bran damag! I pley game for 2 meny ♥♥♥♥♥s. No can thinc! I liek miliniem falcum! It shoot lazer! Stars destroeyrs Isis realy big! I pley Imprl Sivul Wor Mod. Wai Supr Star Destroer no gay? It als cost moneeeyz. Emptier Palpletin attake my planet and deid LOOOOOOL!!! AI smrt bud stuped. I lek spays bttle but no lands btls becuz AI vagin. Grpahis ok gud. Iz like music StarWars! Is no leik play seam battl over and agin.. STUPAD! I no shld play game 8 ♥♥♥♥♥s strait while is 27 yrs old lives wit parenz. Total Skorrr: 7/3,"['Strategy', 'Star Wars', 'RTS', 'Sci-fi', 'Multiplayer', 'Space', 'Singleplayer', 'Moddable', 'Tactical', 'Action', 'Great Soundtrack', 'Mod', 'War', 'Classic', '4X', 'Co-op', 'Adventure', 'Simulation', 'Grand Strategy', 'Atmospheric']",Very Positive,Petroglyph,2,3,4,3,positivo
