username,user_id,title,text,tags,sentiment,developer,narrativa,jugabilidad,atmósfera,dificultad,tono_emocional
Wungle,76561198073092169,Templar Battleforce,ok,"['Strategy', 'Indie', 'RPG', 'Turn-Based Strategy', 'Turn-Based', 'Turn-Based Tactics', 'Tactical', 'Action', 'Sci-fi', 'Aliens', 'Mechs', 'Turn-Based Combat', 'Singleplayer', 'Perma Death', 'Character Customization', 'Atmospheric', 'Retro', 'Difficult', 'Rogue-like', 'Rogue-lite']",Overwhelmingly Positive,Trese Brothers,2,4,4,3,positivo
Tupinamba,76561198067189007,Templar Battleforce,Great game. As a tactical wargame. And as immersive story. I´m liking it way more than expected.,"['Strategy', 'Indie', 'RPG', 'Turn-Based Strategy', 'Turn-Based', 'Turn-Based Tactics', 'Tactical', 'Action', 'Sci-fi', 'Aliens', 'Mechs', 'Turn-Based Combat', 'Singleplayer', 'Perma Death', 'Character Customization', 'Atmospheric', 'Retro', 'Difficult', 'Rogue-like', 'Rogue-lite']",Overwhelmingly Positive,Trese Brothers,4,5,4,3,positivo
JDCollie,76561197994503917,Templar Battleforce,"Absolutely phenomenal turn based combat game. Templar Battleforce is a love letter to games like Space Hulk and the early days of X-COM. You play as a group of superhuman, genetically enhanced warriors who are protecting a newly colonized section of a vast interstellar empire. Imbued with the ancestoral memories of your templar ancestors, it is your duty to beat back the unreleting hordes (and they really are hordes) of Xenos scum looking to make a meal of you. Gameplay consists of top-down, turn based combat. You command a small squad of templars in a manner very similar to the original X-COM. Unlike your crysalid-bait rookies, (and more like Space Hulk) your templars have tremendously powerful skills and infinite ammo. The downside is that both abilities and weapons generate heat, as does movement, forcing you to pick which targets to kill, but to decide when as well. Overwatching a bridge swarming with xenos may provide excellent fire support, but the resulting weaponsfire may also overheat your critically toatsy templar. Also like Space Hulk, you are always completely and totally outnumbered in Templars Battleforce. Enemy reinforcements are infinite, and many battles are fighting advances or retreats against mounting waves of foes. This makes for some surprisingly intense combat, and will definitely give your grey matter a workout. Do you split your forces into two advancing teams to get to the objectives faster? Do you leave one behind at the beacon to wait for your own reinforcements? Do you hold at the beacon until you are at full strength and hope it is sufficient to beat back the mass of xenos that have arrived? The game also rewards quick mission times with greater experience, giving incentive to take risks. However, your troops are persistent, as is death. Don't spend your Templars unwisely. TLDR: If you're a fan of Space Hulk, X-Com, or Turn-based Strategy, you can't go wrong with Templars Battleforce.","['Strategy', 'Indie', 'RPG', 'Turn-Based Strategy', 'Turn-Based', 'Turn-Based Tactics', 'Tactical', 'Action', 'Sci-fi', 'Aliens', 'Mechs', 'Turn-Based Combat', 'Singleplayer', 'Perma Death', 'Character Customization', 'Atmospheric', 'Retro', 'Difficult', 'Rogue-like', 'Rogue-lite']",Overwhelmingly Positive,Trese Brothers,4,5,5,4,positivo
Dorque,76561197970683990,Templar Battleforce,"This is an indie gem you can't miss.  It is more fun than most of the actual licensed 40K games out there.  Interesting weapon choices, interesting class system, ""interesting"" art style :P, but most importantly it's good enough to make you stay up late to do just one last mission.  My ten hours so far is over just one weekend.  Games rarely hook me that hard.","['Strategy', 'Indie', 'RPG', 'Turn-Based Strategy', 'Turn-Based', 'Turn-Based Tactics', 'Tactical', 'Action', 'Sci-fi', 'Aliens', 'Mechs', 'Turn-Based Combat', 'Singleplayer', 'Perma Death', 'Character Customization', 'Atmospheric', 'Retro', 'Difficult', 'Rogue-like', 'Rogue-lite']",Overwhelmingly Positive,Trese Brothers,4,5,4,3,positivo
Lato,76561198007226198,Templar Battleforce,"""The Space Hulk alternative I've been desperate for."" I thought I would die of old age before someone made a RPG version of this! So points to the devs for actually giving the people what they wanted. I get my power armor and a big ♥♥♥♥ off sword so I am happy. But that intro text is too fast! Slow the text speed down a bit. 10/10 would tell Xeno's to ♥♥♥♥ off again","['Strategy', 'Indie', 'RPG', 'Turn-Based Strategy', 'Turn-Based', 'Turn-Based Tactics', 'Tactical', 'Action', 'Sci-fi', 'Aliens', 'Mechs', 'Turn-Based Combat', 'Singleplayer', 'Perma Death', 'Character Customization', 'Atmospheric', 'Retro', 'Difficult', 'Rogue-like', 'Rogue-lite']",Overwhelmingly Positive,Trese Brothers,4,5,5,4,positivo
valefor_sdad,76561198003381569,Templar Battleforce,"It is a Top ""Bless your weapons and Go"" moment. On Sale? get it for the ""strategery"".","['Strategy', 'Indie', 'RPG', 'Turn-Based Strategy', 'Turn-Based', 'Turn-Based Tactics', 'Tactical', 'Action', 'Sci-fi', 'Aliens', 'Mechs', 'Turn-Based Combat', 'Singleplayer', 'Perma Death', 'Character Customization', 'Atmospheric', 'Retro', 'Difficult', 'Rogue-like', 'Rogue-lite']",Overwhelmingly Positive,Trese Brothers,3,5,4,4,positivo
Quasi Z,76561198002540828,Templar Battleforce,"Definitely a must play for tactical turn based fans. At times it can be kind of clunky, and a little rough around the edges, but the game play is truly excellent, and in some areas superior to even XCOM. The setting is a distinctly compelling mix of Fading Suns, Battletech, BSG, 40K, and its own ideas. If you love unleashing the fanatical wrath of space marines then you're in for a treat. Only these Templar are larger than Terminators. They drive Heavy Gear sized warmachines that overheat and dwarf normal sized humans. One of the games strengths is how it plays with this size disparity. You start out battling giant aliens that are equal to you in size. So once you start fighting actual humans, they seem so utterly puny and fragile, you truly feel like an unstoppable juggernaut. Just be careful because some of those humans have access to rocket launchers... Missions offer a lot of variety, creativity, and clever design. Having played countless turn based tactical games, Templar Battleforce definitely sets a new standard in level design excellence. I'm tempted to list out all the epic and entertaining things to be encountered, but I don't want to spoil the thrill of discovering it for yourself. Let's just say, when I play a mission for the first time, I try to be prepared for everything, because it seems like just about anything could happen. Fun tactical concepts like area-based-overwatch, scanners, melee vs range, fog-of-war, heat sinks, turrets, stealth, overheating, ordance, and so much more, all help the 8 different classes feel unique. Even within a class you are offered a lot of meaningful customize between talents, attributes, and equipment. I held off buying this for a long time, but I'm so glad I took a chance on this one. It truly is a diamond in the rough and deserves all the praise.","['Strategy', 'Indie', 'RPG', 'Turn-Based Strategy', 'Turn-Based', 'Turn-Based Tactics', 'Tactical', 'Action', 'Sci-fi', 'Aliens', 'Mechs', 'Turn-Based Combat', 'Singleplayer', 'Perma Death', 'Character Customization', 'Atmospheric', 'Retro', 'Difficult', 'Rogue-like', 'Rogue-lite']",Overwhelmingly Positive,Trese Brothers,4,5,4,4,positivo
Dreiraben,76561197984039108,Templar Battleforce,"After first troubles with the game and a bad review due to errors that actually were errors on my end, I had to change the review. Its a great imersive game, it has WAY more depth and story to it than most triple A games these days. The mechanics are solid and there is enough variety in gameplay to sink hours and hours of play time into it. The game still has some minor issues and bugs, but nothing too severe.And the devs seem to be on it. After my initial bad review the devs took their time to create a video to show me what I was doing wrong, pretty sweet move. Can´t think of any other indie- or other developer that would to that, so thanks for that!","['Strategy', 'Indie', 'RPG', 'Turn-Based Strategy', 'Turn-Based', 'Turn-Based Tactics', 'Tactical', 'Action', 'Sci-fi', 'Aliens', 'Mechs', 'Turn-Based Combat', 'Singleplayer', 'Perma Death', 'Character Customization', 'Atmospheric', 'Retro', 'Difficult', 'Rogue-like', 'Rogue-lite']",Overwhelmingly Positive,Trese Brothers,5,4,5,3,positivo
Huggles `,76561197971640510,Templar Battleforce,"This should probably be one of the highest rated games on Steam. Probably. Good to see it's getting there :) In Templar Battleforce you basically play the captain of a Warhammer40k Space Marine company. Except it's not WH40k. The turn based combat requires a solid ammount of planning and is extremely fun and addictive. Between missions you can spend requisition points to upgrade your marines with cool equipment (including even ""relics"".. :)), new abilities, and even unlock new types of marines (berzerker assault, heavy weapons centurion style marine, etc). The story is ok, nothing spectacular. The graphics are obviously very rough, but it does nothing to reduce the charm of this spectacular game. Right after Xenonauts (the master of all indie turn-based tactical games on steam which you MUST have), this is probably the best. Also, tip: Use only scouts. They're the best, especially in the end-game. EDIT: Scratch that, use only neptunes with high pen. weaponry and scouts. Especially endgame.","['Strategy', 'Indie', 'RPG', 'Turn-Based Strategy', 'Turn-Based', 'Turn-Based Tactics', 'Tactical', 'Action', 'Sci-fi', 'Aliens', 'Mechs', 'Turn-Based Combat', 'Singleplayer', 'Perma Death', 'Character Customization', 'Atmospheric', 'Retro', 'Difficult', 'Rogue-like', 'Rogue-lite']",Overwhelmingly Positive,Trese Brothers,3,5,4,4,positivo
Atano,76561198038027462,Templar Battleforce,"A niche game with a great tactical gameplay, bad graphics and a boring story. Basicaly, if you're here to only make use of your brain, go for it because it is already a long game with new content incoming. If you want to get invested in the characters or stop playing to admire the planets, I think you should look somewhere else. This game is good at what it wants to do, and the few promblems may be corrected in future patches since the developpers keep on improving the game.","['Strategy', 'Indie', 'RPG', 'Turn-Based Strategy', 'Turn-Based', 'Turn-Based Tactics', 'Tactical', 'Action', 'Sci-fi', 'Aliens', 'Mechs', 'Turn-Based Combat', 'Singleplayer', 'Perma Death', 'Character Customization', 'Atmospheric', 'Retro', 'Difficult', 'Rogue-like', 'Rogue-lite']",Overwhelmingly Positive,Trese Brothers,2,4,3,4,positivo
chirulahr,76561198023892474,Templar Battleforce,"Get this game! I am very much into 40k and hands down this is one of the best ""Space Marine"" games I have ever played, actually the best one coming out for years! And, I can even play as a female character, something that would not be possible if it was real 40k. ;-) The amount of possible customisation for your hero and the squad are amazing! The game is also quite challenging, which made me to learn on the ""easy"" setting first after I kept dying on normal. Now what made me really appreciate this developer- the game crashed for me  and I send of a crash report. And when I open up steam the next day (!!!) I see that the developer got onto it OVER NIGHT and fixed the problem. Now this is what I call dedication. They also keep adding content! So, in the end you get very good value for money. The only real ""issue"" I have with the game- the music is really getting repetitive. I have seen other people mentioning this as well, but after I can see all these improvements going on all the time I am sure this will be fixed soon, too. So, get this game if you are into turn- based tactics, 40k, space marines, science fiction or just would like to play something that challenges your brain.","['Strategy', 'Indie', 'RPG', 'Turn-Based Strategy', 'Turn-Based', 'Turn-Based Tactics', 'Tactical', 'Action', 'Sci-fi', 'Aliens', 'Mechs', 'Turn-Based Combat', 'Singleplayer', 'Perma Death', 'Character Customization', 'Atmospheric', 'Retro', 'Difficult', 'Rogue-like', 'Rogue-lite']",Overwhelmingly Positive,Trese Brothers,4,5,4,4,positivo
LeoTehJester,76561197993797203,Templar Battleforce,"Very enjoyable tactical game. The first few missions are a little hand holdy, but you can skip some of the tutorial (better not to tho, explains a lot)","['Strategy', 'Indie', 'RPG', 'Turn-Based Strategy', 'Turn-Based', 'Turn-Based Tactics', 'Tactical', 'Action', 'Sci-fi', 'Aliens', 'Mechs', 'Turn-Based Combat', 'Singleplayer', 'Perma Death', 'Character Customization', 'Atmospheric', 'Retro', 'Difficult', 'Rogue-like', 'Rogue-lite']",Overwhelmingly Positive,Trese Brothers,3,4,4,3,positivo
splancer,76561198008322068,Templar Battleforce,"Good game and improving.  Balance is a strong point; on normal difficulty, you should win, but there is plenty of tension if you gamble and spread your team too thin.  Lots of options for each type of player and skill tree has a big impact on how you play your team.  For example, the scout can be a classic one-shot-one-kill sniper or you can kit out with poison and high speed.  Allowing re-spec on troops a big plus- you dont have to reload or start new campaign to try new tactics.  I do hope they make more faces for the troops.","['Strategy', 'Indie', 'RPG', 'Turn-Based Strategy', 'Turn-Based', 'Turn-Based Tactics', 'Tactical', 'Action', 'Sci-fi', 'Aliens', 'Mechs', 'Turn-Based Combat', 'Singleplayer', 'Perma Death', 'Character Customization', 'Atmospheric', 'Retro', 'Difficult', 'Rogue-like', 'Rogue-lite']",Overwhelmingly Positive,Trese Brothers,3,4,4,4,positivo
Tornadobutt,76561198044775200,Templar Battleforce,"Good concept but - UI is clunky and unintuitive. - Animations run tad too slow for my taste, and it all adds up to a slower-than-desirable pace. Seems like very nitpicky points (perhaps they are) but they're important in tactical games like these so that you spend less time and effort using the UI and waiting for turns to happen and more time strategizing. Edited after response from developer.","['Strategy', 'Indie', 'RPG', 'Turn-Based Strategy', 'Turn-Based', 'Turn-Based Tactics', 'Tactical', 'Action', 'Sci-fi', 'Aliens', 'Mechs', 'Turn-Based Combat', 'Singleplayer', 'Perma Death', 'Character Customization', 'Atmospheric', 'Retro', 'Difficult', 'Rogue-like', 'Rogue-lite']",Overwhelmingly Positive,Trese Brothers,3,2,4,4,neutral
m16Ashigaru,76561198041686787,Templar Battleforce,"What I wanted Space Hulk / Alien Assault to be. Perfect elite space marine game. Want more of this. I want sequels with chaos, orcs, necrons and so on. Realy climatic game with good gameplay. And it comes from a guy who still has urges to play dawn of war: dark crusade / soulstorm.","['Strategy', 'Indie', 'RPG', 'Turn-Based Strategy', 'Turn-Based', 'Turn-Based Tactics', 'Tactical', 'Action', 'Sci-fi', 'Aliens', 'Mechs', 'Turn-Based Combat', 'Singleplayer', 'Perma Death', 'Character Customization', 'Atmospheric', 'Retro', 'Difficult', 'Rogue-like', 'Rogue-lite']",Overwhelmingly Positive,Trese Brothers,4,5,5,4,positivo
knegrum,76561198058855508,Templar Battleforce,"This is a turn-based squad tactics game.  There is an Andoid App with the same base rules, but the PC version has been extended with more missions, equipment and skills to choose from. It plays like the old Space Crusade tabletop game, in a similar universe. That means your opponents are aliens (mostly melee-based) and sometimes their loyal followers (with guns). Your templars gain levels and aquire new skills, and they can be respec'ed to try other builds. Classes range from melee and scouts to grunts and heavy weapon troopers, and your commander. The game has several difficulty levels, and the AI can be pretty tough to beat in some scenarios. Graphics are on the basic side, the sound, too. But it's fun and it's turn-based. So if you're looking for a board game clone, check out the Android App and give the PC version a try if you liked it.","['Strategy', 'Indie', 'RPG', 'Turn-Based Strategy', 'Turn-Based', 'Turn-Based Tactics', 'Tactical', 'Action', 'Sci-fi', 'Aliens', 'Mechs', 'Turn-Based Combat', 'Singleplayer', 'Perma Death', 'Character Customization', 'Atmospheric', 'Retro', 'Difficult', 'Rogue-like', 'Rogue-lite']",Overwhelmingly Positive,Trese Brothers,3,4,3,4,positivo
Lamorah,76561198013203874,Templar Battleforce,"Overclocked my old Fx-6300 to 4.5 Ghz, bought a new Radeon Rx580 8 Gb, upgraded RAM to 16 Gigs, swapped my monitor with a 28"" 4K one, ready for AAA titles at last. But wait ! Hmm, what is this Indie Turn Based RPG on my Discovery Queue, seems interesting enough. I remember saying that ""AAA games with 100 hours of play time can wait for a few days"". That was a month ago! This game is a little gem tbh, I got hooked up in a few hours. So much detail, 4k resolution support (which is a must after all the trouble I got in), sleek combat system, innovative game mechanics, great character customisation, diffrent classes for different missions and various tactics, very fun to play, captivating story. Better that most of the TBS WARHAMMER 40K or the likes of 40K games out there. I am just amazed by the depth and content it has, considering the price tag. After finishing a playthrough some of us will surely visit it again some time, just to try different classes with different setups and talents. I was honestly expecting around 15 hours of game play at most. It offers twice as much easily, and that time is surely to be considered well spent.","['Strategy', 'Indie', 'RPG', 'Turn-Based Strategy', 'Turn-Based', 'Turn-Based Tactics', 'Tactical', 'Action', 'Sci-fi', 'Aliens', 'Mechs', 'Turn-Based Combat', 'Singleplayer', 'Perma Death', 'Character Customization', 'Atmospheric', 'Retro', 'Difficult', 'Rogue-like', 'Rogue-lite']",Overwhelmingly Positive,Trese Brothers,5,5,5,4,positivo
Ser Kezian,76561198008778914,Templar Battleforce,A simple story but well thought out missions that are challenging. There's a good mix of RPG team building and enough variety to make all your team members look different. I'm very strongly reminded of Warhammer 40K which is a very good thing since I'm a collector. I do recommend this game as you get a lot of content for the price.,"['Strategy', 'Indie', 'RPG', 'Turn-Based Strategy', 'Turn-Based', 'Turn-Based Tactics', 'Tactical', 'Action', 'Sci-fi', 'Aliens', 'Mechs', 'Turn-Based Combat', 'Singleplayer', 'Perma Death', 'Character Customization', 'Atmospheric', 'Retro', 'Difficult', 'Rogue-like', 'Rogue-lite']",Overwhelmingly Positive,Trese Brothers,3,4,4,4,positivo
Ludeman,76561197979260961,Templar Battleforce,Another game I wish Steam had a sideways thumb.  Not bad at all but not very compelling to keep playing either.  Puzzle like levels that will always have your units at the wrong place on the map. Also the bland generic levels just seems to drag this otherwise great game down a few points. I give it a 3 out of 5,"['Strategy', 'Indie', 'RPG', 'Turn-Based Strategy', 'Turn-Based', 'Turn-Based Tactics', 'Tactical', 'Action', 'Sci-fi', 'Aliens', 'Mechs', 'Turn-Based Combat', 'Singleplayer', 'Perma Death', 'Character Customization', 'Atmospheric', 'Retro', 'Difficult', 'Rogue-like', 'Rogue-lite']",Overwhelmingly Positive,Trese Brothers,2,3,2,3,neutral
telamiina,76561198007215017,Templar Battleforce,Cheap and old looking.... And superb turnbased strategy with nice Spacehulk thing going on and huge character progress tree! It is a good game if you like the genre. Missions are also quite nice and have well done lines on it. You know that hero stuff.,"['Strategy', 'Indie', 'RPG', 'Turn-Based Strategy', 'Turn-Based', 'Turn-Based Tactics', 'Tactical', 'Action', 'Sci-fi', 'Aliens', 'Mechs', 'Turn-Based Combat', 'Singleplayer', 'Perma Death', 'Character Customization', 'Atmospheric', 'Retro', 'Difficult', 'Rogue-like', 'Rogue-lite']",Overwhelmingly Positive,Trese Brothers,4,5,4,3,positivo
YoshiRider,76561198120650301,Tesla Effect: A Tex Murphy Adventure,"The (almost) perfect game. Awesome story, brilliant characters, well-balanced puzzles, multiple endings and with a lot of sarcasm, irony and movie references a huge cherry on top. The mix of video scenes and video game is so much better than what Telltale or anyone else produces these days. In my opinion only the slight touch of splatter at the end is unnecessary. But other than that, playing this game is pure joy and equally good as legends such as Monkey Island or Day of Tentacle.","['Adventure', 'FMV', 'Detective', 'Noir', 'Comedy', 'Cyberpunk', 'Indie', 'Mystery', 'Story Rich', 'Sci-fi', 'Point & Click', 'Kickstarter', 'Puzzle', 'Funny', 'First-Person', 'Great Soundtrack', 'Atmospheric', 'Multiple Endings', 'Dystopian', 'Retro']",Very Positive,Big Finish Games,5,5,5,3,positivo
JojoTheSlayer,76561197970616511,Tesla Effect: A Tex Murphy Adventure,"Never played any of the other Tex Murphy games, but I still enjoyed this game way more than I thought I would. The game is similar to games of this type made before, but for younger gamers I would say you might enjoy this if you enjoy any of the first person Sherlock Holmes games. That said, dont expect good graphics or advnaced animations, but the story is good fun and interesting on serveral levels until the end. Its actually a good adventure game.","['Adventure', 'FMV', 'Detective', 'Noir', 'Comedy', 'Cyberpunk', 'Indie', 'Mystery', 'Story Rich', 'Sci-fi', 'Point & Click', 'Kickstarter', 'Puzzle', 'Funny', 'First-Person', 'Great Soundtrack', 'Atmospheric', 'Multiple Endings', 'Dystopian', 'Retro']",Very Positive,Big Finish Games,4,3,4,2,positivo
Galious,76561198050169004,Tesla Effect: A Tex Murphy Adventure,"I love the idea of this game.  The story and the actors made this game work.   I highly recommend it, you will definitly have fun and ask for more.","['Adventure', 'FMV', 'Detective', 'Noir', 'Comedy', 'Cyberpunk', 'Indie', 'Mystery', 'Story Rich', 'Sci-fi', 'Point & Click', 'Kickstarter', 'Puzzle', 'Funny', 'First-Person', 'Great Soundtrack', 'Atmospheric', 'Multiple Endings', 'Dystopian', 'Retro']",Very Positive,Big Finish Games,5,4,5,2,positivo
✄Mr. Meowgi©✄,76561198042333797,Tesla Effect: A Tex Murphy Adventure,"Its a corny detective game, from the time  ive played, its very enjoyable.","['Adventure', 'FMV', 'Detective', 'Noir', 'Comedy', 'Cyberpunk', 'Indie', 'Mystery', 'Story Rich', 'Sci-fi', 'Point & Click', 'Kickstarter', 'Puzzle', 'Funny', 'First-Person', 'Great Soundtrack', 'Atmospheric', 'Multiple Endings', 'Dystopian', 'Retro']",Very Positive,Big Finish Games,3,4,4,2,positivo
Old Man 678,76561197970728391,Tesla Effect: A Tex Murphy Adventure,"First and foremost, welcome back Tex!!! I have missed you!! Been 16 years I have been waiting to find out what happened to Tex and Chelsea at the end of Overseer and I never thought I would see another game after Microsoft bought out Access Software and pretty much killed it all. But here we are and those questions have been answered. For any Tex Murphy fan, this is a must have. Is it tough seeing him aged?? Yes. Is this game as groundbreaking as the games he released in the 90's. No. But this game is still a blast. The graphics aren't spetacular, but they are solid and the  cutscenes are excellent. The same Tex wit we were used to then is still present in this game and i found myself laughing throughout the game. And the host of co-start is also present here just like in the all the other games. There are also many items throughout the game that u click that takes you back to the old games and shows you clips from those games as well. This game also brings back many characters from those older games and keeps the nostalgia going, making this feel like old times. Some of the puzzles are quite complicated and there is very little direction as to what you are supposed to do, but eventually, it can be figured out and solved. Most of the puzzles are very cool and the game continues to move at a fairly quick pace. But be sure to search and click on everything you can find because there are several little gems to be found that are absolutely hilarious. When the game ended, there was alot of hope that this would not be the last, and I hope that is the case. There is alot left in the series as far as I am concerned and I hope to enjoy a couple of more games before they call it quits. Thanks Chris Jones and Adrian Carr for keeping Tex alive and please don't give up. there are hardocre fans out there who have been waiting for this and will suppport you as much as we can. . Until then, I have this game, and if you don't have it (especially you Tex fans), get it. Nice price for an excellent challenging game.","['Adventure', 'FMV', 'Detective', 'Noir', 'Comedy', 'Cyberpunk', 'Indie', 'Mystery', 'Story Rich', 'Sci-fi', 'Point & Click', 'Kickstarter', 'Puzzle', 'Funny', 'First-Person', 'Great Soundtrack', 'Atmospheric', 'Multiple Endings', 'Dystopian', 'Retro']",Very Positive,Big Finish Games,5,4,4,3,positivo
xmaster13ag,76561198103346917,Tesla Effect: A Tex Murphy Adventure,"""Tesla Effect: A Tex Murphy Adventure"" - This is a sequel to the cult series of the detective adventure games of the 90's. + Exellent mix of noir and cyberpunk atmosphere. + Interesting detective storyline with different endings. + Great humor, black humor. + An amazing play of actors, especially Tex. + Fantastic music! + Good video graphics. - Outdated 3D graphics. P.S. F**k, I finished the game with a fat transvestite as a reward. Now I need to replay the game to calm down... :) 8/10","['Adventure', 'FMV', 'Detective', 'Noir', 'Comedy', 'Cyberpunk', 'Indie', 'Mystery', 'Story Rich', 'Sci-fi', 'Point & Click', 'Kickstarter', 'Puzzle', 'Funny', 'First-Person', 'Great Soundtrack', 'Atmospheric', 'Multiple Endings', 'Dystopian', 'Retro']",Very Positive,Big Finish Games,4,4,5,2,positivo
Ripfin,76561198026912876,Tesla Effect: A Tex Murphy Adventure,The name says it all.,"['Adventure', 'FMV', 'Detective', 'Noir', 'Comedy', 'Cyberpunk', 'Indie', 'Mystery', 'Story Rich', 'Sci-fi', 'Point & Click', 'Kickstarter', 'Puzzle', 'Funny', 'First-Person', 'Great Soundtrack', 'Atmospheric', 'Multiple Endings', 'Dystopian', 'Retro']",Very Positive,Big Finish Games,3,4,4,2,positivo
Saturna,76561198012003855,Tesla Effect: A Tex Murphy Adventure,"This is a great follow up to the previous games. There are a lot of call backs to its forerunners that fans of the series will definitely enjoy. The game has pretty poor quality textures, graphics, etc. which is par for the course when it comes to a Tex Murphy game. Most of the budget goes towards green screen work, actors, voice talent, and music. As is normal for the FMV genre of game, the acting and dialogue is cheesy, but the plot and characters are interesting and engaging. Definitely worth playing if you're a fan of the series.","['Adventure', 'FMV', 'Detective', 'Noir', 'Comedy', 'Cyberpunk', 'Indie', 'Mystery', 'Story Rich', 'Sci-fi', 'Point & Click', 'Kickstarter', 'Puzzle', 'Funny', 'First-Person', 'Great Soundtrack', 'Atmospheric', 'Multiple Endings', 'Dystopian', 'Retro']",Very Positive,Big Finish Games,4,3,4,2,positivo
Always Angry,76561198042130595,Tesla Effect: A Tex Murphy Adventure,"Disclaimer: This is the first Tex Murphy game I've played. Before this game I knew nothing of the character. This is a difficult game to review. When I started, I found it rather poor. As I played it, I began to enjoy it. Overall, it isn't a good game... but the story and comedy make it worthwhile. This isn't so much a game as it is an interactive movie. Most of the game is watching cutscenes. During most scenes you'll get several chances to choose your dialog. Much like Bioware games, you'll get 3 dialog options. Unlike Bioware, it isn't good/evil/neutral. Instead it's vague/vague/vague. Instead of getting options like, ""I don't know what you are talking about"" you get ""be cool"". In fact, almost all options are 1-3 words. I often find myself being mislead by them. If you get an option like ""be cool"", there's no telling what will happen. Tex might make a calm statement. Then again, he might make a sarcastic comment. He could even become defensive and tell some to ""be cool"". You never really know. The other problem with the dialog choices is that it often seemed like Tex, and whoever he talked to, were having two completely different conversations. The characters' reactions to Tex frequently didn't match the mood of the discourse. When you aren't watching cutscenes, you're walking around looking for things to click on. If you play on the easy (casual) setting, you'll get hints and clickable objects will sparkle. If you play on normal (gamer), you don't get either of those. That's the only difference. Without the sparkle, some of the objects are difficult to find. While playing I sometimes wouldn't know what to do. All I could do was walk around looking for things to click upon. Some objects, when clicked, will load a cutscene from a past Tex Murphy game. I guess these are supposed to be fun easter eggs... But I've never played a Tex Murphy game before. Most of them have nothing to do with the plot of Tesla Effect. For me, they seem random and out-of-place. The strangest part is that many of these objects are found simply lying in the street. This game is set 7 years after Tex's last adventure. Why are these objects just sitting outside? Why would a guy hiding from the NSA leave an ID of the NSA officer he escaped... ?! This makes no sense. He might as well put a sign outside that reads, ""Come arrest me"". Themematically, the game is full of contradictions. At times, Tex is serious. During these times the story seems very much ""detective noir"". That never lasts long. There's lots of slap-stick and wacky characters. A lot of effort went into giving the appearance that the game takes place in the 1940's. However, the game is set in the future of 2050. So you have people that look/act as if they are from the 1940's, but also sci-fi technology stuff. I don't understand it, but the characters make it fun. The acting ranges from passable to terrible. Surprisingly, the best acting isn't from Tex's actor. Instead it's two bit characters. One is severely handicapped and confined to a wheelchair. The other is a 7'4"" transexual. These two actors took their roles seriously, even though both are ridiculous. Their dialog seems genuine and believable. The biggest problem I had with the game was bugs. I found ways to jump ahead in the story several times. I often triggered dialog that would assume that I already knew certain things. Which would reveal facts I had no way of knowing. Once this happened, I didn't need to do as much to advance the story, but it was also confusing. To sumarize, the game isn't that great, but the story is. There are many flaws, but there's something good in there. Totally worthwhile... but I wouldn't recommend paying full price.","['Adventure', 'FMV', 'Detective', 'Noir', 'Comedy', 'Cyberpunk', 'Indie', 'Mystery', 'Story Rich', 'Sci-fi', 'Point & Click', 'Kickstarter', 'Puzzle', 'Funny', 'First-Person', 'Great Soundtrack', 'Atmospheric', 'Multiple Endings', 'Dystopian', 'Retro']",Very Positive,Big Finish Games,4,2,3,2,neutral
Kit the Kat™,76561198009876564,Tesla Effect: A Tex Murphy Adventure,"Great game : good music , story, gfx are pretty good. I enjoyed the 1st person exploration more than the puzzles. But the fact that there are live actors as the character's makes this game very special. I hope they make more games in this style.","['Adventure', 'FMV', 'Detective', 'Noir', 'Comedy', 'Cyberpunk', 'Indie', 'Mystery', 'Story Rich', 'Sci-fi', 'Point & Click', 'Kickstarter', 'Puzzle', 'Funny', 'First-Person', 'Great Soundtrack', 'Atmospheric', 'Multiple Endings', 'Dystopian', 'Retro']",Very Positive,Big Finish Games,4,4,5,3,positivo
psyGressiw,76561198056067759,Tesla Effect: A Tex Murphy Adventure,"This one should've been a Telltale game. Excellent wrtiting, characters and acting, sadly spoiled by some pixel hunting. Easily recommended if you dig the style.","['Adventure', 'FMV', 'Detective', 'Noir', 'Comedy', 'Cyberpunk', 'Indie', 'Mystery', 'Story Rich', 'Sci-fi', 'Point & Click', 'Kickstarter', 'Puzzle', 'Funny', 'First-Person', 'Great Soundtrack', 'Atmospheric', 'Multiple Endings', 'Dystopian', 'Retro']",Very Positive,Big Finish Games,5,3,4,2,positivo
Mandrake42,76561197970887820,Tesla Effect: A Tex Murphy Adventure,"The Tesla Effect sees the return of fan favourite detective, Tex Murphy for the first time in years. The last game ended on something of a cliff hanger so it was a long wait to find out what happened. The game is a real throwback to the days when FMV was considered the future, and we all saw how that turned out. Even at the time though the Tex Murphy games stood out for having way better than average stories and really solid adventure game puzzling. Tex is basically your stereotypical hard boiled detective straight out of a 1940's detective film, only living in a futuristic dystopia version of San Francisco, complete with flying cars and hideous mutants. Part of the reason that the old games succeeded so well was that the actors revelled in hamming up their roles and chewing the scenery. The games for the most part, don't take themselves too seriously and there is plenty of humour. That said, Tex himself is a likeable guy and he ends up in pretty dark situations that despite their over the top nature, you actually care about the outcome of, simply because Tex is such a fun lead character. The game itself is very solid, in between FMV scenes where you will converse with characters in the usual ""pick a menu option for what you want to say"" style, you wander around in a 3D world, finding clues, looking for items and solving puzzles. The FMV is as fun and campy as ever, though your mileage may vary. The actual 3D itself looks pretty dated, with low poly count models and so so textures. It does the job though and the plot and puzzles carry it. If you are a fan of the originals you probably already own this, if not you should definitely pick it up as it captures the spirit of the originals. I still don't think its as great as my favourite entry, The Pandora Directive, its still a welcome return of a beloved character. If you aren't a fan, this is a solid puzzle based adventure game. Watch one of the trailers to see whether you are going to like the FMV bits or not, but honestly, the grow on you. Recommended 7.5/10 Edit: Oh, I got the really sucky ending somehow. I ended up having to watch the good ending online.","['Adventure', 'FMV', 'Detective', 'Noir', 'Comedy', 'Cyberpunk', 'Indie', 'Mystery', 'Story Rich', 'Sci-fi', 'Point & Click', 'Kickstarter', 'Puzzle', 'Funny', 'First-Person', 'Great Soundtrack', 'Atmospheric', 'Multiple Endings', 'Dystopian', 'Retro']",Very Positive,Big Finish Games,4,4,3,3,positivo
Kageshi,76561197999088229,Tesla Effect: A Tex Murphy Adventure,i loved every bit of it.,"['Adventure', 'FMV', 'Detective', 'Noir', 'Comedy', 'Cyberpunk', 'Indie', 'Mystery', 'Story Rich', 'Sci-fi', 'Point & Click', 'Kickstarter', 'Puzzle', 'Funny', 'First-Person', 'Great Soundtrack', 'Atmospheric', 'Multiple Endings', 'Dystopian', 'Retro']",Very Positive,Big Finish Games,5,5,5,2,positivo
Harlequin of Hate,76561198031530121,Tesla Effect: A Tex Murphy Adventure,Tex Gets His Mojo On or Dial M for Moron Just like the original Tex Murphy games but it completely fills up my 3440x1440 screen and I can use the WASD keys and mouse to move around just like in a modern day shooter.,"['Adventure', 'FMV', 'Detective', 'Noir', 'Comedy', 'Cyberpunk', 'Indie', 'Mystery', 'Story Rich', 'Sci-fi', 'Point & Click', 'Kickstarter', 'Puzzle', 'Funny', 'First-Person', 'Great Soundtrack', 'Atmospheric', 'Multiple Endings', 'Dystopian', 'Retro']",Very Positive,Big Finish Games,4,5,4,2,positivo
gusbaker,76561198025836644,Tesla Effect: A Tex Murphy Adventure,"I adored the old Tex Murphy games, and really wanted to like this one. The first half of the game is great, but the second half is bogged down with a storyline that just gets more and more convoluted and confusing, topped off with everything that was bad about 90's PC adventure games...mazes with invisible instant death monsters patrolling...and trial-and-error puzzles that defy any logic.","['Adventure', 'FMV', 'Detective', 'Noir', 'Comedy', 'Cyberpunk', 'Indie', 'Mystery', 'Story Rich', 'Sci-fi', 'Point & Click', 'Kickstarter', 'Puzzle', 'Funny', 'First-Person', 'Great Soundtrack', 'Atmospheric', 'Multiple Endings', 'Dystopian', 'Retro']",Very Positive,Big Finish Games,3,2,4,4,negativo
Rolepole,76561197999470590,Tesla Effect: A Tex Murphy Adventure,"If you played Overseer this is pretty well a must play. They have done a wonderful job at retaining the style and updating the visual quality.  The design is great, the puzzles are reasonably good, the story is rich, the dialogue is interesting.  If you never played the originals, or are tiring of the point and click format, you are probably better off sticking with your favourite genre, or trying some of the alternative games such as Miasmata or Life is Strange which stretch the genre much more creatively.","['Adventure', 'FMV', 'Detective', 'Noir', 'Comedy', 'Cyberpunk', 'Indie', 'Mystery', 'Story Rich', 'Sci-fi', 'Point & Click', 'Kickstarter', 'Puzzle', 'Funny', 'First-Person', 'Great Soundtrack', 'Atmospheric', 'Multiple Endings', 'Dystopian', 'Retro']",Very Positive,Big Finish Games,4,4,4,3,positivo
Gogi,76561198109669131,Tesla Effect: A Tex Murphy Adventure,Awesome adventure game,"['Adventure', 'FMV', 'Detective', 'Noir', 'Comedy', 'Cyberpunk', 'Indie', 'Mystery', 'Story Rich', 'Sci-fi', 'Point & Click', 'Kickstarter', 'Puzzle', 'Funny', 'First-Person', 'Great Soundtrack', 'Atmospheric', 'Multiple Endings', 'Dystopian', 'Retro']",Very Positive,Big Finish Games,4,5,5,3,positivo
groovieknave,76561198027209660,Tesla Effect: A Tex Murphy Adventure,"Fun game, very old school, funny and entertaining... hard to get around though, not insanely impossible it's just not all that fun to move around. I don't like exploring in the game, but I do enjoy the FMV and humor. It's a game for the old school gamers.","['Adventure', 'FMV', 'Detective', 'Noir', 'Comedy', 'Cyberpunk', 'Indie', 'Mystery', 'Story Rich', 'Sci-fi', 'Point & Click', 'Kickstarter', 'Puzzle', 'Funny', 'First-Person', 'Great Soundtrack', 'Atmospheric', 'Multiple Endings', 'Dystopian', 'Retro']",Very Positive,Big Finish Games,4,3,4,2,positivo
Metro,76561198010864832,Tesla Effect: A Tex Murphy Adventure,Bundle fodder is the appropriate resting place for this little nostalgia trip.  As much as I loved the Tex Murphy games of old this pales in comparison.  Tesla Effect is a semi-interactive movie with little in the way of actual puzzles and investigation short of tedious hidden object vignettes and overly simplistic logic games.  Go find an antiquated copy of Mean Streets and play that instead unless you're desperate for a charming B-movie fix.,"['Adventure', 'FMV', 'Detective', 'Noir', 'Comedy', 'Cyberpunk', 'Indie', 'Mystery', 'Story Rich', 'Sci-fi', 'Point & Click', 'Kickstarter', 'Puzzle', 'Funny', 'First-Person', 'Great Soundtrack', 'Atmospheric', 'Multiple Endings', 'Dystopian', 'Retro']",Very Positive,Big Finish Games,2,1,3,1,negativo
Jambon,76561198006384532,Tesla Effect: A Tex Murphy Adventure,Coming in as someone that's never played the other Tex Murphy games I can say this was an abolsutely wonderful experiance! And I'm going to play the others because of it.,"['Adventure', 'FMV', 'Detective', 'Noir', 'Comedy', 'Cyberpunk', 'Indie', 'Mystery', 'Story Rich', 'Sci-fi', 'Point & Click', 'Kickstarter', 'Puzzle', 'Funny', 'First-Person', 'Great Soundtrack', 'Atmospheric', 'Multiple Endings', 'Dystopian', 'Retro']",Very Positive,Big Finish Games,5,5,5,3,positivo
Harven,76561198031075431,The Age of Decadence,Low reward quests and unbalanced enemies to fight does not make an RPG hardcore.  The game does offer some wonderful dialogue options but when it comes to combat - the controls are clunky and the enemies are so overtuend that you may as well not make combat an option in any encounter.  I understand what the developers were going for but I think they missed their mark.,"['RPG', 'Turn-Based', 'Indie', 'Turn-Based Combat', 'Post-apocalyptic', 'Tactical', 'Story Rich', 'Choices Matter', 'Fantasy', 'Isometric', 'Singleplayer', 'Alternate History', 'CRPG', 'Rome', 'Atmospheric', 'Difficult', 'Dark Fantasy', 'Adventure', 'Open World']",Very Positive,Iron Tower Studio,4,2,4,3,negativo
Sobriquet,76561198025259518,The Age of Decadence,"Great game, especially for the price, highly recommended. Happily play through half a dozen times to try different characters and story lines. James Dudding.","['RPG', 'Turn-Based', 'Indie', 'Turn-Based Combat', 'Post-apocalyptic', 'Tactical', 'Story Rich', 'Choices Matter', 'Fantasy', 'Isometric', 'Singleplayer', 'Alternate History', 'CRPG', 'Rome', 'Atmospheric', 'Difficult', 'Dark Fantasy', 'Adventure', 'Open World']",Very Positive,Iron Tower Studio,4,5,4,3,positivo
Outlaw,76561198056993739,The Age of Decadence,"I could actually mistake this for an old game in the same vein as the original fallout--and did at first, since I didn't read much of the description before buying it on sale because it had been on my wishlist. It does have many of the same positives and negatives of that breed of game, and I love it for all of them. While the game is a little short, it has a ton of replayability and choices actually do affect your route in a significant way. This can lead to you unintentionally screwing yourself down the line, but it's rarely such a screw-over that you have to restart from scratch. The lore is engaging and the low-fi in-game art is paired with exceptional profile portraits and solid writing. I got truly lost in the world. My only real beef is the occasional typo, but I can see how that could happen with so much text. tl;dr: it's like fallout: nv if Caesar won, but also there's a little elder scrolls in there","['RPG', 'Turn-Based', 'Indie', 'Turn-Based Combat', 'Post-apocalyptic', 'Tactical', 'Story Rich', 'Choices Matter', 'Fantasy', 'Isometric', 'Singleplayer', 'Alternate History', 'CRPG', 'Rome', 'Atmospheric', 'Difficult', 'Dark Fantasy', 'Adventure', 'Open World']",Very Positive,Iron Tower Studio,5,4,5,4,positivo
Godsdemon,76561197970456109,The Age of Decadence,This game is good IF : you like to read walls of text you like to readjust the camera angle all the time you like randomly losing over and over I'm glad I bought it on sale dirt cheap. I would have been very upset if I paid full price.,"['RPG', 'Turn-Based', 'Indie', 'Turn-Based Combat', 'Post-apocalyptic', 'Tactical', 'Story Rich', 'Choices Matter', 'Fantasy', 'Isometric', 'Singleplayer', 'Alternate History', 'CRPG', 'Rome', 'Atmospheric', 'Difficult', 'Dark Fantasy', 'Adventure', 'Open World']",Very Positive,Iron Tower Studio,3,2,4,4,neutral
Blackadar,76561198007300752,The Age of Decadence,"It's difficult for me to give this game a thumbs down. It has most everything I want in a RPG. As another reviewer posted: Difficult, deadly combat? Check No way to complete everything in one sitting? Check Story with multiple angles and endings? Check Realistic low-fantasy setting? Check Wonderful! Except...I found the gameworld lifeless. Absolutely dead. I found relatively few quests in AoD in the first two hours, instead being ported to a couple of quest locations and wandering around the rest of the time looking for something to do. The combat seemed fine - though not too challenging on my Praetor spear warrior - but I simply wasn't engaged. I killed some bandits. I killed some ruffians. I had one significant decision - whether or not to kill someone my Lord sent me to fetch - but beyond that there was little to do. The lore, what my character experienced of it, seemed promising but there wasn't enough to get much of a feel. I think my challenge with AoD - and the reason I returned it - was because it attempted to provide multiple playthroughs your character is so limited that the element of choice is removed. It's the old adage that if you have a hammer, everything in the world looks like a nail. Because you have to min max your character you are shoehorned into one solution. I built my character to succeed in combat. Therefore, the game has determined that I MUST pursue a combat-oriented solution to every problem. That's not role playing. That's being dicated to by the game design and there's a big difference. At least that was my impression in the first two hours. I hit that critcial point - continue or bail out - and I decided that even at 75% off that I really didn't want to continue. I wasn't engaged. The systems were nice - combat was challenging, nice crafting options, etc. - but I felt it to be less than the sum of its parts. Now maybe it gets more engaging later. Maybe it opens up for players down the road. But I wasn't feeling it enough to want to give it that chance. So in my view, this game is a thumbs down.","['RPG', 'Turn-Based', 'Indie', 'Turn-Based Combat', 'Post-apocalyptic', 'Tactical', 'Story Rich', 'Choices Matter', 'Fantasy', 'Isometric', 'Singleplayer', 'Alternate History', 'CRPG', 'Rome', 'Atmospheric', 'Difficult', 'Dark Fantasy', 'Adventure', 'Open World']",Very Positive,Iron Tower Studio,3,2,1,4,negativo
Grendel,76561197990766081,The Age of Decadence,"Deep RPG where you can go completely non combat and be a merchant or loremaster, alchemist, whatever you want basically.  Combat is brutal, as in difficult and you're given plenty of chances to die.  People will scam you and betray you and you get a sense of real danger in this Romanesque apocalyptic setting.  There are lots of conversation options and branching paths, its an easy game to immerse yourself in and has high replayability with all the classes and different ways to approach the game. It is not an easy game and you are not the typical RPG hero...which makes you feel more vulnerable and like the world is more real, like you have to rely on your wits to survive and every choice you make actually matters.  You pretty much have to enjoy reading and storytelling to enjoy this game properly.  There is alot of text and depth to it, which is a good thing because its done well.","['RPG', 'Turn-Based', 'Indie', 'Turn-Based Combat', 'Post-apocalyptic', 'Tactical', 'Story Rich', 'Choices Matter', 'Fantasy', 'Isometric', 'Singleplayer', 'Alternate History', 'CRPG', 'Rome', 'Atmospheric', 'Difficult', 'Dark Fantasy', 'Adventure', 'Open World']",Very Positive,Iron Tower Studio,5,4,5,4,positivo
Clint Eastwood,76561198027117855,The Age of Decadence,"Tired of being unable to get a consistent group of people together for D&D? You may still be alone, but now you have the closest thing to a good AI DM (dungeon master) that you can find. No this game is not set in the D&D universe, but I would compare it to any classic pen and paper/tabletop RPG. Your choices have a true impact on the story, and the story itself is lore-rich and enticing. One of my favorite aspects of the game is its pacing: the style and means by which they execute story sequences is masterful. It is hard to explain in words, but basically there are sequences where you jump from one scene to another. You may encounter combat, or you may manage to avoid it entirely. Through focusing on the right skills (and a bit of save scumming), I managed to get through everything while avoiding combat and killing others. The shame is that I really enjoy the combat, it's just the character I've been playing avoids it at all costs (a diplomatic loremaster of sorts). Time to truly be ANYTHING! You want to be a merchant? Go ahead! There is such a plethora of approaches that one could take to playing this game, each as satisfying and unique as the last. Some people may complain about the graphics, but I really don't mind them. This game has me so immersed that I don't worry about things like whether or not the graphics could be better. Overall I would give this game a 9.5/10. While it would be a welcome addition to see all of this with reworked graphics/animations, the game as a whole is very solid. The event sequences are perhaps my favorite aspect of the game, as they are reminiscent of a good DM keeping pace with the story's progression. Even the combat animations are surprisingly well done. The story is outstanding, and the choices one makes are markedly meaningful. The game offers what seems to be a large game world, allowing you to travel to the locations that you have discovered. I look forward to discovering what other sorts of secrets the game has in store, but thus far I am loving it! There is another game based off of the same lore called Dungeon Rats (I believe that's the title). I will probably check that out as well, while it seems more combat focused, the addition of group play is welcome. For now, I shall be exploring and challenging myself in AoD. I would put this right up there alongside one of my other favorite games at this time: Kenshi. They are different games, but I enjoy both greatly. I simply need to spend more time on AoD, idk why I hadn't played this game more! TLDR: Great game that accomodates for numerous playstyles (like a tabletop RPG), would recommend! 9.5/10! P.S. Devs, PLEASE make some sort of DM mode! The pacing of event sequencing that AoD allows for is perfect for such things! Or make a new game that involves a DM mode, perhaps in Dungeon Rats? Either way the lore is unique and rich enough that people would surely relish the opportunity to create stories in the AoD setting! Thank you, amazing game!","['RPG', 'Turn-Based', 'Indie', 'Turn-Based Combat', 'Post-apocalyptic', 'Tactical', 'Story Rich', 'Choices Matter', 'Fantasy', 'Isometric', 'Singleplayer', 'Alternate History', 'CRPG', 'Rome', 'Atmospheric', 'Difficult', 'Dark Fantasy', 'Adventure', 'Open World']",Very Positive,Iron Tower Studio,5,5,5,4,positivo
Huggles `,76561197971640510,The Age of Decadence,"Downvoted because I don't like this design philosophy. It is essentially a 10 hour game that you can replay with other different types of characters and have some very different missions leading to essentially the same plot and ending. This is idiotic. In essence, to get your money's worth you're expected to play the same story over again with some changes in the specifics. Why not make a 50 hour RPG that gives you ALL of the content (at least as much as you want) in one playthrough? What is the damn point of playing a story driven RPG 5 times if you ALREADY KNOW THE STORY. It's like, instead of buying a good long book for $10, you buy 1/5 of a book for $10 because the writer expects you to read it 5 times. It's just ♥♥♥♥♥♥♥♥ design, so downvoted.","['RPG', 'Turn-Based', 'Indie', 'Turn-Based Combat', 'Post-apocalyptic', 'Tactical', 'Story Rich', 'Choices Matter', 'Fantasy', 'Isometric', 'Singleplayer', 'Alternate History', 'CRPG', 'Rome', 'Atmospheric', 'Difficult', 'Dark Fantasy', 'Adventure', 'Open World']",Very Positive,Iron Tower Studio,2,1,3,3,negativo
Yoko Taro >= GOD,76561198007430407,The Age of Decadence,"How your choice effect the game meter.... Dragon Quest v Fallout 4 = Walking Dead (it just chance character name in your party) v Mass Effect v Fallout:NV v Heavy Rain v ""AGE OF DECADENCE"" Seriously, this is how ""Your choice matter"" should be applied to game. This game nails it like no other. It's not just ""X character didn't appear"" , ""Y Location cannot be accessed"" , etc. I don't want to spoil it, so no more example. But to be more specific.... AOD is like a Tabletop RPG GM who enjoy improvising story according to what you do no matter how silly it is, and he won't afraid to kill off your character in the most realistic and fabulous manner. (You see a underwater cave in a well >> try swimming in it >> realize your character is a scholar, not fisherman >> drawn >> YOU DIE)","['RPG', 'Turn-Based', 'Indie', 'Turn-Based Combat', 'Post-apocalyptic', 'Tactical', 'Story Rich', 'Choices Matter', 'Fantasy', 'Isometric', 'Singleplayer', 'Alternate History', 'CRPG', 'Rome', 'Atmospheric', 'Difficult', 'Dark Fantasy', 'Adventure', 'Open World']",Very Positive,Iron Tower Studio,5,5,5,4,positivo
Echoic,76561197977649322,The Age of Decadence,"Playing the tutorial I was thinking ""oh gawd what have I bought""... The graphics, art design and stilted animations make it look like a kind of B grade title from the early 2000's.  The look and feel of AoD wouldn't compare favorably to a game like Gladius from 2003 for instance (though admittedly comparing it with work from a big studio like Lucasarts title isn't very fair).  But, this was a fine game. It had wider sub-plot branches than I've come to expect from an RPG and tightly balanced combat.  There's nothing terribly original about the story but it feels carefully crafted.  There is a lot of writing but hardly any bloat, so it seems like it has had plenty of careful editing. It's fairly easy to recommend.  Beware of elevators, though... You'll spend half the game hearing about Doomed Archaelogical Expeditions that discovered elevators... then never returned!  *gasp*","['RPG', 'Turn-Based', 'Indie', 'Turn-Based Combat', 'Post-apocalyptic', 'Tactical', 'Story Rich', 'Choices Matter', 'Fantasy', 'Isometric', 'Singleplayer', 'Alternate History', 'CRPG', 'Rome', 'Atmospheric', 'Difficult', 'Dark Fantasy', 'Adventure', 'Open World']",Very Positive,Iron Tower Studio,4,4,3,3,positivo
Jacques Villeneuve,76561198031136337,The Age of Decadence,Very good,"['RPG', 'Turn-Based', 'Indie', 'Turn-Based Combat', 'Post-apocalyptic', 'Tactical', 'Story Rich', 'Choices Matter', 'Fantasy', 'Isometric', 'Singleplayer', 'Alternate History', 'CRPG', 'Rome', 'Atmospheric', 'Difficult', 'Dark Fantasy', 'Adventure', 'Open World']",Very Positive,Iron Tower Studio,4,4,5,4,positivo
Blue Eyes White Privileged!,76561198027156385,The Age of Decadence,"Easily one of the best games I've played all year. It felt very difficult at first, but that was only because I skipped the tutorial, and didn't realize you could actually choose different attack options. Once I found that out, the game was tough, but fair. In the beginning, you're just some guy. Not an epic bad♥♥♥♥♥hero. If you're fighting a group of people, chances are it will go like it would in real life. You'll get jumped. The game is rather realistic in that aspect.  That said, you can overcome any challenge, and usually in several different ways. The lore of this game is amazing, and quite deep. Probably one of those things that absorbed me the most. The world building is something I cannot praise enough. Easily one of the top Worlds I've ever experienced. Up there with Sigil, and a few others. There is a great amount of replayability, and gameplay wise, I love this game. The combat is simple as turn based games usually are, but there is a deep element of strategy. I should also say, the choices you make in this game MATTER. Deeply in fact. They will greatly change and effect the world around you. And I mean a lot. Also, from what I can tell, this game has a buttload of endings. I could be wrong, but it felt like there were a ton of ways it could have gone. I've only finished a single playthrough, but you can bet I plan on doing another. A word of warning, if you want to fight everything, I'd mostly put points in nothing but combat, and don't expect to  be able to complete objectives which might require you to have non-combat skills. Thankfully, most things can still be acomplished through combat anyways.","['RPG', 'Turn-Based', 'Indie', 'Turn-Based Combat', 'Post-apocalyptic', 'Tactical', 'Story Rich', 'Choices Matter', 'Fantasy', 'Isometric', 'Singleplayer', 'Alternate History', 'CRPG', 'Rome', 'Atmospheric', 'Difficult', 'Dark Fantasy', 'Adventure', 'Open World']",Very Positive,Iron Tower Studio,5,4,5,4,positivo
Doug S - NJ,76561198002639946,The Age of Decadence,Interesting game. A little to much dialog and not enough action for me. That being said. I may give it more of a go down the road. As I can see some very good work went into the game and it didnt send me away holding my nose. I can reccomend for those who like alot of dialog options/outcomes.,"['RPG', 'Turn-Based', 'Indie', 'Turn-Based Combat', 'Post-apocalyptic', 'Tactical', 'Story Rich', 'Choices Matter', 'Fantasy', 'Isometric', 'Singleplayer', 'Alternate History', 'CRPG', 'Rome', 'Atmospheric', 'Difficult', 'Dark Fantasy', 'Adventure', 'Open World']",Very Positive,Iron Tower Studio,4,3,4,3,positivo
becephalus,76561197976327138,The Age of Decadence,"I love the idea of this game, and the writing is superb, but sadly for me I just found it too restrictive.  To have any success in combat you need to play a character who is an idiot, and hybrid play seems to pay off extremely poorly.  So you are a weakling smooth talker, an assasin, or a big brute.  When I treid to play with even somewhat hybrid roles (say 6-6-6-6-9-7) the playthroughs just really don't go well without a lot of save loading. In many ways I kind fo felt this was more of a puzzle game than an RPG.  It is hard to do well without knowing which quests are coming and when to take what upgrades. ANyway a good game that some people I am sure love, but as much as I treid to like it I just couldn't get out from under the feeling I was puzzling out my playthroughs rather than role playing them.","['RPG', 'Turn-Based', 'Indie', 'Turn-Based Combat', 'Post-apocalyptic', 'Tactical', 'Story Rich', 'Choices Matter', 'Fantasy', 'Isometric', 'Singleplayer', 'Alternate History', 'CRPG', 'Rome', 'Atmospheric', 'Difficult', 'Dark Fantasy', 'Adventure', 'Open World']",Very Positive,Iron Tower Studio,5,2,4,4,negativo
H A N G E D  ll  M A N,76561198105777534,The Age of Decadence,"I unwittingly activated a machine containing an all-powerful mad god beneath a city, unleashing said god's fury against all the inhabitance. 9/11 would slaughter thousands again.","['RPG', 'Turn-Based', 'Indie', 'Turn-Based Combat', 'Post-apocalyptic', 'Tactical', 'Story Rich', 'Choices Matter', 'Fantasy', 'Isometric', 'Singleplayer', 'Alternate History', 'CRPG', 'Rome', 'Atmospheric', 'Difficult', 'Dark Fantasy', 'Adventure', 'Open World']",Very Positive,Iron Tower Studio,4,3,5,4,negativo
Rampage,76561198039553952,The Age of Decadence,not very fun to play,"['RPG', 'Turn-Based', 'Indie', 'Turn-Based Combat', 'Post-apocalyptic', 'Tactical', 'Story Rich', 'Choices Matter', 'Fantasy', 'Isometric', 'Singleplayer', 'Alternate History', 'CRPG', 'Rome', 'Atmospheric', 'Difficult', 'Dark Fantasy', 'Adventure', 'Open World']",Very Positive,Iron Tower Studio,2,1,3,3,negativo
soroush,76561198145239055,The Age of Decadence,"I died a couple times during the tutorial, if you can believe it, and so decided to play a purely diplomatic character. I've become a merchant puppet master, arranged the assasination of the king and put my own half wit puppet in his place. If you're not a combat based character, stay away from the slums. You can't go five feet without someone wanting to extort you for money... It cost me around 1500G to get through there. So far a very interesting game. Well written with many branches and meaningful choices, the lore is very engaging, you feel like there's some sort of mysterious magic going on in the background. And there's no hand holding, I actually got a bunch of ancient era tech which I didn't figure out how to use until the very end. Highly recommended. --- Edit: I've finished my first playthrough... and it was pretty satisfying. Looking at the achievements though I can see that I've only scratched the surface. There are places and people that I didn't encounter due to the choices and the skills I chose so definately going to replay.","['RPG', 'Turn-Based', 'Indie', 'Turn-Based Combat', 'Post-apocalyptic', 'Tactical', 'Story Rich', 'Choices Matter', 'Fantasy', 'Isometric', 'Singleplayer', 'Alternate History', 'CRPG', 'Rome', 'Atmospheric', 'Difficult', 'Dark Fantasy', 'Adventure', 'Open World']",Very Positive,Iron Tower Studio,5,4,5,4,positivo
Totally Not Alpharius,76561198030384427,The Age of Decadence,This game is what we need in this world of often bland and cliche RPGs. While it's not a particularly long game it makes up for it in replaybility. This game is unforgiving and cruel. Often time making the right choices get you killed and the wrong ones will let you squeeze another day out of your pathetic and moderatley insignificant life in this game. This game is wort every cent and I won't bother spoiling the game for you. Wouldn't want to spoil the frustration of you getting totally destroyed in most fights.,"['RPG', 'Turn-Based', 'Indie', 'Turn-Based Combat', 'Post-apocalyptic', 'Tactical', 'Story Rich', 'Choices Matter', 'Fantasy', 'Isometric', 'Singleplayer', 'Alternate History', 'CRPG', 'Rome', 'Atmospheric', 'Difficult', 'Dark Fantasy', 'Adventure', 'Open World']",Very Positive,Iron Tower Studio,4,4,5,5,positivo
senkiasenswe,76561198096742032,The Age of Decadence,"There were many aspects of this game that I loved. And there were a few that annoyed me. The game sets itself up so that you cannot do everything, in fact, specializing in two traits is often too difficult to manage until you have a very firm grasp on the mechanics of the game. Personally, I feel like it is a great philosophy that is slightly over done, but still very manageable. The idea is that no one can be so skilled that they are a master of every discipline. While I appreciate that, it is annoying that it becomes very difficult to make a character who is both stealthy and good with a dagger, and makes certain abilities, like herbalism, useless because they are only passively helpful where everything in the game is so aggressive. I quit once I faced a quest that had me diving into a well to solve a puzzle of sorts. I had created a character that was very smart with high dex and low charisma and strength. I had the smarts to discern what was required of the puzzle, but not the strength to aquire the missing piece. In order to have completed the quest, it felt like I needed to design a character specifically for this situation, which would have been fine if it were a main questline option, but it wasn't. Regardless, I will come back to the game because it was a great time 90% of the time. Combat is enjoyable, even though I will complain that being an archer is difficult since you can never hire someone to engage in melee, and you almost always start within two turns (or less) of moving distance apart. (I still had great success as an archer for a large portion of my adventures, although it was hard). The developers have continued tweeking and adding content since launch, which is the biggest reason that I will advise someone buy this. They are committed to quality, not profit. The game is a niche play, but well worth the investment due to the many ways that a person can go about playing the game.","['RPG', 'Turn-Based', 'Indie', 'Turn-Based Combat', 'Post-apocalyptic', 'Tactical', 'Story Rich', 'Choices Matter', 'Fantasy', 'Isometric', 'Singleplayer', 'Alternate History', 'CRPG', 'Rome', 'Atmospheric', 'Difficult', 'Dark Fantasy', 'Adventure', 'Open World']",Very Positive,Iron Tower Studio,4,4,5,4,positivo
LeoJFBR,76561198091949345,The Age of Decadence,"First thing you should know: I'm not the kind player that ""replay"" games. Once I get the ""The End"" it's over. And the thing is: I replayed this game like 6 times and even though I didn't get to end it most of times I did had a lot of fun every time. The game could be better (in mechanics and art mainly) though so I do hope there is a sequence that achieve that!","['RPG', 'Turn-Based', 'Indie', 'Turn-Based Combat', 'Post-apocalyptic', 'Tactical', 'Story Rich', 'Choices Matter', 'Fantasy', 'Isometric', 'Singleplayer', 'Alternate History', 'CRPG', 'Rome', 'Atmospheric', 'Difficult', 'Dark Fantasy', 'Adventure', 'Open World']",Very Positive,Iron Tower Studio,4,4,4,3,positivo
CrankyCoon,76561198003174259,The Chaos Engine,"Didn't play it much because I already have on the SNES.  It was most nostalgia value on why I wanted the game, but as I got into it I realized I already had my fun with it ages ago. If you haven't played it, I recommend you pick it up!","['Action', 'Retro', 'Co-op', 'Steampunk', 'Top-Down', 'Shooter', 'Classic', 'Singleplayer', '2D']",Mostly Positive,"Abstraction Games,The Bitmap Brothers",2,3,4,3,positivo
Kharnivore2099,76561198039679458,The Chaos Engine,"The Bitmap Brothers were not in the business of making easy games that you could just blast through. Don't get me wrong, there was a hell of a lot of blasting, it was just never quite a cakewalk...unlike some other games of the time. This is a fairly faithful port or ""Remake"" to modern PC, and it's a damn fine one in my opinion. It is a fairly straightforward top down 2 player co-op shooter, with several characters to choose from and a system that adds stat boosts puchased with money collected in-game. This gives the game a little more depth in my opinion. Also, if you have no mates...the other player is controlled by a fairly robust AI. The music is fantastic and the artwork is 2nd to none when it comes to 16-bit games, the whole game oozes atmosphere and it won't be afraid to kick your♥♥♥♥♥while you are sitting taking it all in! The game has taken flak for just being the same game re-released on modern systems and yeah, that's what it is. There is nice upscaling, added bloom effects if you are into that sort of thing and there is some improved aiming if you don't want the exact original gameplay...though that is there for you too if you prefer that. A lot of the heat has been similar to the Speedball 2 HD release, a lot of angry nostalgiac Amiga users screaming about how the original is better. I love the original versions too but i quite like these updated releases and welcome them with open arms. Well worth the cash if you can find a mate that ain't afraid of a bit of punishment.","['Action', 'Retro', 'Co-op', 'Steampunk', 'Top-Down', 'Shooter', 'Classic', 'Singleplayer', '2D']",Mostly Positive,"Abstraction Games,The Bitmap Brothers",3,4,5,4,positivo
Evilgoattea,76561197975247124,The Chaos Engine,"I think this game needed some more TLC before release, it could have been cool, but it just lacks the polish it needs to be a good game.  First of all starting the game is a chore, and it took me a while to even get it going, and once I got it going I found it to be clunky and boring.  If you are looking for a retro top down shooter sytle game I think Retro City Ramage is a better bet.  Also I like Over 9000 zombies as well for good retro top down shooting fun. To be fair, I did not play this game for very long, maybe if the devs focus on making it feel like clunky, I may give it another go.","['Action', 'Retro', 'Co-op', 'Steampunk', 'Top-Down', 'Shooter', 'Classic', 'Singleplayer', '2D']",Mostly Positive,"Abstraction Games,The Bitmap Brothers",2,1,2,2,negativo
Pale Dolphin,76561198005271335,The Chaos Engine,"How does this game have ""mostly positive"" rating? I have no idea, honestly -- I'd rate it at most. Why, you ask? Well, let's see. * Unbelievably bad controls. You can move/shoot in 8 directions. * Worst camera I saw in last few years. It's hard to think how bad can camera be in a top-down arcade, but here we are. It's absolutely unbearable. * Primitive gameplay. You walk, you press one button to shoot. You walk further. That's it. Decorations change (though, you won't even notice), but that's the end of it. Enemies are *very* similar, if not exactly alike. * No storyline whatsoever. There are no stills, no background to your actions, nothing. There's a small intro when you start the game, but don't expect anything apart from it. * Very poor game design. UI is extremely bad and defining controls are just guess-work for the player. * Annoying and repetitive sounds. Enemies dying make the same sound as if your character gets wounded. Terrible. * Music is unbelievably bad. It tries to imitate something 8bit-ish, but it only accomplishes to annoy you. I've muted the game within my first 10 minutes playing. - - - - - Overall, I'd say that this game might've been okay in 1990, but it's 2017 and trying to pull of stuff like that is just cheap and a bit cringy. I do not recommend this game to anyone -- especially to anyone who played *real* oldschool games, like . This game is a stain of disgrace on the genre, really.","['Action', 'Retro', 'Co-op', 'Steampunk', 'Top-Down', 'Shooter', 'Classic', 'Singleplayer', '2D']",Mostly Positive,"Abstraction Games,The Bitmap Brothers",0,1,1,2,negativo
sitebender,76561198019205444,The Chaos Engine,"I for one am happy that Steam brought this game back from the 90s. Not only that, but they upgraded it with achievements! For those that don't know, Chaos Engine is a difficult cooperative top down 8 way shooter known as Soldiers of Fortune on the Super Nintendo. You select from six mercenaries each with their own weapons, special talents and stats. The stats can even be upgraded every 2 levels by spending currency that you find on the ground and from killing enemies. Speaking of killing enemies, don't think this is some cake walk. Every enemy is deadly and can kill you. Your mercenaries body is just as chunky as the enemies, so if they can't dodge your bullets, you can't dodge theirs without some quick reflexes. That alone is a warning, if that's not you, turn around and find another game. The controls feel stiff, using the special abilities feels odd, you need to hold one button to prime it and press another when it is ready. Sadly this takes a while, to top that off you can often use two when you only mean to use one. The shooting forces your character to a stand still. This is not a dual stick shooter like Smash TV, you need to face the enemies before you shoot at them. On top of that collision detection seems off in terms of things hitting you when they shouldn't. Even with all of these issues, somehow it all works, its fun and entertaining. Map design is good, each level is almost a maze of staircases and walls that open up to reveal other paths. You'll never get lost and everything seems bite sized in the maze. Finding gold keys will open walls, silver keys will move objects. The object of the game really seems to destroy nodes / towers in each level to open up the exit door. Chaos Engine is a quick game, each world has 4 levels and they feel like a healthy size, just because you can't just run through it, you need to take it slow. The game has limited lives, and you'll find lives along the way, but you can also buy lives and health every 2 levels as well. When you die, you restart at the last checkpoint, but lose all of your lives, you'll need to restart from the last save at the beginning of each level. The gun upgrades are nice and offer more bullets for a wider gun. This game is also a forced cooperative game, meaning, even if you're one player alone, the game will stick you with an AI partner. The AI seems competent enough, but you'll still be doing the majority of the work and pushing forward. You can still use 2 player cooperative on the same computer and also 2 player cooperative over Steam, but honestly, I can't find anyone whenever I try to host game or join a game. You can invite friends, but alas no friends have this game. You can make use of your partner's special abilities as long as they're alive. Its a nice feature. I was lucky enough to pick up this gem of a game in a bundle, and Steam has had it on sale for $2. While I can recommend the game at a full $10, its best that you wait.","['Action', 'Retro', 'Co-op', 'Steampunk', 'Top-Down', 'Shooter', 'Classic', 'Singleplayer', '2D']",Mostly Positive,"Abstraction Games,The Bitmap Brothers",3,3,4,4,positivo
ofcthatwaslag,76561197970363967,The Chaos Engine,A spectacularly craptastic port.,"['Action', 'Retro', 'Co-op', 'Steampunk', 'Top-Down', 'Shooter', 'Classic', 'Singleplayer', '2D']",Mostly Positive,"Abstraction Games,The Bitmap Brothers",1,1,2,2,negativo
SuperKingChris,76561198055130584,The Chaos Engine,A trip down memory lane...,"['Action', 'Retro', 'Co-op', 'Steampunk', 'Top-Down', 'Shooter', 'Classic', 'Singleplayer', '2D']",Mostly Positive,"Abstraction Games,The Bitmap Brothers",3,4,4,3,positivo
progress?,76561198111062695,The Chaos Engine,"Despite the subpar port, it's still a great game after all these years.","['Action', 'Retro', 'Co-op', 'Steampunk', 'Top-Down', 'Shooter', 'Classic', 'Singleplayer', '2D']",Mostly Positive,"Abstraction Games,The Bitmap Brothers",3,4,4,3,positivo
Obey the Fist!,76561198030784015,The Chaos Engine,"This is actually Soldier of Fortune from BitMap Brothers from the 1990s, but rebadged.   A co-op or single player + AI top down bullet hell 360 scrolling shooter, reminiscient of Commando from the 1980's, Extensive effort has been put into not only making the game PC compatible, but enhancing the graphics and controls well beyond the state of the original game. As a result, there's good widescreen support, no control issues, very smooth gameplay and a bug free experience. While it is an older game, and as such isn't for everyone, it's difficult to fault an old game being treated well in this manner.","['Action', 'Retro', 'Co-op', 'Steampunk', 'Top-Down', 'Shooter', 'Classic', 'Singleplayer', '2D']",Mostly Positive,"Abstraction Games,The Bitmap Brothers",2,5,4,3,positivo
Sojiro,76561197974183287,The Chaos Engine,"Repetitive, little depth, and bad quality port. It's not utterly terrible, but there are many better games of this type to try out there. Cheaper, even.","['Action', 'Retro', 'Co-op', 'Steampunk', 'Top-Down', 'Shooter', 'Classic', 'Singleplayer', '2D']",Mostly Positive,"Abstraction Games,The Bitmap Brothers",1,2,2,3,negativo
Dread,76561198044695906,The Chaos Engine,"Wow. I got this on a great discount, from Humble bundle store. I was still taking a risk. But I will never regret buying that. Back when I had my Amiga 500 as my main computer, this game was one of my favorite ones. Also the game was a great challenge. Amiga version had the best music - sound fx and voice. The game is NOT Steam punk. This is bullcrap. People must not use terms just because they are trendy and catchy. It is cyber punk though, as it meant to be back then. A great cyber punk game with post apocalyptic atmosphere. It is a shoot em up platformer game that has the camera above the player sprites. The limited view the players have, will challenge them not only NOT to be hasty, but also to be extra careful. Two player game needs great collaboration by both players. This is not a vanilla shoot em up platformer, no. The game has secrets, it has many ways to do things and many paths to pass. Different paths, different choices, have different rewards. An extra life, a power up, everyrthing counts when it comes to Chaos Engine. So it has great replayability. The game has 4 Worlds. Each world has 4 levels. The final boss was great and the whole game was also incredible. Graphics were well made. Let's go to music now. That was the strongest advantage of this game in Amiga version. The music was just eight OUTSTANDING  pieces of art. Remember Techno and Industrial, genres? Add some dark ambience and you got what the soundtrack was. In Commodore Amiga 500, the music was outstanding and I believe it was the best version. So what did these guys did with the remaster? The Chaos engine was released also for Atari ST, MS-DOS, Sega Mega Drive, Super NES... and more... So? So they did the right thing!!! The Chaos engine has Amiga version sound, some minor bugs exist but don't ruin the whole experience, there are some welcome changes on coloring and voice sound fx that are really welcome as the game is more polished now. It is still as challenging as it was. I remember myself looking at the screen after beating it the ending and feeling that awesome satisfaction that the good old school games were giving you.","['Action', 'Retro', 'Co-op', 'Steampunk', 'Top-Down', 'Shooter', 'Classic', 'Singleplayer', '2D']",Mostly Positive,"Abstraction Games,The Bitmap Brothers",4,5,5,4,positivo
fenners,76561198001066632,The Chaos Engine,You can't go back.,"['Action', 'Retro', 'Co-op', 'Steampunk', 'Top-Down', 'Shooter', 'Classic', 'Singleplayer', '2D']",Mostly Positive,"Abstraction Games,The Bitmap Brothers",1,3,4,3,neutral
Hexrowe,76561198031602014,The Chaos Engine,"On one hand, the original is a classic game, one of my old favorites and I do still enjoy it. On the other hand, this re-release is quite lackluster. I was really hoping to get something as lovingly polished and packaged as Chronicles of Mystara, but this is really just the old game in a form that will run on modern hardware - no extras, nothing special. You're honestly better off playing the original on an Amiga emulator. Such a disappointment.","['Action', 'Retro', 'Co-op', 'Steampunk', 'Top-Down', 'Shooter', 'Classic', 'Singleplayer', '2D']",Mostly Positive,"Abstraction Games,The Bitmap Brothers",2,3,2,3,negativo
Podsi,76561198079169593,The Chaos Engine,"VERY overrated game! I think it should get 15 metacritic or less. I played the original game and this version did not give me any happy thoughts about it. If you want to buy for the nostalgia, forget it! Make a better use of your money! I warned you! Thank God it came in a cheap bundle! Maybe some games should remain ONLY in our memories, after all... Bring them back may ruin what's left from them.","['Action', 'Retro', 'Co-op', 'Steampunk', 'Top-Down', 'Shooter', 'Classic', 'Singleplayer', '2D']",Mostly Positive,"Abstraction Games,The Bitmap Brothers",1,1,1,2,negativo
CyberDown,76561198086087452,The Chaos Engine,this game...i use to have my parents rent it from block buster when i was a kid and had a sega genesis.  hasnt really aged well but i like that i have it...,"['Action', 'Retro', 'Co-op', 'Steampunk', 'Top-Down', 'Shooter', 'Classic', 'Singleplayer', '2D']",Mostly Positive,"Abstraction Games,The Bitmap Brothers",2,3,3,2,positivo
eKestrel,76561197991936173,The Chaos Engine,NOPE. Buy Nuclear Throne instead.,"['Action', 'Retro', 'Co-op', 'Steampunk', 'Top-Down', 'Shooter', 'Classic', 'Singleplayer', '2D']",Mostly Positive,"Abstraction Games,The Bitmap Brothers",1,2,2,3,negativo
FantasyFreak_UK,76561197985072747,The Chaos Engine,"Old skool game originally developed by the Bitmap Brothers (Speedball 2, Gods and Z are also classics by these guys). It allows co-op locally and across Steam. I suffered very bad lag on the one steam co-op game I tried. However, you can ally with an AI and the idea is just to survive and get a high score on this top down steam punk shooter. Maybe wait for a 50% sale if you are unsure or don't have the nostalgia factor like me.","['Action', 'Retro', 'Co-op', 'Steampunk', 'Top-Down', 'Shooter', 'Classic', 'Singleplayer', '2D']",Mostly Positive,"Abstraction Games,The Bitmap Brothers",2,3,4,3,neutral
MRNasher,76561198109883351,The Chaos Engine,"Every bit as tedious as i remember it on the Atari ST. The levels are uninspired, the camera too close in to allow for any stragegy and the sound jarringly sharp. I recall having high hopes that it would be another Alien Syndrome but sadly no. For a minimal cost there is some value in nostalgia for the 16bit era but certainly not for 7 quid.","['Action', 'Retro', 'Co-op', 'Steampunk', 'Top-Down', 'Shooter', 'Classic', 'Singleplayer', '2D']",Mostly Positive,"Abstraction Games,The Bitmap Brothers",1,2,1,2,negativo
STEVEN AGEVER,76561198094321628,The Chaos Engine,THIS GAME ITS TO MUCH HARD FOR ME :(,"['Action', 'Retro', 'Co-op', 'Steampunk', 'Top-Down', 'Shooter', 'Classic', 'Singleplayer', '2D']",Mostly Positive,"Abstraction Games,The Bitmap Brothers",2,3,4,5,negativo
Jcomm_Omry,76561198065813538,The Chaos Engine,Such an awesome game for such an old classic. if you loved the classic you will love this even more!,"['Action', 'Retro', 'Co-op', 'Steampunk', 'Top-Down', 'Shooter', 'Classic', 'Singleplayer', '2D']",Mostly Positive,"Abstraction Games,The Bitmap Brothers",3,5,4,3,positivo
jb2097,76561198250544676,The Deadly Tower of Monsters,"This is a very enjoyable 3rd person action game, that lampoons the vibe of cheesy 1950's movies. It's presented as if it were the director of a movie called ""The deadly tower of monsters"" giving an audio commentary for a dvd release. So he will make amusingly droll asides about how bad the animation is (which is superb at looking like old stop motion animation), or how naff the design of everything is (beautifully naff - perfectly captures that era) Everything about the production of this game is spot on when it comes to mocking its inspiration. The graphics are tasty, the music is gloriously retro, the voice acting is cheesy, and it is pretty funny too. Gameplay wise its a responsive mixture of shooting / melee and platforming, with some nifty boss battles and cool little touches. This element is strong, but fairly straightforward. I wouldn't say the presentation is carrying this aspect, as it is fun on its own, but there's no question that its campy vibe  elevates everything on the whole. I really liked it - it has something that AAA games lack. Beyond the sense of humour it is doing a lot with a little, and somehow seems more impressive than (most) games that cost four times the amount. At around 6 hours to finish I don't think it's bad value for the price, considering there's no filler or duff bits and it's good fun.","['Action', 'Adventure', 'Indie', 'Sci-fi', 'Comedy', 'Dinosaurs', 'Robots', 'Funny', 'Satire', 'Aliens', 'Dynamic Narration', 'Singleplayer', 'Isometric']",Very Positive,ACE Team,5,4,5,2,positivo
Dad,76561198076603646,The Deadly Tower of Monsters,"The presentation is quirky, interesting and fairly amusing. The upgrade system is correct if a little linear. The gameplay is plain boring.","['Action', 'Adventure', 'Indie', 'Sci-fi', 'Comedy', 'Dinosaurs', 'Robots', 'Funny', 'Satire', 'Aliens', 'Dynamic Narration', 'Singleplayer', 'Isometric']",Very Positive,ACE Team,4,2,4,2,neutral
W8lifts,76561198167411394,The Deadly Tower of Monsters,"Ha, this game is funny, different, and just fun to play. Bought this with a coupon so it was 50% off, was a deal for me. Looking for something different, than get this game","['Action', 'Adventure', 'Indie', 'Sci-fi', 'Comedy', 'Dinosaurs', 'Robots', 'Funny', 'Satire', 'Aliens', 'Dynamic Narration', 'Singleplayer', 'Isometric']",Very Positive,ACE Team,4,5,4,2,positivo
Snotvomit,76561197970849298,The Deadly Tower of Monsters,"Very silly, but surprisingly well produced and playable game.  The graphics are well presented and the gameplay is quite deep.   If you liked games like Spyro and Ratchet and Clank on the Playstation... stuff like that... then you will most likely enjoy this game too.   If you like a good dose of comedy voice-over (like Portal 2, for example) then you will also likely find this game amusing. Worth its full asking-price in my opinion, but definitely worth getting if you see it in the sales. Bottom line?  A surprisingly well produced and playable comedy game with plenty of B-Movie references.","['Action', 'Adventure', 'Indie', 'Sci-fi', 'Comedy', 'Dinosaurs', 'Robots', 'Funny', 'Satire', 'Aliens', 'Dynamic Narration', 'Singleplayer', 'Isometric']",Very Positive,ACE Team,4,4,4,2,positivo
AbsoluteDeicide,76561198004811351,The Deadly Tower of Monsters,"Comedy is incredibly difficult to pull off in a video game. Most gags rely on precise, directed timing, and taking control away from a player in an interactive medium usually results in a bad game, frustration, and few laughs in the process. Through clever narration, smart satire, and an unflinching 100% commitment to it's jokes, The Deadly Tower of Monsters plastered a perma-grin across my face for my entire playtime. It's an entertaining, creative hack n' slash puzzle/platformer to boot. Your ultimate goal in The Deadly Tower of Monsters is to climb the deadly tower of monsters. Standing underneath the imposing structure and looking skyward (or taking a peek at the map) gives the deflating feeling that you're in for a near impossible test of will and patience. Once you take a few steps toward that journey, however, it becomes clear that many design decisions are in place to keep player convenience at the forefront. Fall off a ledge? Press “LB” and you're right back to solid ground, no penalty incurred. Getting lost? Pull up the map and you can warp to any point in the tower you've previously visited at will. (Protip: go up.) This isn't some hardcore, griefing, reflex litmus test. That wouldn't be funny. You're encouraged to fall, explore, and generally just have a good time in the campy sandbox, and you should take the game up on that offer. On the base level the game reminds me of console-centric action/RPGs like Marvel: Ultimate Alliance or Baldur's Gate: Dark Alliance. From an overhead view you have a standard melee attack which can be charged for a heavy attack, and a ranged weapon. As you progress you gain access to about a dozen different kinds of both types of weapons, and these can be upgraded by collecting components dropped by enemies or scattered around the environments. There are also perks like max HP increases, regenerating health, improved melee/ranged damage, etc. that can be earned by completing missions (main quests or side activities). You can swap between three different characters that have some unique skills needed to access certain areas, so there's also a bit of Metroidvania going on here.  Other options include the ability to parry attacks, extend your jumps with a jetpack, and shoot downward when near a ledge (that one good feature of Dark Void). It all adds up to a surprising amount of depth in a fairly short, decidedly goofy comedy game. Even the title screen of The Deadly Tower of Monsters is full of jokes. Upon booting the game, you're immediately greeted by a narrator who is “in studio” to record a commentary track for a truly awful Sci-Fi B-movie he made some years back, and he's going to be cringe-worthingly candid and let it be know just how much of scumbag he is. You're greeted at the start with a fairly typical though beautiful movie poster of the movie, where a 50's Hollywood space man is cradling an attractive, unconscious woman. The director remarks how proud he is of the poster. Boot the game up a second time, and the gender roles are swapped, with the woman rescuing the man. “I didn't approve of this change”, the director protests. His assistant chimes in to inform him that the studio execs shot an alternate take, foreseeing a future demographic where swapping the sexes would appeal to the masses. That's some pretty poignant and ♥♥♥♥ing funny social commentary. Not content to stop there, an alternate title screen shows a robot holding the man instead... for the future robot demographic. I debated whether or not to spoil the above gag, but the riffs are just so nonstop throughout the game that it's a small drop in a large pond of punchlines. You're controlling the “movie”, the perfectly voiced director is giving behind-the-scenes anecdotes nearly the entire time in rapid fire fashion akin to the densest, snappiest of MST3K episodes. This is more than fitting since the movie in question would feel right at home in a crappy Mystery Science Theater show: dinosaurs are convincingly stop motion animated, bats are held aloft by visible strings, nothing is shown that couldn't be created with practical effects from that era which usually means men in rubber suits. There's even more than a few cameos from (in)famous(ly bad) real movie monsters. Every environment and creature is lovingly crafted from people who are clearly fans of the genre, and the affection for the movies we love and love to make fun of is sincere and hilarious. I'm not usually a fan of “meta” comedy, but The Deadly Tower of Monsters is so out there it absolutely worked for me on every level. The DVD commentary presentation is excellent, and it breaks the fourth (and sometimes fifth) wall with such reckless abandon you just have to laugh. From a pure game perspective it's completely solid with enough fresh ideas to be enjoyable on it's own, but smiling and giggling like an idiot while playing elevates it to a must play game. It's one of the best surprises I've encountered in a long time.","['Action', 'Adventure', 'Indie', 'Sci-fi', 'Comedy', 'Dinosaurs', 'Robots', 'Funny', 'Satire', 'Aliens', 'Dynamic Narration', 'Singleplayer', 'Isometric']",Very Positive,ACE Team,5,4,5,2,positivo
quantum_jak,76561198108269527,The Deadly Tower of Monsters,"Ever wanted to be in a ""B"" movie that could be featured in an episode of Mystery Science Theater 3000? This game is probably about the closest that any of us can reasonably expect to come to such an experience... The game is a basic isometric hack and slash adventure game. Action-wise it is not trying to reinvent the genre. However it is cast in a very inventive way: You are acting out the actions of the protagonists of a classic ""B"" movie being re-released on DVD while the director of the movie gives commentary about the film's production. The presentation of the game is outstanding. It looks very much like an old sci-fi/horror flick from the 50's or 60's, complete with cheesy special effects such as visible strings holding flying creatures aloft. ""The effects guys promised me the strings wouldn't be visible..."" In addition to the awesome graphical presentation the director of the film is constantly talking about the production whilst throwing off many off-color stories of his egomaniacal excesses and abuses of power. This commentary is absolutely hilarious at times. Best of all, the narrator reacts to the things that you do, especially when you do things that are off-script or if you take your time in an area. To sum it up, the game is a hilarious sendup of the best of the worst of Hollywood and a fun action game at the same time. Highly recommended, especially to anyone old enough to have at least seen these types of movies on late night tv.","['Action', 'Adventure', 'Indie', 'Sci-fi', 'Comedy', 'Dinosaurs', 'Robots', 'Funny', 'Satire', 'Aliens', 'Dynamic Narration', 'Singleplayer', 'Isometric']",Very Positive,ACE Team,5,3,5,2,positivo
Rockageddon,76561198073406815,The Deadly Tower of Monsters,"Simply put, it's boring. The idea is fun, to co-op is okay, the constant commentary turns it into a mundane (please shut up already) gamer endurance test. What I'd like to see instead: The Same thing, but without all the director inputs. Just the same okay game laid out int this classic silly film set style. I feel the devs felt they needed to explain their choices in mixing dinos/apes/aliens/and more. They don't, and that would of been far more entertaining with the intentional lame and generic voice acting of the protagonists. We didn't last long in this one, and this is the first game I got solely based on user review ratings that was so average. Reccomendations for those looking for better local co-ops: Lost Castle Rampage Knights How to Survive Cook Serve Delicious ^ All over 30 hours enjoyment these are a few good starters in-place of Deadly Tower of Monsters. Pass on this on, if you don't trust me look at the average playtime of the positive reviews.","['Action', 'Adventure', 'Indie', 'Sci-fi', 'Comedy', 'Dinosaurs', 'Robots', 'Funny', 'Satire', 'Aliens', 'Dynamic Narration', 'Singleplayer', 'Isometric']",Very Positive,ACE Team,2,2,2,2,negativo
Dire,76561197992229015,The Deadly Tower of Monsters,"Difficult decision, since the game is not awful, but there's just too much frustration involved for a 5 hour game, so it's barely a ""no"". Get this during a discount perhaps. So, the game's goal is to climb the deadly tower of monsters. In order to do so you will have to fight, fight, fight and jump occasionally, but mostly fighting...and walking. The problem with the fighting is that it's awful...god awful. It's not a real brawler, it's not an ARPG, it's ""something"". You basically control your character from a weird elevated camera position that is 95% fixed (you can wiggle a bit, but that's it). The camera will screw you over multiple times I guarantee you. Apart from that you have a basic melee and ranged attack, as well as a dodge roll (block if you time it right) and a few special abilities, which are mostly pointless in combat. Doesn't sound THAT bad until you actually get to fighting stuff...let's just say the combat is not fleshed out at all. Hitboxes, attack animations, tells, etc. all of those need more work, especially the interaction with your character. It just feels jarred and as a consequence you'll take more damage than necessary. That in itself wouldn't even be the worst part, but some (most) attacks knock you flat on your♥♥♥♥♥and your character takes about 5 seconds to get back up...this happens quite frequently. I know you can dodge or block the attacks, but when it feels like that it's easier to do that in Dark Souls, which is pretty unforgiving in that regard, something went wrong. Not to mention that some checkpoints are pretty far away and if you die, everything respawns. Also, some enemies can also be (very slowly) defeated by special abilities. At least I didn't find a weapon that would make a dent in them. Extremely time consuming and annoying. Oh, also, ♥♥♥♥ the targeting in this game...seriously. Apart from the combat you will collect different coloured cogs, complete ""missions"" (aka achievements) and gather gold. Gold is left behind by enemies or in breakable objects...you will have way too much of that. I think I had 40,000 at the end and couldn't upgrade anything anymore, because...to do so you need said cogs, which you can find throughout the game. Not sure how many are in there, but I only got enough to upgrade about 4 weapons to maximum. Nowhere near enough to make use of the 12 or so weapons you actually get access to...especially later in the game. You also need gold to upgrade your character, but wait, you can ONLY do that once you get an achievement. That's right folks, you need to complete achievements to get more damage or more life or whatever. I got to level 11 of 30 or so. It's basically busy work if you want to get stronger. Maybe an interesting idea, but I don't like it. The main reason you will be playing this game, however, is the story and writing. While the story is that of a C class sci fi movie you're actually replaying the movie with the director's commentary (and that of the audio technician), which can be pretty hilarious (do not turn VHS audio mode on or everything is completely garbled and sounds horrible). It does drag on at the end though, so even this isn't 100% great... Graphics are ok (activate VHS mode here for the real deal). And that's pretty much it. If you are a patient player and don't get frustrated that easily, pick this up when it's on sale.","['Action', 'Adventure', 'Indie', 'Sci-fi', 'Comedy', 'Dinosaurs', 'Robots', 'Funny', 'Satire', 'Aliens', 'Dynamic Narration', 'Singleplayer', 'Isometric']",Very Positive,ACE Team,4,2,3,4,negativo
RabidUrko,76561197983301475,The Deadly Tower of Monsters,"Awesome tongue in cheek game mixed with a film directors accounts as he reminisces about making one of his films. Everything about it is cheesy , but thats whats so good about it. The way the tower and the world around it is designed is amazing. It really brings home how we laugh at old films with strings controlling spaceships and wierd aliens, played by people in suits. (to name 2 things within game that you will come across) The way its done by the director telling his story together with the atmospheric B movie music while you play his stars within the film is a work of art, and the older you are the more you will appreciate it :P (or well into your films)","['Action', 'Adventure', 'Indie', 'Sci-fi', 'Comedy', 'Dinosaurs', 'Robots', 'Funny', 'Satire', 'Aliens', 'Dynamic Narration', 'Singleplayer', 'Isometric']",Very Positive,ACE Team,5,4,5,2,positivo
SnowSlaaMM,76561197970956777,The Deadly Tower of Monsters,"Nice game, fun","['Action', 'Adventure', 'Indie', 'Sci-fi', 'Comedy', 'Dinosaurs', 'Robots', 'Funny', 'Satire', 'Aliens', 'Dynamic Narration', 'Singleplayer', 'Isometric']",Very Positive,ACE Team,3,4,4,2,positivo
Psygnal,76561197998701258,The Deadly Tower of Monsters,"I'm usually not a big fan of arcade isometric(ish) shooters, but the theme of this one caught my eye, and I thought I'd give it a go.  In short, it's a lot of fun - though I'd recommend cranking up the default difficulty a bit, as it's extremely easy. You play either a male or a female 'actor' who is travelling up a tower as part of a B-grade science-fiction movie. The director is giving the DVD commentary while you're doing it, and the creatures are a combination of people in rubber-suits, or clearly stop-motion models.  It's corny, and of course it's supposed to be.  You can even see the strings on the spaceships. I really quite like it. I was playing it on an Xbox controller, but found it a little frustrating. I switched to WASD/Mouse, and to be honest (apart from still needing to get used to some of the keys) it's much nicer. I guess it all comes down to what you prefer. The sound is good. The music is typically B-grade scifi. The plot is non-existant, but the game itself is engaging enough. Nothing's been particularly difficult so far. If you're not a fan of the B-grade movie thing, then the attention to detail on this one is probably going to be lost on you Without this theme, it's really nothing amazing to write home about. With it, however, it's a lot of fun. Whether it'll hold attention for subsequent play-throughs, I don't know. Currently on around 35% special. Certainly worth the money so far. EDIT - Took me five hours to complete on 'regular' mode, and probably will need to sit idle for a while before I can be bothered replaying it, but it was fun while it lasted. Nice twist at the end, though the final boss fight was a bit of a let-down, given some of the more fun boss fights earlier on. If I was to give any advice, I'd say crank this up to HARD before playing. You'll get more mileage out of it, I suspect.","['Action', 'Adventure', 'Indie', 'Sci-fi', 'Comedy', 'Dinosaurs', 'Robots', 'Funny', 'Satire', 'Aliens', 'Dynamic Narration', 'Singleplayer', 'Isometric']",Very Positive,ACE Team,2,4,4,2,positivo
Christian Gamer Jolee,76561198017286261,The Deadly Tower of Monsters,"Fun game- Funny, good script. Buy on a Christmas sale. Video of Game play-","['Action', 'Adventure', 'Indie', 'Sci-fi', 'Comedy', 'Dinosaurs', 'Robots', 'Funny', 'Satire', 'Aliens', 'Dynamic Narration', 'Singleplayer', 'Isometric']",Very Positive,ACE Team,4,4,4,2,positivo
[WwG] Gigeran,76561197989212961,The Deadly Tower of Monsters,"Bit short (4hrs for a playthrough if not going for all bonusses), but good fun to play, nice controls, works well. Has a nice corny sci-fi setting with enemies floating using strings and such, really feels like playing through a sci-fi b-movie of old. Laughed at some of the enemies and the commentary about them from the film director about them. Got it on a sale and do not regret it.","['Action', 'Adventure', 'Indie', 'Sci-fi', 'Comedy', 'Dinosaurs', 'Robots', 'Funny', 'Satire', 'Aliens', 'Dynamic Narration', 'Singleplayer', 'Isometric']",Very Positive,ACE Team,4,4,4,2,positivo
wolfinston85,76561198126975019,The Deadly Tower of Monsters,"It's a nice game, I really like the graphics and the setting, it's supposed to be some type of parody of horror movies from back in 50's, the entire game it's supposed to be the film, you have three characters to choose from all with different power ups that matter just in very specific situations, frankly i've just been using the robot because I like how he looks, the characters don't trascend into the custscenes, in them a specific character will be used, that being said, the cutscenes are ok, they're clearly are trying to be funny, mimic certain aspects of the ""b-movies"" from back then, all of this is perpetually narrated by the director of the supposed film that you're playing, I think this game it's enjoyable mostly if you know what the game it's referencing and making fun of, or rather, paying homage in it's entirety. Altho the other thing that keeps me playing it's it's simplistic gameplay mechanics, you can carry two regular melee weapons, and two ranged weapons, but there are tons of different weapons that you'll get by just progressing through the game, frankly the thing that kills me it's that there's an upgrade system for this weapons that's extremely difficult to use, mainly because the upgrades are only obtained through playing the game naturally, but mostly, through exploring and finding secrets, etc... The game it's so massive and convoluted tho, that finding this secrets proves to be a rather jarring chore, be that as it may tho the upgrades are incredible changing not only the damage outpout of your weapons but also changing how your weapons visually look, it's great. The weapons are also pretty varied, you may have at one point a simitar, or a flamethrower, my favorite so far it's the whip, which it's great for staying on the outside while still hitting hordes of enemies. The enemies are pretty varied, each and every single one of them satirizing some movie, or monster from the horror films from the 1950's, it's great, at one point you might be fighting some monkeys like in Planet of the Apes, or in another moment you might be fighting a fly with doctor's clothes similar to the original fly movie, the game even makes a reference to it by having the director saying it's paying an homage. It's really a nice game, I do however recommend playing it with ""hard mode"" set to on, it made my experience immensley more enjoyable than when I started playing the game just without it. Plus it's not impossible, it's actually pretty balanced and engaging, I really like it. Overall I really think it's a very nice game, it's just a very fun game to play casually and the commentary from the director it's hilarious for the most part, it can get repetitive after a while, but overall it's been great, I really feel as if we need more games like this one that take risks while satirizing films in a decade in which films ironically enough took risks, not so much because of taking them as much as because the filmmakers were always experimenting with them.","['Action', 'Adventure', 'Indie', 'Sci-fi', 'Comedy', 'Dinosaurs', 'Robots', 'Funny', 'Satire', 'Aliens', 'Dynamic Narration', 'Singleplayer', 'Isometric']",Very Positive,ACE Team,4,4,4,3,positivo
-=Dungeonjay=-,76561198045314216,The Deadly Tower of Monsters,"Deadly Tower of Monsters nails just about everything you could hope for if you are seeking some oddball retro top down gameplay with 50s cheesy sci-fi.  Sounds niche, right?  Overall, the gameplay and mechanics are tight and the voice acting and music is top notch.  There are some questionable storyline decisions and in some places it can go over the top but overall the presentation of this game is well worth the money invested by return replayability and easy going achievements.  I give a full review down below if you are interested.","['Action', 'Adventure', 'Indie', 'Sci-fi', 'Comedy', 'Dinosaurs', 'Robots', 'Funny', 'Satire', 'Aliens', 'Dynamic Narration', 'Singleplayer', 'Isometric']",Very Positive,ACE Team,3,4,4,2,positivo
CoachAub,76561197996785160,The Deadly Tower of Monsters,"A fun game.  Retro-B-Movie Style.  :)  I like the commentary as it provides some humor and a different take on a game.  Mechanically, it plays well.  The graphics are pretty good, and the grainy-film look and movie props allow one to be forgiving when judging, since it's supposed to be a B-movie anyway.  The levels are challenging.  I still have not played to the end but it's fun and worthy, especially if on a Steam sale. :)","['Action', 'Adventure', 'Indie', 'Sci-fi', 'Comedy', 'Dinosaurs', 'Robots', 'Funny', 'Satire', 'Aliens', 'Dynamic Narration', 'Singleplayer', 'Isometric']",Very Positive,ACE Team,4,4,4,3,positivo
_-=^BMFGXJ@|</\|_^=-_,76561197997925680,The Deadly Tower of Monsters,"Don't be fooled by my playtime. I alt+tab a lot. The game itself is neither innovative or unique in its features. Yet it's all so well pieced together that it's a very enjoyable, arcade, action, platformer with a good dose of humor. It's fairly short as well, about 3-5 hours.","['Action', 'Adventure', 'Indie', 'Sci-fi', 'Comedy', 'Dinosaurs', 'Robots', 'Funny', 'Satire', 'Aliens', 'Dynamic Narration', 'Singleplayer', 'Isometric']",Very Positive,ACE Team,3,4,4,2,positivo
ParaMedicGer,76561198005079239,The Deadly Tower of Monsters,"Shared Split-screen is sadly a joke and takes away so much of the game. Ingame it states that it is more of an experimentally thrown in feature that isn't optimized and that's true. This game constantly just teleports the second player around wich is serieously somehow frustrating, every jump related thing must be solved by the first player alone. Otherwise the game seems to be fun and okayish... I wouldn't be that annoyed about it if the steam store page wouldn't state that it has split screen, I only bought this game because of the ability to play it couch coop.","['Action', 'Adventure', 'Indie', 'Sci-fi', 'Comedy', 'Dinosaurs', 'Robots', 'Funny', 'Satire', 'Aliens', 'Dynamic Narration', 'Singleplayer', 'Isometric']",Very Positive,ACE Team,3,2,3,2,negativo
My Little Pwny,76561197995238408,The Deadly Tower of Monsters,"This game is fan-freaking-tastic. My only gripe would be that it's pretty short, maybe 4 1/2-5 hours to beat it, but it's just oodles of pure enjoyment and fun. I am really not someone to say stuff like ""everyone needs to own this game"", but if you love silly, cheesy B-Movies, this is exactly those but in game form; even if you don't, it's still a solid action adventure game; complete with stop-motion dinosaurs!","['Action', 'Adventure', 'Indie', 'Sci-fi', 'Comedy', 'Dinosaurs', 'Robots', 'Funny', 'Satire', 'Aliens', 'Dynamic Narration', 'Singleplayer', 'Isometric']",Very Positive,ACE Team,4,5,4,2,positivo
Ben_of_Men,76561198071974334,The Deadly Tower of Monsters,"Goddammit, Patrick. Just bought this, well worth the buy. Great commentary, decent gameplay. Save when you can, choose hero wisely, grab some popcorn. (Camera angles are sometimes crumby, stupid camera guys.)","['Action', 'Adventure', 'Indie', 'Sci-fi', 'Comedy', 'Dinosaurs', 'Robots', 'Funny', 'Satire', 'Aliens', 'Dynamic Narration', 'Singleplayer', 'Isometric']",Very Positive,ACE Team,4,3,4,2,positivo
