username,user_id,title,text,tags,sentiment,developer,narrativa,jugabilidad,atmósfera,dificultad,tono_emocional
Bipots2,76561198098325894,Xeodrifter™,"Fun and adequately challenging game. It has a lot of elements from Metroid for NES, except more modern feeling, such as collecting powerups to progress further through four different areas, each with a Super Metroid-esque map. The power ups are cool and fun to use, some of them even similar to Samus' own abilities. Your character can also find gun upgrades which allow you to customize your character to your preference. Only problem with this game is it is very short.","['Indie', 'Action', 'Metroidvania', 'Platformer', 'Retro', 'Pixel Graphics', 'Exploration', '2D', 'Short']",Mostly Positive,Renegade Kid,3,4,4,3,positivo
burlapbee,76561198094896490,Xeodrifter™,"Xenodrifter is a 2D watered down metroid clone- you know the kind. Navigate mazes, get power-ups to access new areas, fight evil space monsters, and backtracking galore. Xenodrifter straddles the gorge with one foot on the side of neat ideas with the other firmly planted in unnecessary tedium. The major power-up and mechanical theme is lifted from an older title Renagade Kid worked on called Mutant Mudds, where the protagonist can warp from foreground to background to traverse the world. Another major feature is how you can customize the gun- the hero's main form of attack. Want the bullets to weave through the air? There's an upgrade for that. Faster Bullets? Got it. Spray and pray? Right here. You can allocate points to make your gun as “wavy” or “fast” as you like. As you progress through the game, the more of these upgrade points you find and the crazier your custom gun becomes. However, the gameplay is fairly dull. The stages have bleak layouts with no real threats besides the odd off-screen enemy ramming you. The game just has that “autopilot” feel. Jump up ledges, stand still to shoot the bouncing baddy, move on. No real hazards, interesting enemies, or challenging puzzles. The bosses are the same creature with different colors and more attack actions. This visually makes bosses anti-climatic and their patterns obvious.  Oddly, the game feature few checkpoints- only one at the start of the stage and when you face the planet boss. This can lead to some false difficulty and more tedium as you face the same enemies, the same layout, with the same stage all over again from the beginning if you get nixed. Snore. If you absolutely enjoy these types of 2D action-adventure games then you've played much better and far worse. Xendrifter is in the middle- it has good bullet points to pique your interest, but nothing engaging to make you stay. If your interested in playing one of these types of games, Xenodrfter is not a good first choice. A nice second just to see what an “everyday” metroid-clone feels like. A sale, coupon, or bundle item- don't get it full price.","['Indie', 'Action', 'Metroidvania', 'Platformer', 'Retro', 'Pixel Graphics', 'Exploration', '2D', 'Short']",Mostly Positive,Renegade Kid,2,2,2,3,negativo
CasualCheetah,76561198032632811,Xeodrifter™,"I wanted to really enjoy this game, being a huge fan of Metroid, but I found the controls to be unsatisfying and the start of the game to be punishing and check-pointless, repetitive.","['Indie', 'Action', 'Metroidvania', 'Platformer', 'Retro', 'Pixel Graphics', 'Exploration', '2D', 'Short']",Mostly Positive,Renegade Kid,2,2,3,4,negativo
TrueChicken,76561197980186686,Xeodrifter™,"I'm still playing this game but since the ratings are so low for such a nice game I thought I'd write a review already. I played mutant mudds on my ios and boy it was a delight. Very simple and fun. By what I am seeing, the game follows the same very principle. I think its built from the same engine, a lot of things savaged from mutant mudds. Although I think that 10 dolars is really too much to ask for the game. I'd say 5 dollars was enough, like I payed for mutant mudds on IOS. But I guess they charge 10 so they can get 5 when discount comes, right? Maybe it should compromise around 7 bucks. Anyway, congrats to renegade kid, I adore your games. Its a shame only a few people play it on steam.","['Indie', 'Action', 'Metroidvania', 'Platformer', 'Retro', 'Pixel Graphics', 'Exploration', '2D', 'Short']",Mostly Positive,Renegade Kid,3,4,4,2,positivo
Thrill,76561197971291045,Xeodrifter™,"I'm a fan of Bad Metroids, but man this one is pretty bad. Its most obvious sin is that it doesn't respect your time. After finishing a boss fight, you have to slog back through the level you just took a couple of tries to get through to reach the exit without save rooms or a (good) way to regain health. But that would be fine if the game were fundamentally fun, which this is not. I can't put it any better than describing the Eye Cube. The Eye Cube is an enemy that fires a big eye beam thing. This big eye beam cannot be dodged or avoided and takes up every available inch of the corridor. The only way to fight the Eye Cube is to stand past the extent of the beam and shoot from that point of safety, and the beam is so long that you can't actually see the Eye Cube. The Eye Cube dies after like 25 hits that you shoot blindly at an enemy off-screen. It is possibly the worst enemy I have ever seen in a video game. (For funzies, the hit box on the beam is substantially larger than the beam itself, like by the width of your character. But that is not the fundamental problem with the Eye Cube.) There's some bullet hell going on, but movement is floaty where it should be tight. There's a ""jump to the background"" mechanic, but the floor of the background doesn't quite line up with the floor of the foreground, and so you need to jump before you can pop back, but the difference between the minimum jump height and the maximum jump height is so slight that you jump into ceiling enemies in a way that's more or less out of your control. Every exploration item is misused. There's a jetpack, but you can't ever experience fun and freedom using the thing because the foreground camera is so close and there are milipedes everywhere. You get a dash mechanic, but the dash isn't long enough to avoid damage from the very irritating enemy that was introduced on the same map as the dash mechanic. There are stupid traps where you dash through a wall into a bullet from an off-screen enemy that activates only after you dash through the wall. It's short enough that you finish before you realize how much you hate this game, and I paid a dollar for it, so I'm not *really* complaining, but it's so bad. Oh and there's an ability you have to turn on and off several times per level. Instead of assigning a key to toggle it, you have to pause, navigate to it, turn it on, unpause, etc. Such a bad design choice.","['Indie', 'Action', 'Metroidvania', 'Platformer', 'Retro', 'Pixel Graphics', 'Exploration', '2D', 'Short']",Mostly Positive,Renegade Kid,1,1,2,3,negativo
courtepattes,76561198067227433,Xeodrifter™,"Beware ! This game is not for any regular player. I strongly advise you to watch a gameplay video before purchase. It does not look like games such as Cave Story or Super Panda Adventures. I myself was pretty confident I would enjoy it and waited some time before trying it, so I cannot get a refund, but I definitely would if I had the opportunity. Please understand: it is by no way a bad game. Controls are responsive, and it seems exciting enough. Yet, it is for hardcore gamers ONLY, as the game is really, really difficult, and this challenge dimension appears to be its main focus of interest. The game starts with a short level which quickly ends with a tough boss fight. Some items are hidden behind false walls (Come on ! Is there a worse idea than false walls ?). Those walls are not like those in Diablo II where if you were observant enough you could see something revealing them. No, in this game, you have to cross them by chance (it more or less amounts to try repeatedly punching a wall until you have the rarest luck to pass through thanks to tunnel effect in quantum physics...). Be warned ! This game is for a very restrictive audience, and you may not be part of it !","['Indie', 'Action', 'Metroidvania', 'Platformer', 'Retro', 'Pixel Graphics', 'Exploration', '2D', 'Short']",Mostly Positive,Renegade Kid,2,3,3,5,negativo
Scissorman,76561198027713442,Xeodrifter™,"A very challenging and engaging Metroidvania game with great level design and a nice callback to the golden age of gaming.  The only thing keeping Xeodrifter from perfection is how criminally short it is. You can beat it in under 2 hours on your first playthrough. Renegade Kid has my money if they make a Xeodrifter 2. Just please, PLEASE make it longer!","['Indie', 'Action', 'Metroidvania', 'Platformer', 'Retro', 'Pixel Graphics', 'Exploration', '2D', 'Short']",Mostly Positive,Renegade Kid,3,4,4,4,positivo
Neins,76561198001788291,Xeodrifter™,A good game with many thoughts. It would be better if there're more different bosses.,"['Indie', 'Action', 'Metroidvania', 'Platformer', 'Retro', 'Pixel Graphics', 'Exploration', '2D', 'Short']",Mostly Positive,Renegade Kid,3,4,4,3,positivo
AaToSMeD,76561198007817556,Xeodrifter™,I can also play this on my N3DSXL. Wonderful game! 'Nuff said!,"['Indie', 'Action', 'Metroidvania', 'Platformer', 'Retro', 'Pixel Graphics', 'Exploration', '2D', 'Short']",Mostly Positive,Renegade Kid,2,5,4,3,positivo
silverlunastar39,76561198179962105,Xeodrifter™,"I was immediately interested in this game when I saw it was released by the same people who made Mutant Mudds. After watching the trailer for Xeodrifter, I was hoping to play a well-crafted action adventure game that hearkened back to the days of Metroid and Blaster Master. I'm happy to say that is exactly what I got. The premise of Xeodrifter is incredibly simple: your ship needs a new warp core and unless you want to be left stranded out in the depths of space forever, your only option is to explore four nearby planets and seach for a new core. As you explore each planet, you'll slowly uncover a plethora of health and weapon upgrades, as well as new abilties to help you on your way (rocket jump, submarine, etc.) There is no text in the game and that's okay: it helps immerse the player in the atmosphere of the game. That being said, the gameplay pulls through and makes Xeodrifter a fun play. While the controls are slightly floaty, the game moves at a nice pace. You have a selection of upgrades to choose from in upgrading your energy shot which allows for a little customization. As you uncover more and more upgrades, the difficulty of the game slowly ramps along with your progression. This, and the integration of your new abilties, keeps Xeodrifter from becoming boring or repetitive; as the game is only a few short hours, it doesn't bog itself down or drag itself out. So. The graphics are colorful, the music is fantastic, and it plays great. It covers all the bases well. Buy it. If you're fan of classic Metroid action/exploration, you owe it to yourself to get this.","['Indie', 'Action', 'Metroidvania', 'Platformer', 'Retro', 'Pixel Graphics', 'Exploration', '2D', 'Short']",Mostly Positive,Renegade Kid,3,4,5,3,positivo
Saint Aaron,76561198011965365,Xeodrifter™,"Short and simplistic metroidvania with sharp visuals and sharp gameplay. Pros: There's pixel art. It's clearly inspired by Metroid, a franchise I enjoy. It's an indie game. The version I bought came with a development diary. Multiple locations to visit by ship. Cons: The sound weapons are entirely white ping-pong palls one boss, which you fight seven times with different moves Tons of pointless backtracking, with very few secrets to discover. No story","['Indie', 'Action', 'Metroidvania', 'Platformer', 'Retro', 'Pixel Graphics', 'Exploration', '2D', 'Short']",Mostly Positive,Renegade Kid,1,3,4,2,neutral
Sazo,76561197964345647,Xeodrifter™,"Pixel Art: 4/5 (Love the style) Immersion: 4/5 (Cool environs to explore) Gameplay: 4/5 (Great set of mechanics) Controls: 4/5 Value: 4/5 Difficulty: 3.5/5 -------------- Overall 4.0 (Difficulty is always excluded) Another awesome execution of the Metroid style adventure, albeit, not as broad! This game is pretty awesome in so many ways...The pixelated art style is so very cool, it has character leveling and skills development and various differing worlds to discover and explore! It of course has its flaws and is not as expansive as say, Elliot Quest, but what is does have to offer is an enjoyable experience. I think that the graphic design drew me in, which can make or break an immersive experience when a developer is creating environments with limited resolution.  The levels are very retro and colorful with creatively imagined baddies and bosses. There is a great collection of mechanics melded together nicely:  Dashing, weapon collection & upgrading, phase shifting into background, vehicles, different planets :)","['Indie', 'Action', 'Metroidvania', 'Platformer', 'Retro', 'Pixel Graphics', 'Exploration', '2D', 'Short']",Mostly Positive,Renegade Kid,4,4,4,3,positivo
celbrion,76561198050434471,Xeodrifter™,Xeodrifter is a little platformer and metroidvania which is packed with 4-5 hours of fun.,"['Indie', 'Action', 'Metroidvania', 'Platformer', 'Retro', 'Pixel Graphics', 'Exploration', '2D', 'Short']",Mostly Positive,Renegade Kid,2,4,3,2,positivo
Codex,76561198168917398,Xeodrifter™,"This is a platformer with a wide range of abilities that you unlock throughout the game ranging from stuff that basically just unlocks new areas for you, to abilities you will actually use in your next boss fight. I have to say its alot of fun and i defenitely got my moneys worth, I mean its 1.00$ right now im not going to complain. Deaths can be very unforgiving when your trying to make your way to the next boss and you die lets say right before the boss door, you just lost about 10-15 min of you life, but hey i like a challenge so im not complaining. Bosses literally look the same but do have slight tweaks to make them more difficult, unlike dying on your way to the boss though when you die fighting a boss you spawn right next to the boss door again so no worries there. Im basically just viewing this as a somewhat enjoyable game to occupy me for the week, its not bad my no means but i will forget about it within the month.","['Indie', 'Action', 'Metroidvania', 'Platformer', 'Retro', 'Pixel Graphics', 'Exploration', '2D', 'Short']",Mostly Positive,Renegade Kid,2,4,3,4,positivo
[STA] Cheeto,76561197960277861,Xeodrifter™,"I'm glad I didn't spend more than a dollar on this. The graphics are good, the music is great. The challenge isn't incredible, but the gameplay is rather solid. Why don't I recommend this? It crashes about once every 20 minutes, and hard-locks if I try to enable controller support. Playing with the keyboard is awful with the default keys, and without a controller, pretty much impossible to play as well as intended/possible. With no dev support to fix these issues, I can't recommend giving them any money for this game. The boss is interesting, starting with simplistic controls and graduating to more and more complex patterns, but it depends on personal taste as to whether that's a good thing to you or not.","['Indie', 'Action', 'Metroidvania', 'Platformer', 'Retro', 'Pixel Graphics', 'Exploration', '2D', 'Short']",Mostly Positive,Renegade Kid,2,3,4,3,negativo
drdouglasdark,76561198054519435,Xeodrifter™,Apart from the repetitive boss battles which can be painfully tedious this game is a good Cave Story clone.,"['Indie', 'Action', 'Metroidvania', 'Platformer', 'Retro', 'Pixel Graphics', 'Exploration', '2D', 'Short']",Mostly Positive,Renegade Kid,2,3,4,3,positivo
Varshyl,76561197990194469,Xeodrifter™,"Good game but bit short, was fairly challenging at start.  I'd recommend it only if it's at $5 or less.","['Indie', 'Action', 'Metroidvania', 'Platformer', 'Retro', 'Pixel Graphics', 'Exploration', '2D', 'Short']",Mostly Positive,Renegade Kid,2,4,3,3,positivo
Rickityr3kt,76561197992764918,Xeodrifter™,"Another♥♥♥♥♥♥port from the devs that brought us Mutant Mudds. Game randomly crashes and if you have a high refresh rate monitor its unplayable. Also, the fact it doesn't automatically detect controller but you have to use the drop down menu like you would in windows is dumb as hell.","['Indie', 'Action', 'Metroidvania', 'Platformer', 'Retro', 'Pixel Graphics', 'Exploration', '2D', 'Short']",Mostly Positive,Renegade Kid,1,2,2,3,negativo
Scythe1344,76561197987498188,Xeodrifter™,A very nice and challenging Metroidvania game. The looks and sounds match the genre well.,"['Indie', 'Action', 'Metroidvania', 'Platformer', 'Retro', 'Pixel Graphics', 'Exploration', '2D', 'Short']",Mostly Positive,Renegade Kid,3,4,4,4,positivo
mr. nails,76561197969372390,Xeodrifter™,"Xeodrifter is a Metroidvania for the 3DS that got ported to Steam.  It's pretty damn good too, but extremely short in under 4 hours to beat.  The game offers hidden weapon upgrades, hidden health upgrades and the power ups you need to get to new areas are only provided from defeated bosses.  Speaking of bosses that's this games only weak point (minus the length of course).  There's only ONE boss throughout the entire game, but you fight this ONE boss 10 times or so.  Everytime you meet up with this guy he just gets a little tougher each time. One really GREAT concept is the jumping back and forth between the foreground and the background.  I'm not sure if I've ever did that in a game before.  Either way, it was fun to do and a welcome edition for Metroidvania's that I'm hoping makes it to others games in the genre. If you enjoy fun gameplay, a great soundtrack and Metroidvania style gameplay this game is for you.  A tad bit on the short side so grab it on sale to negate buying remorse.  And always make sure to check for hidden rooms through false walls!  ;)","['Indie', 'Action', 'Metroidvania', 'Platformer', 'Retro', 'Pixel Graphics', 'Exploration', '2D', 'Short']",Mostly Positive,Renegade Kid,2,4,4,3,positivo
Queen HawlSera,76561198001408368,Yooka-Laylee,"Delayed getting this due to PC Issues and the negative press, don't buy into the Yooka Laylee hate train. If you like 3D Platformers and Colorful worlds, and wishing the gaming industry would go back to this instead of making 2D 8bit ""SO RETRO!!111"" cash-ins and dime-a-dozen gritty FPSes. This one's for you.","['3D Platformer', 'Adventure', 'Kickstarter', 'Indie', 'Colorful', 'Platformer', 'Great Soundtrack', 'Family Friendly', 'Action', 'Exploration', 'Cute', 'Singleplayer', 'Funny', 'Retro', 'Casual', 'Open World', 'Comedy', 'Cartoony', 'Multiplayer', 'Female Protagonist']",Very Positive,Playtonic Games,3,4,5,2,positivo
Mituki,76561197989777519,Yooka-Laylee,If you grew up in the 90's playing 3D platformers: buy this game.,"['3D Platformer', 'Adventure', 'Kickstarter', 'Indie', 'Colorful', 'Platformer', 'Great Soundtrack', 'Family Friendly', 'Action', 'Exploration', 'Cute', 'Singleplayer', 'Funny', 'Retro', 'Casual', 'Open World', 'Comedy', 'Cartoony', 'Multiplayer', 'Female Protagonist']",Very Positive,Playtonic Games,3,5,4,2,positivo
Homunculus,76561198048712516,Yooka-Laylee,going to refund and rebuy it when the price goes down one day. Just dont feal like its worth 40$ something more like 20 or 25 seams a little better,"['3D Platformer', 'Adventure', 'Kickstarter', 'Indie', 'Colorful', 'Platformer', 'Great Soundtrack', 'Family Friendly', 'Action', 'Exploration', 'Cute', 'Singleplayer', 'Funny', 'Retro', 'Casual', 'Open World', 'Comedy', 'Cartoony', 'Multiplayer', 'Female Protagonist']",Very Positive,Playtonic Games,2,3,4,2,negativo
chadandbrandyjohnson,76561198030693229,Yooka-Laylee,"It's a platform game that hearkens back to the days of Banjo-Kazooie.  If you're reading this, you already know what to do.  Click Add to Cart now!","['3D Platformer', 'Adventure', 'Kickstarter', 'Indie', 'Colorful', 'Platformer', 'Great Soundtrack', 'Family Friendly', 'Action', 'Exploration', 'Cute', 'Singleplayer', 'Funny', 'Retro', 'Casual', 'Open World', 'Comedy', 'Cartoony', 'Multiplayer', 'Female Protagonist']",Very Positive,Playtonic Games,3,5,4,2,positivo
StarDust,76561198082219377,Yooka-Laylee,"If you love old style platformers where you are scavenging the land to find 200 quills in this case and loved banjo kazooie then you will love this game! In this unique platformer you don't start off with all of your abilities. you start with a couple basic ones and as you progess and find more quills you use them as money and buy more abilities that you will need to progress through different areas in each of the different worlds. The characters are so loveable and the dialogue is great! plus there is alot of different things to do in each world like racing someone and trying to win, transforming into different characters, changing the weather and more. Plus there is an ""evil quiz"" inbetween worlds where the villan asks you a series of questions to try and stall you or hold you back and you have to get a certain amount right to proceed. The fun part of that though is that all the questions are based on your experiences while exploring the previous world. Like what color was this character ect. I wasn't paying to close attention, i was just doing everything i could and enjoying playing the game and got through the first quiz with no trouble at all. The first one was pretty easy actually! This is an amazing platformer that is worth your attention if you love old classic collectathons! Plus the visuals are stunning!!","['3D Platformer', 'Adventure', 'Kickstarter', 'Indie', 'Colorful', 'Platformer', 'Great Soundtrack', 'Family Friendly', 'Action', 'Exploration', 'Cute', 'Singleplayer', 'Funny', 'Retro', 'Casual', 'Open World', 'Comedy', 'Cartoony', 'Multiplayer', 'Female Protagonist']",Very Positive,Playtonic Games,4,5,5,2,positivo
CtrlAltDestroy,76561197993891197,Yooka-Laylee,"Huge, empty worlds that are gorgeous and exciting to explore for the first time, but are painfully tedious to scour for the last few collectables? Only 5 worlds and a hub, but they’re all unnecessarily massive? A bunch of annoying physics puzzles, racing challenges, and timers? Hidden bonus challenges that make you want to tear your hair out? Wait a minute, this isn’t Banjo-Kazooie. This is Super Mario Sunshine! Seriously, Yooka-Laylee makes more sense when you look at it as a successor to Sunshine, a game that got just about as much hate as it got love. Like Sunshine, I feel that Yooka-Laylee simultaneously deserves all the love it gets, but also all the hate it gets. I haven’t felt so perfectly ambivalent over a game in a very long time. I had a lot of fun with this game, hence the thumbs-up, but I can perfectly understand why some people don’t like it. If you had a love/hate relationship with Sunshine, you can probably expect to feel exactly the same about Yooka-Laylee. For starters, the game makes a good first impression. The worlds look beautiful, the controls feel solid, and the character designs are hilariously awkward, true-to-form Rareware designs. The music is fantastic, when one of the David Wise tracks comes on. The jibberish speech and the constant barrage of fourth wall-breaking jokes and surprising double entendres often got a chuckle from me (although I have a feeling you’re going to like the jokes exactly as much as you like the game as a whole – the same way that you only really like a person’s jokes if you like that person). I felt that the best part of the game was the magical feeling of diving into a fresh new world full of details and quills and pagie challenges, and spending about an hour jumping on every rock, swimming in every puddle, getting lost and exploring every corner of the world. It was also fun to purchase all the world’s moves as soon as possible to see what they could do. While the game is far from being a Banjo-Kazooie clone, I felt it succeeded in evoking that “bring me the horizon” feel that a collect-a-thon should. But that initial impression wears off, leaving you with quite a bit of tedium to go through. To be fair, I define a challenge as something that’s unfun to play, but fun to win, and I feel that games have every right to be frustrating, annoying, obtuse, grindy, or intentionally trolling, as long as it feels great to finally win the prize in the end. I don’t feel that games need to value your time at every second of the experience -- sometimes the initiative is supposed to come from the player to play the game, and that's fine. With that out of the way, I’ll be blunt: there are several points where this game wants to frustrate you on purpose, and it doesn’t apologize for it. At every turn you’ve got unfairly hidden secrets, memorization-based bosses, annoying obstacle courses with tight timers, dead-ends, puzzles that don’t explain themselves, trivia quizzes, and slippery slopes that’ll send you careening into the pit. While this isn’t a Kaizo-style game by any means, it is a very trolling game that doesn’t always value your time. And that’s perfectly fine – as long as you’re in the mood for this kind of game. If you’re the kind of gamer that likes to conquer annoying challenges and laugh in their faces (and I’m not kidding, in this game has a face), you may just love overcoming this game’s challenges. But if you feel offended that your time is being wasted, you’ll probably hate it. It’s totally subjective, and at several points during play I flip-flopped between the two mindsets repeatedly, so I understand both sides. As far as complaints go, I suppose the biggest problem I had with the game was how hollow and samey it felt after a while. The worlds are colorful and polished, but after a while I couldn’t shake the feeling that they were just Unity sandboxes. Very detailed and pretty sandboxes, granted, but they sorely lack a dynamic feel; it doesn’t feel like your progress is doing anything besides making quills and pagies disappear from the map. Every world checks off a few boxes: One boss, 5 ghostwriters, 200 quills, one arcade machine, one minecart ride, one pagie requiring you to find several characters who are standing around, one pagie requiring you to take a grand tour of the world through Superman 64-style rings, at least one race through Superman 64-style rings, one or two pagies you can only get using a transformation, a few pagies requiring you to climb to the top of something, a few pagies requiring you to hit buttons, usually on a time limit, a few pagies that require you to find and use a nearby berry bush or edible object… and honestly, little else. There are only about 5 types of enemies in the game, too. This game could have done with a dose of more variety. A dose. But I get the feeling that a lot of planned content was cut to get the game released faster, so I guess I’ll just save my hopes for a sequel. Subjective complaints aside, I have a few mechanical criticisms with the game: * While I didn’t mind the difficulty of the game’s boss fights, they give almost zero tactile feedback when they take damage, so it’s hard to tell if you’re even doing damage or progressing the fight. They really need that Zelda-esque red flashing effect. * There are some areas of the game that force a fixed camera. If you fly into these areas, steering accurately becomes almost impossible. They added a free camera option in the latest patch, but then you have to completely control every aspect of the camera at all times, and that’s a bit more trouble than it’s worth. Personally I think they should have just disabled the fixed camera if you're flying. * In a lot of places, the clipping needs some serious work. Like in that one room in world 5 where you have to fix the pipes – they didn’t even . * The FOV is a bit too high. I’m guessing they did this to make the far-off distances look a bit farther away, adding to the illusion that the worlds are huge, but the ever-so-slight tunnel vision distortion makes it hard to judge distances when platforming. * The flight power. Is it fun? Hell yes, but it also renders all the other powers obsolete, except those required by specific Metroidvania-style barriers. It also lets you cheese almost all of the platforming puzzles, which honestly felt like cheating, especially in parts like the Rampo boss or the dark cave in world 2. If you beat the challenges before getting flight, you feel like a fool, and if you beat them after getting flight, you feel like you cheated. There’s no even medium that feels satisfying. Overall, while it’s not a good Banjo-Kazooie successor, I can’t deny that it managed to capture of its magic (and some of Super Mario Sunshine’s magic, for that matter). I enjoyed taking in the aesthetics of the wide polished worlds, and I enjoyed the satisfaction of conquering the game’s stupid challenges, of getting trolled and trolling the game back. I personally had a 7 / 10 experience, but don’t take my word for it – this is a polarizing game, you may really like it or really hate it, but definitely try it out if you're hungering for a Nintendo-styled collect-a-thon and form your own opinion. While I’m personally not eager to play the game again anytime soon, I’m definitely looking forward to a bigger, more varied sequel if one might ever be feasible. (Achievement hunters can expect to get 100% in as little as 15 hours, or as much as 40, depending on how much you want to use a guide. Most everything in this game is fundamentally easy, the problems are knowing where to find stuff and knowing which power to use.)","['3D Platformer', 'Adventure', 'Kickstarter', 'Indie', 'Colorful', 'Platformer', 'Great Soundtrack', 'Family Friendly', 'Action', 'Exploration', 'Cute', 'Singleplayer', 'Funny', 'Retro', 'Casual', 'Open World', 'Comedy', 'Cartoony', 'Multiplayer', 'Female Protagonist']",Very Positive,Playtonic Games,3,3,4,4,neutral
『 Ari 』,76561198089342645,Yooka-Laylee,Definitely a spiritual successor to Banjo...,"['3D Platformer', 'Adventure', 'Kickstarter', 'Indie', 'Colorful', 'Platformer', 'Great Soundtrack', 'Family Friendly', 'Action', 'Exploration', 'Cute', 'Singleplayer', 'Funny', 'Retro', 'Casual', 'Open World', 'Comedy', 'Cartoony', 'Multiplayer', 'Female Protagonist']",Very Positive,Playtonic Games,3,4,4,2,positivo
[GA] Doops,76561197963973496,Yooka-Laylee,<3 Collectables <3,"['3D Platformer', 'Adventure', 'Kickstarter', 'Indie', 'Colorful', 'Platformer', 'Great Soundtrack', 'Family Friendly', 'Action', 'Exploration', 'Cute', 'Singleplayer', 'Funny', 'Retro', 'Casual', 'Open World', 'Comedy', 'Cartoony', 'Multiplayer', 'Female Protagonist']",Very Positive,Playtonic Games,2,4,4,2,positivo
aironneil,76561198022711313,Yooka-Laylee,"While I have many problems with this game, I don't think it's as bad as people on the internet act like it is. First off, aside from aiming with a power, the controls in the game are actually pretty good. It’s just that about every interaction with the game feels sloppy; for example, it was common for enemies to hit you even though you’re in the middle of an attack animation at them (felt like they’d go through your attack randomly), everything you can use your tongue on feels vague and random (what I mean is, the required distance and what your tongue will actually go for is mostly beyond your control if objects are somewhat close together), it seems oddly hard to just move in a straight line and you end up commonly moving in a curvy zig-zag motion constantly correcting yourself (you eventually get used to it, but it’s very weird getting to grips with it when it isn’t a problem for me in any other game), as well as other smaller things. The mini games are all a mixed bag ranging between horrible to okay and should have had much more time put on them (not that the mini games in Banjo-Tooie were much better). And the level design is also very good in places, and even does a good job at leading the player on where else to go in the level; it’s just that the things ruining that are whenever you die and whenever you move to a different area. Areas are connected at several points, though this seems like a good idea, it makes getting lost very easy to do since the transition doesn’t follow the same space logic as the areas themselves and just teleport you somewhere. Now the one level where this was fixed was in the Space world level since you can get to almost all areas without teleporting and the areas you do have to teleport  to are distinct on the outside from all the others so you don’t get it mixed up with other areas (one even, straight-up, has a sign on top of it). That’s not even mentioning how very helpful the quills are for finding new areas since they pretty much say to you that you haven’t been here yet; I just wish there was something on top of the quills (or a lot more quills meant to lead you places) because once you collect a large portion of them finding the rest will have you constantly running in circles. Of course all of that could be avoided if the levels weren’t so friggin big; which is probably what these guys like to do because I had the same problem with Banjo-Tooie back in the day (oddly enough, no one seems to point out how Tooie had this problem too but still seem to love it then complain about this game’s large levels). Aside from all of that though, everything else is great. The music is fantastic, the character design is fantastic (Trowzer is the best♥♥♥♥♥♥♥joke ever), and the story is…well charming (but the self-awareness of the characters gets a little over played). Fact is, I agree with most people, it’s mediocre. But I recommend Yooka-Laylee because it’s still very enjoyable in many places, just so long as you can get past its rougher points.","['3D Platformer', 'Adventure', 'Kickstarter', 'Indie', 'Colorful', 'Platformer', 'Great Soundtrack', 'Family Friendly', 'Action', 'Exploration', 'Cute', 'Singleplayer', 'Funny', 'Retro', 'Casual', 'Open World', 'Comedy', 'Cartoony', 'Multiplayer', 'Female Protagonist']",Very Positive,Playtonic Games,3,3,4,3,positivo
Streeky Flinders,76561197998851273,Yooka-Laylee,"A pretty simple and fun action, adventure, puzzle, and platformer that has a bit of a nostalgic vibe to it based off of the classic Nintendo 64 game Banjo Kazooie. The music is nice plus the humor is spot on from 4th wall breaking to mature humor moments (like the Bat Ship Crazy part in the beginning of the game for example.)","['3D Platformer', 'Adventure', 'Kickstarter', 'Indie', 'Colorful', 'Platformer', 'Great Soundtrack', 'Family Friendly', 'Action', 'Exploration', 'Cute', 'Singleplayer', 'Funny', 'Retro', 'Casual', 'Open World', 'Comedy', 'Cartoony', 'Multiplayer', 'Female Protagonist']",Very Positive,Playtonic Games,4,4,4,2,positivo
Substance,76561197995369485,Yooka-Laylee,"I'm not a fan of Banjo Kazooie and Tooie, they are a product of the 90's, they were massive collectathons with stiff animation, clunky controls and poor framerates. They also featured notoriously frustrating final boss fights which beat you down hard and had you restart the entire fight all over again. Yooka Laylee is essentially Banjo Threeie, Laylee is pretty much a dead ringer for Kazooie (personality wise). The modern graphics and powers afforded by the PC ensure a smooth experience, controls feel tight and responsive, and framerate is a silky smooth 60fps, so in that regard it is a step up from its predecessors. The graphics and presentation in atleast 4 of the 5 worlds is very Rare like, with charming oogly eyes on everything and everyone. The music is not on the same level, David Wise and Grant Kirkhope had some amazing soundtracks during the Rare SNES/N64 days, but the stuff here isnt even close to their best. Rare's classic formula is back in full swing, a couple of worlds (check), lots of jiggies (in this case, quills) and about 100 pagies needed to get to the final boss. YL features 5 worlds + 1 hub world, 4 out of the 5 worlds are actually quite good while 1 is just tedious and uninspiring (Casino world). YL follows Banjo's blue print to a T, even having the infamous death bridge quiz, where you need to get 10 answers right to advance to the next area, these are quite easy. There were times where I lost patience, wanting to finish the game as quick as possible while other moments where I was getting bored and had to push myself to reach the finish line. Hard to believe a game in 2017 doesnt have a map or fast travel. I challenged the final boss after 103 pagies, found out his pattern after a little frustration and put him out of his misery. I'd strictly only recommend this game to fans of Rare and to people who really enjoyed the Banjo games. Here's hoping the upcoming Super Mario Odyysey impresses me and shows me that there is life yet in the open world 3D platformer cause I nearly wanted to stop playing YL a few times. Better luck next time to the ex Rare team.","['3D Platformer', 'Adventure', 'Kickstarter', 'Indie', 'Colorful', 'Platformer', 'Great Soundtrack', 'Family Friendly', 'Action', 'Exploration', 'Cute', 'Singleplayer', 'Funny', 'Retro', 'Casual', 'Open World', 'Comedy', 'Cartoony', 'Multiplayer', 'Female Protagonist']",Very Positive,Playtonic Games,3,4,4,3,neutral
Lior,76561198198847683,Yooka-Laylee,"Very Relaxing Game, Excellent Cartoon Graphics !!","['3D Platformer', 'Adventure', 'Kickstarter', 'Indie', 'Colorful', 'Platformer', 'Great Soundtrack', 'Family Friendly', 'Action', 'Exploration', 'Cute', 'Singleplayer', 'Funny', 'Retro', 'Casual', 'Open World', 'Comedy', 'Cartoony', 'Multiplayer', 'Female Protagonist']",Very Positive,Playtonic Games,2,4,5,2,positivo
Crypt Kiddie,76561198012650407,Yooka-Laylee,"Yooka-Laylee could have been the perfect game. All of the pieces were ripe and ready to fall into place. And yet somehow the product is of lesser value than the sum of its parts. How can this possibly be? Allow me to break it down: I would like to quickly and concisely address the camera right from the get go. It can be incredibly annoying at certain points ( I recall it violently shaking during some sliding segments) but it is fine more the most part, at least in the big wide open areas (which is every area). To get more obvious points out of the way that people love to harp on: yes, the game has a very ""empty"" feel to it. Very large worlds with not much to fill them. It can be easy to find yourself lost once in a while. I'm already getting bored writing this review, I'm ready to put this game behind me and get it out of my brain. I won't call it utter garbage, but it really felt like a chore to finish as I was approaching my 100th pagie. And wait, I almost forgot to mention the final boss. The combat in this game is lackluster at best (I'm used to INCREDIBLY FLASHY combat I play fighting games) so you already know that the boss fights are going to be weird. Just spin your tail around a lot, mash that junk like you're playing Kingdom Hearts or something. There's a pool of acid hanging around during the final phases of the boss (this boss has too many phases) and during one of the shifts Capital B (spoilers) fell into the acid and the game soft locked. It was total BS! I was sad because I had to start the whole fight over again after that. My biggest pet peeve about the game is this: Yooka is still ""active"" while cutscenes are running. So for example, a cutscene is playing during an underwater sequence BUT YOU ARE STILL RUNNING OUT OF AIR EVEN THOUGH YOU HAVE NO CONTROL OF YOUR CHARACTER. So I'm watching a giant ice key unlock an underwater door and at the same time watching my character drown with no options as to what I can do to save him. I experienced the same kind of thing during the later phases of the final boss as well. He was switching from phase 3 to 4 so I had no control of Yooka but one of the boss's shockwaves was still in play and hit me so I lost a little butterfly for that. THIS IS TERRIBLE GAME DESIGN. I should not be taking damage during cutscenes. Period. I think forcing myself to slog through until the end of this game has made me insane. I am literally insane now. Thanks for reading my review.","['3D Platformer', 'Adventure', 'Kickstarter', 'Indie', 'Colorful', 'Platformer', 'Great Soundtrack', 'Family Friendly', 'Action', 'Exploration', 'Cute', 'Singleplayer', 'Funny', 'Retro', 'Casual', 'Open World', 'Comedy', 'Cartoony', 'Multiplayer', 'Female Protagonist']",Very Positive,Playtonic Games,2,2,2,3,negativo
evawdnuoScimotA,76561198171146837,Yooka-Laylee,"I want to start this review by mentioning that I didn't play the games like Banjo Kazooie and have no nostalgia for it. World design; others may say the worlds are too big and I can see why, they are huge but I like this. Worlds are beautiful and I like the way each feels different. The challenges; I liked most of them, so e I did and I thought they could have had more to them but it was not a game ruiner for me. The bosses; 1 was kinda boring, 2 was a bit better, 3 I liked a lot, same for 4 and I enjoyed 5, THe final was kinda frustrating at first but once I remembered patterns I found the bosses enjoyable (3,4,5, Capital B). Rextros 'fun' arcade games; they weren't so bad to ruin the game, the only one I had a problem with (because it was super frustrating) was Hurdle Hijinx, it was just too long not a bad challenge. I liked the Hub World, I liked it's size and so many rooms and enjoyed moving around in it. Others have metioned the controls which some are very loose (flying) but I ghenerally felt they were tight. The characters I liked a lot. Yooka seems like cool guy who would be a nice friend and he was always patient. Laylee the Bat, she was so sassy, her interaction with the other characters was almost insulting but like friends would do, she was almost mean but not quite there. Trowzer was a big egomaniac who was just like 'I'm the best' all the time. THe other characters were pretty good but they seemed like they were a bit randomly placed sometimes. The transformations I did like minus the flower because that was slow. The humour was totally my taste, stupid bad puns, Capital B's business jokes I liked but he had something against Yooka not having clothes on, I thought this was a bit weird. In total I would probably say 7-8/10, I will look foward to a sequel and hope plauytonic will improve on the not so good parts of the game.","['3D Platformer', 'Adventure', 'Kickstarter', 'Indie', 'Colorful', 'Platformer', 'Great Soundtrack', 'Family Friendly', 'Action', 'Exploration', 'Cute', 'Singleplayer', 'Funny', 'Retro', 'Casual', 'Open World', 'Comedy', 'Cartoony', 'Multiplayer', 'Female Protagonist']",Very Positive,Playtonic Games,3,4,4,3,positivo
cobby,76561197983042773,Yooka-Laylee,yooka -laylee is a pretty good kickstarter and platformer so far. however it has a few problems the worst one is the camera i know they are trying to fix it. it makes it dificult to play this game. however there are a few pros. the graphics are outstanding like you are playing a cartoon it gets a 9.5 controls are pretty good so far it take a while to get used to it gets a 8. sound is by far the best this thing in this game however the voice acting is a bit grating at times it gets a 10 for the music and 7 for the voice acting. it is a good kickstarter and platformer its just the camera lets it down a bit recommend,"['3D Platformer', 'Adventure', 'Kickstarter', 'Indie', 'Colorful', 'Platformer', 'Great Soundtrack', 'Family Friendly', 'Action', 'Exploration', 'Cute', 'Singleplayer', 'Funny', 'Retro', 'Casual', 'Open World', 'Comedy', 'Cartoony', 'Multiplayer', 'Female Protagonist']",Very Positive,Playtonic Games,3,4,5,3,positivo
TUmaDO,76561198024329605,Yooka-Laylee,"THIS game reminds me of how games used to be, when i was kid , i played a lot of crash bandicot,spyro and many others, but since those old days there where not many games like this one, and i kind felt like something was missing, but the arrival of this game made me want to buy it, didn´t even cared to get pirated, since i use pirated versions as demos(better safe than sorry!) anyway this game is great looks lovely , plays great( some issues with camera) found 0 glitches ( its very rare) and i freaking love the ""voice acting"" its just like the old games! BUY DON´T WASTE MORE TIME!","['3D Platformer', 'Adventure', 'Kickstarter', 'Indie', 'Colorful', 'Platformer', 'Great Soundtrack', 'Family Friendly', 'Action', 'Exploration', 'Cute', 'Singleplayer', 'Funny', 'Retro', 'Casual', 'Open World', 'Comedy', 'Cartoony', 'Multiplayer', 'Female Protagonist']",Very Positive,Playtonic Games,4,4,5,3,positivo
Rakros39,76561198057941469,Yooka-Laylee,"Such a great game, stays true to the old school games, where exploration is rewarded, plenty of colorful memorable characters, and full of witty dialogue.","['3D Platformer', 'Adventure', 'Kickstarter', 'Indie', 'Colorful', 'Platformer', 'Great Soundtrack', 'Family Friendly', 'Action', 'Exploration', 'Cute', 'Singleplayer', 'Funny', 'Retro', 'Casual', 'Open World', 'Comedy', 'Cartoony', 'Multiplayer', 'Female Protagonist']",Very Positive,Playtonic Games,4,5,5,3,positivo
C. Viper,76561198033470545,Yooka-Laylee,"Great adventure, I prefer it more than Banjo-Kazooie.","['3D Platformer', 'Adventure', 'Kickstarter', 'Indie', 'Colorful', 'Platformer', 'Great Soundtrack', 'Family Friendly', 'Action', 'Exploration', 'Cute', 'Singleplayer', 'Funny', 'Retro', 'Casual', 'Open World', 'Comedy', 'Cartoony', 'Multiplayer', 'Female Protagonist']",Very Positive,Playtonic Games,3,5,4,2,positivo
CrashGameReviews,76561198077096715,Yooka-Laylee,"What I didn't like: The worlds are actually too big. there's definetly more style over substance here, with no landmarks to tell you where you are, early on you'll be confused and wandering around the same areas of each world multiple times and finding things like the ""Mollycools"" or what ever they're called will result in you pulling your hair out as you scramble and search every corner of these oversized yet empty maps. I would have liked smaller levels with more care put into them. that way we could have had more unique worlds besides Mayan world, Ice world, Water world etc. I hate that if you fail a boss battle you'll end up repeating the opening dialogue instead of dropping right into the fight. The Ice cube Boss Specifically. The boss battles are bland and boring. I would carelessly jump through them and make stupid mistakes because they were too long winded and uninteresting. they're usually a stationary target or one whom is easy to attack but just takes too long to kill. The voices are annoying and i find my self skipping through all the dialogue when playing to avoid the noise The camera controls make me dizzy and feel sick. Motion sickness people beware. The game feels unfinished the enemies in the game are basically copy and pasted through out the game, they all look the same. they're little goblin things of different colors. It feels like though they were given 2 million dollars to play with, they didn't expand from what they had in mind with their original kickstarter goal of 120K. it feels like this game could have still been made on 120K. half of the moves involve you firing projectiles of some sort. What I like: Yooka and Laylee are adorably cute and the only part of the game i can say i 100% loved The music is pretty good, a-lot of it reminds me of DK 64 and other RARE titles so good on them for the music. The attempt at adding mini games is fun. I liked the jokes on occassion when i didn't skip through them. The Xbox one controller layout is great. Yeah basically buy this on sale. otherwise it's not worth it.","['3D Platformer', 'Adventure', 'Kickstarter', 'Indie', 'Colorful', 'Platformer', 'Great Soundtrack', 'Family Friendly', 'Action', 'Exploration', 'Cute', 'Singleplayer', 'Funny', 'Retro', 'Casual', 'Open World', 'Comedy', 'Cartoony', 'Multiplayer', 'Female Protagonist']",Very Positive,Playtonic Games,2,2,3,3,negativo
Buraun,76561198058369472,Yooka-Laylee,I fell in love with this game the instant when the theme started playing. So far I've had fun playing this game (Note: I'm using controller) Sure the vocal audio can get pretty annoying... I still love this game.,"['3D Platformer', 'Adventure', 'Kickstarter', 'Indie', 'Colorful', 'Platformer', 'Great Soundtrack', 'Family Friendly', 'Action', 'Exploration', 'Cute', 'Singleplayer', 'Funny', 'Retro', 'Casual', 'Open World', 'Comedy', 'Cartoony', 'Multiplayer', 'Female Protagonist']",Very Positive,Playtonic Games,3,4,5,2,positivo
Redblaze27,76561198002465515,Yu-Gi-Oh! Legacy of the Duelist,Pro's: - Wide variety of cards at your disposal - Online Play - Native Mouse Support + Full Controller Support Cons: - Konami - $85 in DLC,"['Card Game', 'Anime', 'Trading Card Game', 'Multiplayer', 'Simulation', 'Strategy', 'Singleplayer']",Very Positive,Other Ocean Interactive,3,4,4,3,positivo
LoOOoLq8,76561198068180362,Yu-Gi-Oh! Legacy of the Duelist,IF YOU WANT STORY ( THERE IS NO FULL STORY ) IF YOU WANT TO PLAY ONLINE ( THERE IS NO ONE ONLINE ) IF YOU LIKE YU-GI-OH AND PLAY IT FOR FUN ( YOU CAN BUY IT JUST FOR FUN ),"['Card Game', 'Anime', 'Trading Card Game', 'Multiplayer', 'Simulation', 'Strategy', 'Singleplayer']",Very Positive,Other Ocean Interactive,1,3,2,2,negativo
Vlad The Inhaler,76561198155407778,Yu-Gi-Oh! Legacy of the Duelist,"doesn't get to much better then this Yu-Gi-Oh on steam. deck builder could use alittle work UI wise, other then that this game is super solid. 9/10","['Card Game', 'Anime', 'Trading Card Game', 'Multiplayer', 'Simulation', 'Strategy', 'Singleplayer']",Very Positive,Other Ocean Interactive,3,4,4,3,positivo
RiceSaki,76561197996481059,Yu-Gi-Oh! Legacy of the Duelist,I love playing Yu-Gi-Oh! Pros: You can play anytime. Cons: Annoying and repetitive messages to activate certain cards.,"['Card Game', 'Anime', 'Trading Card Game', 'Multiplayer', 'Simulation', 'Strategy', 'Singleplayer']",Very Positive,Other Ocean Interactive,3,4,4,2,positivo
jessbrooke,76561198212605888,Yu-Gi-Oh! Legacy of the Duelist,"This game is amazingly good at avoiding the mistakes other Yu-Gi-Oh franchise games make, including the ones the card game makes. More puzzle oriented than Hearthstone or similar, but you can still build your deck like in an TCG. The game is not too fast-paced and you can redo tutorials if you have trouble remembering things. New mechanics are usually easily learned and intuitive, which is good for someone like me who has quit the actual Yu-Gi-Oh card game for becoming too different from how you learned to play it and getting all rusty because of it.  The game also summarizes the plot from the show for those who don't know it, and is skippable for those who don't care for it. Unfotunately, the cutscenes are just a little wooden, they need more life and spark. There is also the fact 5Ds is in it, I have no problem with it because no actual motorbike driving is involved in the gameplay (I'm terrible at driving games), but some people might. Still a solid 8/10, actually made me feel a sense of victory and nostalgia. But I am stuck on how to defeat a few specific characters.","['Card Game', 'Anime', 'Trading Card Game', 'Multiplayer', 'Simulation', 'Strategy', 'Singleplayer']",Very Positive,Other Ocean Interactive,4,4,3,3,positivo
Ike5598,76561198282586003,Yu-Gi-Oh! Legacy of the Duelist,OMG!!,"['Card Game', 'Anime', 'Trading Card Game', 'Multiplayer', 'Simulation', 'Strategy', 'Singleplayer']",Very Positive,Other Ocean Interactive,2,5,4,3,positivo
Sonic exe,76561198156819096,Yu-Gi-Oh! Legacy of the Duelist,good games pc <3 <3 <3,"['Card Game', 'Anime', 'Trading Card Game', 'Multiplayer', 'Simulation', 'Strategy', 'Singleplayer']",Very Positive,Other Ocean Interactive,2,5,4,2,positivo
A88mph,76561198041101788,Yu-Gi-Oh! Legacy of the Duelist,"*I got this game as a gift at Christmas* Another game for a 20-year old series that still has a lot to offer, even if the current state of the game is a bit too fast for this seasoned Duelist. It dose everything you would expect from a card game: only better. Since all the rules are enforced by the computer, there is no cheating (hopefully). Plus there are also option for Draft Play via the Battle Pack sets. The only missteps with this game is that they removed the long-standing feature to punch in the code on the bottom of your real cards, so that you could quickly unlock them in this game. Also, there are not ""Speed Duels"" that were in the DS games. Why dose Konami not want us to play in that format. I think it adds some more depth to the game, without needlessly complicating it. Also, Multiplayer is a bit lacking.... as in not many play. Also, while the banned cards list is not enforced at all in single player mode, there is no way to play in custom formats with friends, and it's annoying.","['Card Game', 'Anime', 'Trading Card Game', 'Multiplayer', 'Simulation', 'Strategy', 'Singleplayer']",Very Positive,Other Ocean Interactive,3,4,3,2,neutral
Kohjoh_Vlogz,76561198145137111,Yu-Gi-Oh! Legacy of the Duelist,"This game is fun, HARD and it brings back so much memories of my childhood nostalgia. My ONLY problem with this game is when you buy card packs (8 cards) you got to buy them individually and unwrap them...when theres over 6000+ cards in the game you'll be sitting there for HOURS unwrapping every pack trying to get every card (and you will get duplicates) so its kinda frustrating, you think they'd have something to buy like 20 and then open all at the same time but there isnt!!! But still a great game!! And if there's a way to open multiples at a time then I'll change my mind and say buy this game right now but the grinding you gotta do is kinda stupid.","['Card Game', 'Anime', 'Trading Card Game', 'Multiplayer', 'Simulation', 'Strategy', 'Singleplayer']",Very Positive,Other Ocean Interactive,3,4,4,4,positivo
Toffee,76561198162782180,Yu-Gi-Oh! Legacy of the Duelist,I now live and breathe in the Shadow Realm. Hail Exodia.,"['Card Game', 'Anime', 'Trading Card Game', 'Multiplayer', 'Simulation', 'Strategy', 'Singleplayer']",Very Positive,Other Ocean Interactive,2,5,4,3,positivo
Wolvenfire86,76561198012931704,Yu-Gi-Oh! Legacy of the Duelist,"As much as I love Yu-Gi-Oh, there is a difference between playing the card game and a massive grind-fest. You can’t buy individual cards and that kills this entire game for me. I don’t like scrapping by with random packs: I like making decks that are cool. Some duels are nostalgic and fun, but they give you the option of playing with your own deck which effectively lowers the difficulty of the game to nothing. And anyone with sense knows that gen 1’s decks are super weak so why even bother using their decks when you can re-watch the show?","['Card Game', 'Anime', 'Trading Card Game', 'Multiplayer', 'Simulation', 'Strategy', 'Singleplayer']",Very Positive,Other Ocean Interactive,3,2,3,1,negativo
Bydluck,76561197999069485,Yu-Gi-Oh! Legacy of the Duelist,Best yu-gi-oh game on pc. But I won't recommend due to idiotics dlc politics. It's funny how they cut one card required for a deck (Frightfur) and keep all other cards in base game. Edge Imp Sabres in dlc but fusion monsters available in the base game...,"['Card Game', 'Anime', 'Trading Card Game', 'Multiplayer', 'Simulation', 'Strategy', 'Singleplayer']",Very Positive,Other Ocean Interactive,2,4,3,3,negativo
Bruce Wayne,76561198126528787,Yu-Gi-Oh! Legacy of the Duelist,"Wow. It took YEARS to make a Yu-Gi-Oh game where you have access to ANY card! And THIS is that game! Thumbs up just for that! You will play this game and feel unbeatable as you play the campaign, then go to challenge mode and flip your desk when your AI opponent draws every card that could possibly ever need on their FIRST TURN!!! Then you will go to multiplayer and be like ""WTF no ones playing?"" Come on people this game need MORE PLAYERS! If you like Yu-gi-oh in ANY way i can assure you, you will love this game.","['Card Game', 'Anime', 'Trading Card Game', 'Multiplayer', 'Simulation', 'Strategy', 'Singleplayer']",Very Positive,Other Ocean Interactive,4,5,4,3,positivo
Delimon,76561198051547341,Yu-Gi-Oh! Legacy of the Duelist,It's time to D-D-D-D-D-DUEL!,"['Card Game', 'Anime', 'Trading Card Game', 'Multiplayer', 'Simulation', 'Strategy', 'Singleplayer']",Very Positive,Other Ocean Interactive,3,5,4,3,positivo
Little Phoenix,76561198025376643,Yu-Gi-Oh! Legacy of the Duelist,"Hey not bad. so this game you have to get in-game credits to buy boaster paks to get more cards.  You start out with several fairly balanced, but not impressive, decks and can unlock more as you do campaigns.  If you feel creative, you can make your own too. This is more in-line with some of the DS games, and I always felt this was a better system of working. You get to steadily learn new cards and what they do as well as play with decks built around a concept to grasp your own.  Unlike the DS games though, the intro decks are a little bit more powerful.  With the old DS games, you had to start with a bunch of cards that *barely* won you through the game and you ended up picking the battles that you could beat easily to progress.  And believe me, this was no walk in the park. There are also a lot more cards to play with then those games, their more in-depth and the game is pretty solid.  I'm not a yugioh fan, but the video games for DS were good IMO.  This, improves on what they had 10X and gives you more to play with.","['Card Game', 'Anime', 'Trading Card Game', 'Multiplayer', 'Simulation', 'Strategy', 'Singleplayer']",Very Positive,Other Ocean Interactive,3,4,4,3,positivo
"Oh look, JJ is here! (AFK)",76561198044229474,Yu-Gi-Oh! Legacy of the Duelist,"My childhood just met up with the current me, said ey boi I got your game right and tight. This was a throwback to a simpler time. My lunchroom cardings and the thereafter hazings being a nerd and all. I fuggin loved this game as a child. Not so much the show as it gave bad instructions on actually how to play. (Im an oldie, only talking season 1 here). Lets get to the meat and tatoes. Hundreds of thousands of cards, near limitless deck building potential. Online matchmaking is a thing to test a built deck and ones tactics in real time. Expect most online interactions to be ""Magic the Gathering"" esque with players who draw poorly and will afk / wait for me to leave so they can get a free win. No honor with the young people anymore. It was 20 bucks. Badges and Achievements for a growing steam user, but Id still get this game if it was vanilla. It has almost 80 dollars USD in DLC content, so ♥♥♥♥ you konami. This is the Yu-gi-oh's dream kit regardless. So much god damn content alone in the vanilla it can keep a player busy busy busy for weeks. It is, in fact time....to...du-du-d-du-du-d-d-d-d-d-d-d-duel.","['Card Game', 'Anime', 'Trading Card Game', 'Multiplayer', 'Simulation', 'Strategy', 'Singleplayer']",Very Positive,Other Ocean Interactive,3,5,4,3,positivo
Dubz1944,76561198235154516,Yu-Gi-Oh! Legacy of the Duelist,Do you like playing Children's Card Games on Motor Cycles?! Do you have tons of money and want to prove you are better than a Spikey Hair Protagonist? Do you love the Shadow Realm but Hate 4Kids Entertainment? Well this game is right for you! It might not be the best Yugioh Card game but you can experience some of the most epic battles except for you know very Zorc or Paradox or Cube Zorc from the most recent movie. 10 out of 10.,"['Card Game', 'Anime', 'Trading Card Game', 'Multiplayer', 'Simulation', 'Strategy', 'Singleplayer']",Very Positive,Other Ocean Interactive,3,5,4,2,positivo
Lunarhuntress,76561198013239041,Yu-Gi-Oh! Legacy of the Duelist,"So finally reviewing the game itself. (Have made a review for all the DLC) Lets start with saying I have not played against other players only the campaign and the Challenge duels. The AI has a few faults and sometimes does a few missplays like useing as a material a monster for s summon to summon the very same monster but does decent plays most of the time. All the campaign duels can easly be beaten with costum made decks even by someone like me that has not played Yu-gi-oh since the early 5Ds era. The challenges are abit harder but can be beaten aswell with costum decks pretty easly if you know what you are doing. This game scratched my Yu-gi-oh itch that I have had for a while and for a system to play the game in it is pretty good but the questions if you wanna activate a card can get abiit spammy and yes I know they can be skipable but sometimes you miss when you realy wanted to activate one when you do. The booster packs....... oh the booster packs....... They are so so grindy if you want a complete card set sure you get alot of cards quickly but if you wanna finnish the collection you might need anywhere from 60,000 to 100,000 ingame currency just to get the last few cards from a booster and there is 26 diffrent booster packs..... So yes the grind is real. Will I play this game again? Not in the near future after the DLC duels I have gotten abit burnt out but maybe in a few years if I get the itch again.","['Card Game', 'Anime', 'Trading Card Game', 'Multiplayer', 'Simulation', 'Strategy', 'Singleplayer']",Very Positive,Other Ocean Interactive,3,4,4,3,positivo
The7thSaint,76561198020822530,Yu-Gi-Oh! Legacy of the Duelist,"I've been waiting YEARS for a good Yu-Gi-Oh! game to come to steam, for the $20 there's a ton of content and I couldn't be more pleased.","['Card Game', 'Anime', 'Trading Card Game', 'Multiplayer', 'Simulation', 'Strategy', 'Singleplayer']",Very Positive,Other Ocean Interactive,3,5,4,3,positivo
khermerker,76561198146522541,Yu-Gi-Oh! Legacy of the Duelist,"mmm this game deserves a mixed reviews... people probably will think this game is ok.. and probably it is.. but there are a lot of problem so if you mind all of what i will put here... then dont buy,... 1. Get cards is a pain.. really i dont get why the card packs give cards at random... basicly the best form of get the deck you want is this bug.... a. open packs until you get the card... if dont get get do b. close game start again and try again... if not get repeat c. got the card.. now do 1 duel and go back to a.... All this cause packs not always give you new cards... or even a copy of the card you want... also the extra cards you get are good for nothing.. basicly you only depend of luck for get cards .. all this to make game longer cause is not longer... and cause pvp is kinda broken by dlc... welll you will not see a point in buy it 2. duels.. well you have 2 options.. play with the deck you want .. (a pain to get) or do duel with the deck of story... and story deck... well some are a pain too.. example...  string deck depend a lot of slifer... also can't counter any trap... and yugi have a deck that deplet yours too fast... so... well you will win by luck.. not cause you have a strategy.... 3. a lot of times you will be doing this... entering main phase do you want active card... (you think not now.. later when i need it) then opponent draw and game says again... do you want active the card... (i already said no a sec ago....).... player has summon a monster so you want active a card... (again no i already said 3 times ago) ... is ending main phase 1... do you want active card....yup all that was on main phase.... asked so many times.... you could press B (x box controller) for pass all that.. but if you keep pressing too much... you will make a mistake of not active the effect you need..... 4.  this i dont know.. i tried look for how not show the animations of cards (only some have it)... i didnt find it.. if exist probably is not bad.. but for me was a pain trying to win a impossible guy... So well i put no... but its a good game if you are a fan of the series.. and you are not interested (or probably will try later ) get the dlc and not play online... if you want it for a competitive game... just go back all i put and think... i will really play this game for that.,....","['Card Game', 'Anime', 'Trading Card Game', 'Multiplayer', 'Simulation', 'Strategy', 'Singleplayer']",Very Positive,Other Ocean Interactive,3,2,3,4,negativo
BoxingBud,76561198005894566,Zavix Tower,It's a solid standard rpg but with some nuance going for it. I'm enjoying it! I would like to see more portraits but that's neither here nor there.,"['RPG', 'Indie', 'Adventure', 'Casual', 'Dungeon Crawler', 'Turn-Based', 'Strategy', 'Party-Based RPG', 'Grid-Based Movement', 'Rogue-like', 'Fantasy', 'First-Person', 'Rogue-lite', 'Singleplayer', 'CRPG', 'Retro', 'Loot', 'Turn-Based Combat', 'Demons', 'Exploration']",Mostly Positive,Batholith Entertainment,3,4,3,2,positivo
Decron,76561198068369219,Zavix Tower,Old school dungeon crawling with lots of new content added weekly. It is quite addictive due to simple gameplay and intuitive controls. I guess this game has the shortest learning curve I ever encountered.,"['RPG', 'Indie', 'Adventure', 'Casual', 'Dungeon Crawler', 'Turn-Based', 'Strategy', 'Party-Based RPG', 'Grid-Based Movement', 'Rogue-like', 'Fantasy', 'First-Person', 'Rogue-lite', 'Singleplayer', 'CRPG', 'Retro', 'Loot', 'Turn-Based Combat', 'Demons', 'Exploration']",Mostly Positive,Batholith Entertainment,2,5,4,2,positivo
Jargonaut,76561198011891156,Zavix Tower,"I normally play RPG Maker games, but do play Rogue like games occassionally too. I enjoyed this game very much and have already spend 55 hours on it and am still extremely interested in the game. Let me share with you why I like this game, and what make it so captivating. Firstly, this game is fun, and can be completed in short sessions. You start off with a team of 4 but should increase it to 6 as soon as possible to give you more firepower. Then, it is a matter of short and fun trips down the dungeon to get more XP and items. I believe it is the strategic approach that make the game real fun an interesting, and if you find the right approach, it will maintain your interest in the game. The way I normally play roguelike games is to go as far down the dungeon as I can. However, this approach is not really effective with this  game, because when you die, you lose all the items that you are carrying in your inventory, and the items equipped on your dead character. Hence I have to take a totally different approach when playing this game with the goal of NOT dying. The way that this game is setup involves a boss guarding the stairs on every 5 levels. Usually these bosses are difficult if you are not fully prepared. You can leave the dungeon and go all the way back to town anytime you from ANY level once you find a stair. However, you can enter the dungeon at intervals of every 5 levels once you defeat the boss and find the stairs too. So, to prevent unnecessary deaths, I do not face the bosses until I am fully prepared. I make short trips of 1 or 2 levels to gain more XP and upgrade better gears. I also make use of the facilities in town to Enchant or Fuse gears to get good items. Furthermore, I also farm for Epic Gears, which are the best in the game. Only when I feel that I can kill all the monsters easily, then I approach and kill the bosses guarding every 5 levels. So with this strategy, I have not died once, and have got down to level 30, killing 6 bosses, and got about 25 epic gears in the process. Like I say, the fun in this game is making short trips, gaining more fighting power, and making sure that your characters do not die. I have experiemented with many different party setups but found this party of 6 extremely effective: === 2 paladins, 2 mages, 1 cleric, 1 warrior. === With this setup, you can have 3 tanks (2 paladins+warrior), 3 healers (2 paladins+cleric) and 3 strong casters (2 mages+cleric). Boss fights can be extremely tough and you definitely need 3 tanks in front and 3 dedicated healers to keep your party alive. Furthermore, the casters are the one that does the most damages with their AOEs that can wipe out an entire battlefield of monsters. So, far I am only half way done with the game (killed 6 out of 10 bosses) but I know  that I will be having many more hours of fun with this game!! I will give another update later when I finish the game too. I highly recommend this game to anyone who like to play in burst of short, fun-filled game sessions","['RPG', 'Indie', 'Adventure', 'Casual', 'Dungeon Crawler', 'Turn-Based', 'Strategy', 'Party-Based RPG', 'Grid-Based Movement', 'Rogue-like', 'Fantasy', 'First-Person', 'Rogue-lite', 'Singleplayer', 'CRPG', 'Retro', 'Loot', 'Turn-Based Combat', 'Demons', 'Exploration']",Mostly Positive,Batholith Entertainment,3,5,4,4,positivo
DMF,76561197981509707,Zavix Tower,"I wouldnt call this a particularly good game but nevertheless i had some fun playing it. It is a quite basic and generic dungeon crawler (i dont really like to art style, also very generic, very much) that can eat up some time. 6/10.","['RPG', 'Indie', 'Adventure', 'Casual', 'Dungeon Crawler', 'Turn-Based', 'Strategy', 'Party-Based RPG', 'Grid-Based Movement', 'Rogue-like', 'Fantasy', 'First-Person', 'Rogue-lite', 'Singleplayer', 'CRPG', 'Retro', 'Loot', 'Turn-Based Combat', 'Demons', 'Exploration']",Mostly Positive,Batholith Entertainment,2,3,2,3,neutral
Raserei,76561198039399209,Zavix Tower,"Very unique take on the roguelike by adding online leaderboards to see how far you can get compared to everyone else! I love it! Add to that a randomized loot system like Diablo and group variety and you got yourself one hell of a game! Highly recommended! (For those that played Might and Magic Clouds of Xeen, this game reminds me of that a bit except focused on dungeons/combat/upgrades/loot)","['RPG', 'Indie', 'Adventure', 'Casual', 'Dungeon Crawler', 'Turn-Based', 'Strategy', 'Party-Based RPG', 'Grid-Based Movement', 'Rogue-like', 'Fantasy', 'First-Person', 'Rogue-lite', 'Singleplayer', 'CRPG', 'Retro', 'Loot', 'Turn-Based Combat', 'Demons', 'Exploration']",Mostly Positive,Batholith Entertainment,4,5,4,3,positivo
The Beast Rabban,76561198020822205,Zavix Tower,"Any old scool 16 bit square basher should really enjoy this. It's got a more phantasy star combat system but movement is square bash RPG style. Lots of fun and the dev is updating regularly. Worth it if EoB, Dungeon Master, Bloodwych, Captive et al are your thing.","['RPG', 'Indie', 'Adventure', 'Casual', 'Dungeon Crawler', 'Turn-Based', 'Strategy', 'Party-Based RPG', 'Grid-Based Movement', 'Rogue-like', 'Fantasy', 'First-Person', 'Rogue-lite', 'Singleplayer', 'CRPG', 'Retro', 'Loot', 'Turn-Based Combat', 'Demons', 'Exploration']",Mostly Positive,Batholith Entertainment,3,4,4,3,positivo
ReggieRabbit,76561198071760031,Zavix Tower,"i had originally posted a bad review because the game kept closing down and my charaters werent attacking correctly but this game has come a long ways. i am pleased to become a customer with these developers. they are the nicest people i have talked to on here and they DO listen to your comments. not all the idea's you throw at them will be put into the game. but they will ponder and think about them. they truely care what the people want and even IF the game was super bad ""in which its not"" i would still give a thumbs up just for the fact they are the nicest people on steam so far. give this game a try if you like dungeon crawling and retro style gaming","['RPG', 'Indie', 'Adventure', 'Casual', 'Dungeon Crawler', 'Turn-Based', 'Strategy', 'Party-Based RPG', 'Grid-Based Movement', 'Rogue-like', 'Fantasy', 'First-Person', 'Rogue-lite', 'Singleplayer', 'CRPG', 'Retro', 'Loot', 'Turn-Based Combat', 'Demons', 'Exploration']",Mostly Positive,Batholith Entertainment,3,4,4,3,positivo
Romulus,76561198016122089,Zavix Tower,Good game!,"['RPG', 'Indie', 'Adventure', 'Casual', 'Dungeon Crawler', 'Turn-Based', 'Strategy', 'Party-Based RPG', 'Grid-Based Movement', 'Rogue-like', 'Fantasy', 'First-Person', 'Rogue-lite', 'Singleplayer', 'CRPG', 'Retro', 'Loot', 'Turn-Based Combat', 'Demons', 'Exploration']",Mostly Positive,Batholith Entertainment,3,4,4,3,positivo
CyberDown,76561198086087452,Zavix Tower,"It plays sort of like Darkest Dungeon without insanity and keeping a large stash of characters. You have your town where you can hire new heros based on a random selection.....you can upgrade buildings to increase things...you click the tower go to the dungeon lv1 and either find the stairs to the next level until your at a level you want to be or clear it for tower level appopriate rewards...meaning youll be continually skipping easier levels...which is ok, doesnt take all that long. Recommending due to a lack of these tpyes of games.  This one is decently made but nothing special....plays just like all the others like it.  Nothing remarkable but nothing horrible about it. Pick it up on sale for sure if you are into this type of game.  Definately worth it for $5...for $15 its a bit of a stretch imo but not too much of a stretch in value.","['RPG', 'Indie', 'Adventure', 'Casual', 'Dungeon Crawler', 'Turn-Based', 'Strategy', 'Party-Based RPG', 'Grid-Based Movement', 'Rogue-like', 'Fantasy', 'First-Person', 'Rogue-lite', 'Singleplayer', 'CRPG', 'Retro', 'Loot', 'Turn-Based Combat', 'Demons', 'Exploration']",Mostly Positive,Batholith Entertainment,2,3,3,2,neutral
night4,76561198273254344,Zavix Tower,I'm trading in my old review that talked about specific points of the game for a new one: Developer harasses people that leave negative feedback. This person needs to be removed from Steam and find a new career.,"['RPG', 'Indie', 'Adventure', 'Casual', 'Dungeon Crawler', 'Turn-Based', 'Strategy', 'Party-Based RPG', 'Grid-Based Movement', 'Rogue-like', 'Fantasy', 'First-Person', 'Rogue-lite', 'Singleplayer', 'CRPG', 'Retro', 'Loot', 'Turn-Based Combat', 'Demons', 'Exploration']",Mostly Positive,Batholith Entertainment,1,1,1,2,negativo
morbiDesire,76561198083074241,Zavix Tower,"Very nice journey back to the  days of old style rpgs, althought it should have more music, some new enemies and different level designs because it's main flaw right now is being repetitive and making every level feel like the same thing, sometimes i only have to go to 3 rooms to finish a level and that just takes the whole chalenge out of it. Very good rpg game for people who are new to the rpg scene but veterans may find it a bit dull and easy. 7/10","['RPG', 'Indie', 'Adventure', 'Casual', 'Dungeon Crawler', 'Turn-Based', 'Strategy', 'Party-Based RPG', 'Grid-Based Movement', 'Rogue-like', 'Fantasy', 'First-Person', 'Rogue-lite', 'Singleplayer', 'CRPG', 'Retro', 'Loot', 'Turn-Based Combat', 'Demons', 'Exploration']",Mostly Positive,Batholith Entertainment,3,4,3,2,positivo
B9_WALKER,76561198315742665,Zavix Tower,"Zavix Tower - reinkarnatsioon Might and Magic? või jätkub? Ei ole! - see on uus mäng! >Esimese minuti mäng ma olin tõesti väga õnnelik sellega, et Might and Magic on tagasi! Ma olen alati olnud fänn Might and Magic ja hilisemad osad on mind lihtsalt pettunud ja siin selline kingitus! Zavix Tower - see on kõigi poolt armastatud vana hea omakorda põhinev RPG-strateegia quests ja hea storyline.  >Krunt mäng kulgeks ümber linna ja salapärane tornid mida me peame uurima ja likvideerida kõigest vaimud kus mängus on palju erinevaid mõõtmisi. Kuid nende võigas tornid leiame mitte ainult julm lahing kuid kõiki võimalikke peidukohti ja kummutid esemeid, kuid see uudis lahjendab ka see, et lisaks kasulikud asjad need tornid on täis lõkse, nii et mõtle kas tasub riskida, et saada võimalus leida hea artefakt, kuid lõksu sattuda. Lahing moodustavad vastavalt sammuga strateegia, mille oma käigud ja vastase käigud on määratletud arvust algatus, mida suurem on seda varem! Lahing lahkuda ei saa, nii et tuleb mõelda läbi kõik oma sammud. Iga tase vastane muutub üha tugevamaks ja tugevamaks, kuid tasu kasvab. Tasub mitte unustada ka seda, et meie vaprad sõdurid peavad olema ja suurepärane seadmed ja tarvikud! Esemeid ja armor on võimalik leida ja saada tasu tornis kas osta linna eest au või raha eest mis sa oled teeninud. Seadistamine on oluline tegur, sest vastu Ülemused sul on halb hoida löök esialgse armor!  >Graafika on minu jaoks väga armastatud veel Might and Magic ja minu arvates on see ideaalne! Graafika bugs ma ei ole märganud et meeldib. Mäng on suurepärane heli ja suurepärane heli efekte, naeruväärne heli siin ei kuule. Vigu ja bugs ajal minu mängud ma ei märganud.  >Hinnang: 10/10 Kuidas fänny Might and Magic see mäng mulle väga meeldib ja kui sa tahad, et meenutada vanu häid Kangelased siis soovitan soetada Zavix Tower! Autorid on ajendatud mäng täiuslikkuse ja selle eest neile suur-suur aitäh! Usun ma selles mängus veeta rohkem kui tosin tundi.","['RPG', 'Indie', 'Adventure', 'Casual', 'Dungeon Crawler', 'Turn-Based', 'Strategy', 'Party-Based RPG', 'Grid-Based Movement', 'Rogue-like', 'Fantasy', 'First-Person', 'Rogue-lite', 'Singleplayer', 'CRPG', 'Retro', 'Loot', 'Turn-Based Combat', 'Demons', 'Exploration']",Mostly Positive,Batholith Entertainment,5,5,5,4,positivo
Lazero,76561198040557124,Zavix Tower,"Colorful dungeon crawler, with grouped party, easy to pick up and play. Its a fun run up a towers floors. You also have a town to return to and upgrade, make party choices (start with four), make purchases or sell loot, teach you party new skills. Standard characters to play, warrior,rogue,mage,etc. You can choose the skills each for your builds. Not sure how any pay works, havent seen a deep need to buy the crystals, as it seems you can just earn them in game.","['RPG', 'Indie', 'Adventure', 'Casual', 'Dungeon Crawler', 'Turn-Based', 'Strategy', 'Party-Based RPG', 'Grid-Based Movement', 'Rogue-like', 'Fantasy', 'First-Person', 'Rogue-lite', 'Singleplayer', 'CRPG', 'Retro', 'Loot', 'Turn-Based Combat', 'Demons', 'Exploration']",Mostly Positive,Batholith Entertainment,3,4,4,2,positivo
Apterous,76561197994827301,Zavix Tower,pretty good dungeon crawler to kill some time,"['RPG', 'Indie', 'Adventure', 'Casual', 'Dungeon Crawler', 'Turn-Based', 'Strategy', 'Party-Based RPG', 'Grid-Based Movement', 'Rogue-like', 'Fantasy', 'First-Person', 'Rogue-lite', 'Singleplayer', 'CRPG', 'Retro', 'Loot', 'Turn-Based Combat', 'Demons', 'Exploration']",Mostly Positive,Batholith Entertainment,2,4,3,3,positivo
arconoff,76561198045360299,Zavix Tower,"A really good game, still not yet finished but with a few more classes this will be a very enjoyable dungeon crawl game. Im enjoying it far more than i expected.","['RPG', 'Indie', 'Adventure', 'Casual', 'Dungeon Crawler', 'Turn-Based', 'Strategy', 'Party-Based RPG', 'Grid-Based Movement', 'Rogue-like', 'Fantasy', 'First-Person', 'Rogue-lite', 'Singleplayer', 'CRPG', 'Retro', 'Loot', 'Turn-Based Combat', 'Demons', 'Exploration']",Mostly Positive,Batholith Entertainment,3,4,4,3,positivo
rovaira2,76561198002189495,Zavix Tower,"This game is worth every dime. The game is fun, and a challenge. You try and defeat the boss (usually 1 every 6 floors or so), and if you die you start back at floor 1, or the floor above the last boss you defeated. You get armor, stats, get a larger party, unlock classes, etc. along the way. It's turned base, and a lot of fun.","['RPG', 'Indie', 'Adventure', 'Casual', 'Dungeon Crawler', 'Turn-Based', 'Strategy', 'Party-Based RPG', 'Grid-Based Movement', 'Rogue-like', 'Fantasy', 'First-Person', 'Rogue-lite', 'Singleplayer', 'CRPG', 'Retro', 'Loot', 'Turn-Based Combat', 'Demons', 'Exploration']",Mostly Positive,Batholith Entertainment,3,5,4,4,positivo
Rhev,76561198015337264,Zavix Tower,"This is the best game I ever played in 1996.  The only problem is it's not 1996, it's 2016. Look, this game is actually pretty fun for what it is.  What it is; a procedural dungeon crawler with a fun late 90s vibe.  If you played and enjoyed those games, you'll like this.  It's done well and the cash shop doesn't feel like it's beaten over your head.  It's a free to play game, you could kill a little time with it, or not.  But honestly for free, it's really not too bad.","['RPG', 'Indie', 'Adventure', 'Casual', 'Dungeon Crawler', 'Turn-Based', 'Strategy', 'Party-Based RPG', 'Grid-Based Movement', 'Rogue-like', 'Fantasy', 'First-Person', 'Rogue-lite', 'Singleplayer', 'CRPG', 'Retro', 'Loot', 'Turn-Based Combat', 'Demons', 'Exploration']",Mostly Positive,Batholith Entertainment,3,4,4,2,positivo
willsama974,76561198080123570,Zavix Tower,"Quite enjoyable turn-based light crawler, still in dev and getting updates on a weekly basis.","['RPG', 'Indie', 'Adventure', 'Casual', 'Dungeon Crawler', 'Turn-Based', 'Strategy', 'Party-Based RPG', 'Grid-Based Movement', 'Rogue-like', 'Fantasy', 'First-Person', 'Rogue-lite', 'Singleplayer', 'CRPG', 'Retro', 'Loot', 'Turn-Based Combat', 'Demons', 'Exploration']",Mostly Positive,Batholith Entertainment,3,4,4,3,positivo
xsvenom,76561197973490554,Zavix Tower,"5 star old school dungen crawl. Loads of fun, buy it.","['RPG', 'Indie', 'Adventure', 'Casual', 'Dungeon Crawler', 'Turn-Based', 'Strategy', 'Party-Based RPG', 'Grid-Based Movement', 'Rogue-like', 'Fantasy', 'First-Person', 'Rogue-lite', 'Singleplayer', 'CRPG', 'Retro', 'Loot', 'Turn-Based Combat', 'Demons', 'Exploration']",Mostly Positive,Batholith Entertainment,3,5,4,3,positivo
Wraith_Magus,76561197971948490,Zavix Tower,"Now that this game is for $15, (it was previously ""freemium"" with backpack space and the like costing money) I can really say that it's not worth the money.  It doesn't attempt to do anything new with the genre, or even learn from how the genre has advanced in a decade, and seemingly has no concept that other ""modern RPGs"" exist. The developer has apparently not played any games not made by Blizzard in 20 years, and is gripped by a crippling fear of doing anything different from Blizzard in any way. EDIT: While I was going to leave this off to keep from making a review that responds to the way I have been personally treated, and seen others treated, by the developer, I have to say this at this point: The deveoper has super-thin skin, and has to personally respond to each and every forum post that says any sort of suggestion for the game, usually insulting anyone suggesting anything he wasn't already planning on doing implicitly, or even openly.  The hostile tone of this review is in no small way a direct result of the bullying the developer practices against customers in his forums. I say this now because the developer has apparently been recruiting people to harrass negative reviewers at this point. This is practically reaching Digital Homicide levels of abusiveness. Please don't support developers that do this crap. This game looks and feels like a freemium mobile game, (albiet one that rips off WoW's art style,) but the mindless repetitive gameplay is far less of an asset to a full PC game where the game needs to sustain your full, undivided attention. Story is essentially non-existant at this point with big ""coming soon"" signs, but given the genre, the story is typically an excuse plot, anyway.  You're four random strangers that met at a bar and are killing bigger and bigger orcs for their pies and loot with a slightly higher +something. Oh, and you probably have to do it to save the world because the darn world always needs saving. Gameplay is paint-by-numbers dungeon crawling. You start with 4 heroes of 4 classes, and you know exactly what four, because they're the same D&D started off with.  You will find absolutely nothing of interest in chracter-building (they are only now even working on having the ability to name your new characters ""by popular request"") or in combat, which mostly amounts to spamming the basic attacks or the one skill you upgraded to max mindlessly. Skills are purchased for gold, but ""talent points"" are used to upgrade skills, although the interface for this is (apparently intentionally) terribly uninformative. Given the nature of the game, you pretty much pick one skill you like and max it out.  With one talent point per level and 5 linearly-improving points to sink into each talent, you basically only make a real choice every 5 levels since this sort of game gives zero incentive not to min-max.  Respecing used to cost money or take ""quests"" but now just takes ""quests"". ""Quests"" in this game are arbitrary things that pop up as you enter the dungeon.  (I'm not sure if I'd praise it for streamlining the process if they weren't going to make quest choice meaningful or not, but I'm sure quest givers are ""coming soon"" as well.) Given the limited number of ways you can interact with this dungeon, and how you have almost no control over what you fight, the ""quests"" basically amount to ""kill the things you were going to kill anyway, and you'll get some of the special game currency from back when this was freemium"". Loot is pretty much straight Diablo-style.  Common drops have base stats for a given tier, but color-coded uncommons, rares, and yes, even purple ""epic"" equipment have additional bonuses to random stats. Dungeons are just a bunch of random square rooms that eventually lead to a stairwell up which, in sheer game logic, gives you the option to exit, as well.  The game claims it has ""roguelike"" mechanics, but all it really has is procedural dungeon layouts, and even that is moot because dungeons are so featureless that they might as well be drawing ""encounters"" from a deck of cards, and do away with the concept of space, entirely. In essence, there's nothing here other games at this price point don't do better.  Look at these other games, which have every feature this game has, plus have more innovative features, plus better game balance, are around the same price, and are old enough to go on sale and be cheaper (Paper Sorcerer is $5 even before a sale, and a far more deep game!): Or go for , which realized its rut and actually tried to reinvent itself to a fair degree of success. For that matter, get a DS or a Vita, and play the dozens of Wizardry clones like the Etrian Odyssey series (at least, past the first game...) or the like where at least being mindless and repetitive is an advantage on a mobile device.","['RPG', 'Indie', 'Adventure', 'Casual', 'Dungeon Crawler', 'Turn-Based', 'Strategy', 'Party-Based RPG', 'Grid-Based Movement', 'Rogue-like', 'Fantasy', 'First-Person', 'Rogue-lite', 'Singleplayer', 'CRPG', 'Retro', 'Loot', 'Turn-Based Combat', 'Demons', 'Exploration']",Mostly Positive,Batholith Entertainment,1,2,1,2,negativo
Mike,76561198035506750,Zigfrak,"The game is a total mess, nothing works and the graphics are glitchy. Oh and no tutorial = No idea what I'm doing.","['Action', 'Indie', 'RPG', 'Space', 'Sci-fi', 'Open World', 'Space Sim', 'Simulation', 'Loot']",Mostly Positive,Entheogen Studios LLC,1,1,1,2,negativo
cavanasm,76561198050715681,Zigfrak,"Starts a bit slow, but eventually picks up the pace quite a bit. The crazy volumes of lootable items mean inventory management is also a big feature of the game, but finding the best possible weapons and ammunition (yes, you have to manage bullet types as well) is pretty rewarding when you see enemies that may have been difficult before get shredded. The jokes cover an enormous range of topics, and vary from simple puns (you use a ""Crap Trap"", ala Borderlands, to grab crap from space), to more satirical things, which span entire questlines.","['Action', 'Indie', 'RPG', 'Space', 'Sci-fi', 'Open World', 'Space Sim', 'Simulation', 'Loot']",Mostly Positive,Entheogen Studios LLC,4,4,4,3,positivo
tinhat,76561197961091775,Zigfrak,noooooooo its rubish and booring,"['Action', 'Indie', 'RPG', 'Space', 'Sci-fi', 'Open World', 'Space Sim', 'Simulation', 'Loot']",Mostly Positive,Entheogen Studios LLC,1,1,1,2,negativo
M6Hurricane,76561197977892146,Zigfrak,"The gameplay is a little wonky, like the click and drag thing gets old quick when there's enemies whizzing around your ship and you've just run out of mousepad. The tutorial doesn't explain enough (e.g. the combat training doesn't show you where your hull indicator is!) and the UI is absolutely atrocious... everything is in drop down menus, and it's hard to tell where that thing you looted from that derilct ship went. Overall, a promising proof of concept, but it falls way, WAY short of Rebel Galaxy.","['Action', 'Indie', 'RPG', 'Space', 'Sci-fi', 'Open World', 'Space Sim', 'Simulation', 'Loot']",Mostly Positive,Entheogen Studios LLC,2,2,3,3,negativo
death-cult-devotion,76561197980237591,Zigfrak,"this game was an astoundingly good game for the price, there is quite a number of hours of gameplay, a good selection of weapons, not particularly challanging combat but this game has more of a casual vibe to it but not a cake walk either, a riviting story with interesting situations in my opinion quite entertaining over all. highly recommended.","['Action', 'Indie', 'RPG', 'Space', 'Sci-fi', 'Open World', 'Space Sim', 'Simulation', 'Loot']",Mostly Positive,Entheogen Studios LLC,4,4,4,2,positivo
aCdhell,76561198020766718,Zigfrak,"the ui is horrible the overview and gameflow weird but its a mix between a 4x title and diablo If you can deal with games that take you a while to get into and you look for a new kind of grind, go for it.","['Action', 'Indie', 'RPG', 'Space', 'Sci-fi', 'Open World', 'Space Sim', 'Simulation', 'Loot']",Mostly Positive,Entheogen Studios LLC,2,3,3,3,neutral
Hydra,76561198106534375,Zigfrak,"I woulded up imagination Because you will get bored, bored is something that you will get because of your boring feeling  wait what what if whe ness and yours would probally be alot better in worse than your other av then what is what wt what omg that ould be so annoying, what the ♥♥♥♥, ♥♥♥♥ is what, but what if you ♥♥♥♥would at be able iould ♥♥♥♥ ♥♥♥♥ ♥♥♥♥ what whate abe as you would choose frm a normal grerytore in geneal. pease do not buiyou do not ker duck ans not aknow the value of thele thing and you wouldker duck ans nrt of the poop sckchit because if you dont spell it right why woulgroceryot a also get alot very orduckero annoying, what the ♥♥♥♥, ♥♥♥♥ is what, but what if you ♥♥♥♥would what be able iould ♥♥♥♥♥♥♥♥♥what whate abe you would  duck ans not an doame ant as you would choose from a nor grocery stbut if you do not ker ans not aknow the value of thele thing and you wouldker duck ans nrt of the poop sckchit because if you dont spell it ore in general. pleoeoneat omg that ould be s doat wee a part of the poop sckchit because if you dont spo annoying, what the ♥♥♥♥, ♥♥♥♥ is what, b what if ycloicu wiker duck s ll gt becs you w choose from ae of your boring f an doame ant as you would choose from a normal it right why woulgrocery store in o annoying, what the ♥♥♥♥, ♥♥♥♥ is whatit men e same thing then? omg dont buy because I hate this♥♥♥♥♥♥I like space please do it cus its  logicu oose frogrocery store igeneral. pleoeone s doat wee a part of the poop sckchit because if you dont spell it rig woulgroceryrt of the poop sckceeling  ait what what if whe ness and yours would proballbetter inrse thanker ducans nl grocery store in general. pleoeones doat wee a part of p sckchit because if young that you will get because of your boring feeling  wait what what if whe ness and yours would probally be alot better in worse than your other av then what is what wt what omg that ould be so annoying, what the , ♥♥♥♥ is what, but what if youkwould what be aould ♥♥♥♥ fhat whate abe as you would choose frm a normal grery store in geneal. pease do not but if you do not ker duck ans not aknow the value of thele thing and you wouldker duck ans nrt of the poop sckchit be cause if you dont spell it right why woulgroceryot a also get alot very or duckero annoying, what the ♥♥♥♥, ♥♥♥♥ is what, but what if you ♥♥♥♥would what be able iould ♥♥♥♥ ♥♥♥♥ ♥♥♥♥ what whate abe ahe ness and yours woulwoulgroceryot a also get alot very or duckero annoying, what thceryot a also get alot very or duckero annoying, what the ♥♥♥♥, ♥♥♥♥ is what,hat  ♥♥♥♥would what be able iould ♥♥♥♥ ♥♥♥♥ ♥♥♥♥ what whate abe ahe s and yours woulwoulgroceryot a also get alot very o r duckero annoying, what the ♥♥♥♥, ♥♥♥♥ is what, but what if you ♥♥♥♥would what be able iould ♥♥♥♥ ♥♥♥♥ ♥♥♥♥ what whate abe ahe ness and yours would proballbetter inorse thanker hat if you ♥♥♥♥would what be able iould ♥♥♥♥ ♥♥♥♥ ♥♥♥♥ what whate abe as you would ell it why woulgrocery store in o annoying, what the ♥♥♥♥, ♥♥♥♥ is what, but what if you ♥♥♥♥would what be able ioulwhat whate abe as you would general. pldnt it men e same thing then? omg do bu because I hate this♥♥♥♥♥♥I like space please do it cus its  logicu wiker duck rigt why woulgrocery stduck ans not a your other av then what is what w what omg thte ♥♥♥♥, ♥♥♥♥ is what, but what if yoceryot a also get alot very or duckero annoying, what t ♥♥♥♥, ♥♥♥♥ iwhat, buthat if you ♥♥♥♥would what be able iould ♥♥♥♥ ♥♥♥♥ ♥♥♥♥ what whate abe he ness and s woululgrocery ot a also get alot very or duckero annoying, what the ♥♥♥♥, ♥♥♥♥ is what, but what if you ♥♥♥♥uld what e able iould ♥♥♥♥ ♥♥♥♥ ♥♥♥♥ what whate abe ahe ness and yours llbetter inrse thanker dans not a yoother av then what is what w what omg thtu kwold what be able iulck ♥♥♥♥ ♥♥♥♥atate abe ahe ness and yourould proballbetter inorse thanker duck ans not a yor other av then ww what omg thtof the poop sckchit cause if you dont spel ore in g eneral. leoeoneat omg that ould beoat wee a part of the poop sckchit because if you dont spo annoying, what the fuc ♥♥♥♥ is what,hat if you ♥♥♥♥would wha e able iould ♥♥♥♥ f what whate abe as you would ell it right why woulgrowould general. pldnt it men e same thing then? omg dont buy because I hate this♥♥♥♥♥♥I like sce please do it cus its  logicu wiker duck ans not all gt becaus you would choose from ae of your","['Action', 'Indie', 'RPG', 'Space', 'Sci-fi', 'Open World', 'Space Sim', 'Simulation', 'Loot']",Mostly Positive,Entheogen Studios LLC,0,1,1,2,negativo
Erlioth,76561197984450477,Zigfrak,With some better art assets this game would be GOAT Gameplay is great,"['Action', 'Indie', 'RPG', 'Space', 'Sci-fi', 'Open World', 'Space Sim', 'Simulation', 'Loot']",Mostly Positive,Entheogen Studios LLC,2,4,3,3,positivo
briman44,76561198047866376,Zigfrak,"This game is unbelievable. Very nice job. Great work. I'm running this on my laptop, and it looks great, plays great and WOW. Support this game it has already paid for it's self at such a low price. No brainer","['Action', 'Indie', 'RPG', 'Space', 'Sci-fi', 'Open World', 'Space Sim', 'Simulation', 'Loot']",Mostly Positive,Entheogen Studios LLC,3,5,4,2,positivo
floboug,76561198089989828,Zigfrak,"hahahahaaaaaaaaa It's fun ! --> easy to play (flying, shooting, docking, jumping etc) --> nice to see foes explode and loot gathering --> missions understandable and nice --> how could i had messed with that umplayable and out of price Eve ?? Yes yes i recommand it ... well you haven't bought it yet ?  0,o","['Action', 'Indie', 'RPG', 'Space', 'Sci-fi', 'Open World', 'Space Sim', 'Simulation', 'Loot']",Mostly Positive,Entheogen Studios LLC,3,5,4,2,positivo
Harm,76561197994281375,Zigfrak,7 out of 10 Note: Not for people prone to seizures.  Lots of screen flashing! A very nice space shooter.  The focus of the game is on fighting and looting.  There are mining and exploration elements in the game however these are under developed. I had quite good time playing this game.  I often pondered that all that all that is missing is some voice acting (and cut scenes). The good: 1. Many epic space battles.  So much so that it becomes common and boring after a while. 2. Great variety of equipment. The bad: 3. It can be hard to spot your currently targeted enemy especially if the action becomes hectic or the enemy is far away.  A brighter color rectangle would have helped. 4. All the areas are basically the same.  The backgrounds are flat and does not change no matter how much you move. 5. Some background space stuff would have been nice.  This would have assisted in the creating the feeling of a lifelike environment. It almost feels like your space ship stands still while everything else moves. The ugly: 6. Expect to die sometimes.  Especially around the middle of the game when the enemies become tougher and you do not have the top of line equipment yet. But you respawn.  It sort of spoils it a bit. 7. The epic space battles can be overwhelming to the point of total confusion of what is going on.,"['Action', 'Indie', 'RPG', 'Space', 'Sci-fi', 'Open World', 'Space Sim', 'Simulation', 'Loot']",Mostly Positive,Entheogen Studios LLC,2,4,2,3,positivo
danny_maland,76561197988077759,Zigfrak,"I can't recommend Zigrafk in its current form, but it's a great idea. Why not bring the loot-filled fun of ""Torchlight"" or ""Borderlands"" to the space-sim genre? The notion is brilliant, because it can, in theory, speed up the ""go on missions, upgrade your ride"" loop to a lightning pace. (And it can also create some very zany ship loadouts.) The problem here is not the lack of a novel idea. No, the problem is the execution of the flying and fighting. Zigfrak delivers a disappointing experience on those fronts, with strange ship handling and uninspired ""dogfight"" mechanics. There's also the problem of all the HUD displays that pop onto the screen, covering a huge amount of visual real-estate with what amounts to database entries. These elements, as drivers of the wider loot mechanic, have to be a lot of fun...but they aren't yet. They feel like they didn't get very much attention. What I would love to see Entheogen do would be to mod a game that already has fun combat and flight mechanics. A specialized loot installation, modification, and crafting mechanic could be built for stations and planets, making that part of the game a focused experience all on its own. The problem with a negative critique is that you're essentially shooting down somebody's hard work. I especially hate to do that with something like this, which tries to go in a bold direction. The developers have come up with an underlying concept that I really want to play - it's just that the actual playing isn't engaging.","['Action', 'Indie', 'RPG', 'Space', 'Sci-fi', 'Open World', 'Space Sim', 'Simulation', 'Loot']",Mostly Positive,Entheogen Studios LLC,3,1,2,2,negativo
Microsoft PowerPoint,76561198080399577,Zigfrak,Got boring to quickly,"['Action', 'Indie', 'RPG', 'Space', 'Sci-fi', 'Open World', 'Space Sim', 'Simulation', 'Loot']",Mostly Positive,Entheogen Studios LLC,2,2,3,2,negativo
TamaSaga,76561198028325917,Zigfrak,"I'd give it a 6.5. The items and their descriptions can be hilarious.  For instance, you start out with a ""dusty cannon"" and it's got ""a colony of bunnies live inside."" I also like the ability to thrust and slide in three dimensional space. That said, I do have a problem with the interface. For instance, the inventory menu.  I suppose the easiest way to explain it is that It's really compact.  All you have to distinguish the different weapon icons is the border.  Brown/Green/Blue/Purple...etc.  Unlike other rpg games where different items may have different icons, here you find that all cannons look the same.  All pulse cannons look the same.  Etc.  I have to mouse over each item just to see what it is. That wouldn't be so bad...except the game sorts everything for you.  I'm a messy guy, so I subscribe to the school of controlled chaos.  I'm the type who would store the useful items on one side of the inventory and the junk go on the other.  That way, when I land, I know what leaves and what stays. Here...The junk and the good stuff are lumped together by category, and it also looks like by level.  Quite frankly, I'm not going to remember what order the cannons are in...so once I hit level 7 and then open up the inventory to equip that cannon that had a level 7 requirement, I end up having to mouse over each item just to find it. Did I mention that the inventory menu was compact?  Guess what? The item details end up being in a window like 1/5th the required size.  And that's important why?  It means you have to scroll.  And why do you have to scroll?  Because to equip an item, you have to go to the equip options that come AFTER the description.  Right clicking like in other games doesn't work, it just brought up the descriptions. That reminds me...it looks like there's a fuel and ammo system in this game.  After some poking around, it occurred to me that I can pull that information up by accessing my inventory and then checking the engine and each individual weapon.  I think that's how you do it.  Couldn't there have been some sort of HUD for this? I'll recommend it, because it truly does seem like an interesting game.  But this user interface could've been streamlined.","['Action', 'Indie', 'RPG', 'Space', 'Sci-fi', 'Open World', 'Space Sim', 'Simulation', 'Loot']",Mostly Positive,Entheogen Studios LLC,3,4,4,3,neutral
Darth Soul,76561198092237793,Zigfrak,Weak gameplay.,"['Action', 'Indie', 'RPG', 'Space', 'Sci-fi', 'Open World', 'Space Sim', 'Simulation', 'Loot']",Mostly Positive,Entheogen Studios LLC,1,1,2,2,negativo
David,76561198071421958,Zigfrak,"Hey, engines don't make a good game. I'm having a lot of fun dashing around in my third person cockpit killing enemy hordes and collecting their salvaged loot. <Tons of replayabilty <Tons of missions <Great story <Many planets and worlds <Randomized loot and encounters to keep the game fresh, not minorly, but greatly impacting the game's features almost making it a roguelike. <Lots of items, powerups, weapons, addons to your ship. <Developers give patches and updates frequently and are kind. The only downside to this game is that it's amazingly underrated. Great game.","['Action', 'Indie', 'RPG', 'Space', 'Sci-fi', 'Open World', 'Space Sim', 'Simulation', 'Loot']",Mostly Positive,Entheogen Studios LLC,4,5,4,3,positivo
Osiris,76561198018453980,Zigfrak,"After playing a couple hours hours I have to give this a thumbs down. Initially I was excited for the loot but the graphics are killing me... If the backgrounds and effects weren't a trip into psychedelia I would enjoy the game. Pros: lot of loots, good sized map Cons: graphic nightmare If you can tolerate the horrible flashing mess of the graphics then the game is okay for it's price.","['Action', 'Indie', 'RPG', 'Space', 'Sci-fi', 'Open World', 'Space Sim', 'Simulation', 'Loot']",Mostly Positive,Entheogen Studios LLC,2,3,1,2,negativo
RatBastage,76561197982833337,Zigfrak,"I really can not understand why anyone would think this was a great game... it would make a decent tablet game... but for a PC or console it is bad. The UI is a disaster. For example you keep targeting ships even when they are dead and the only way to know they are dead is a new word is added listing them as disabled. This makes for a real problem when you have 5 or 6 dead ships and several live ones. You keep trying to target the ones killing you but the more you kill the worse the odds of targeting a live ship. What the hell? Heck you will even target friendly ships over live enemy ships. The game is cheap as heck, but you get what you pay for.","['Action', 'Indie', 'RPG', 'Space', 'Sci-fi', 'Open World', 'Space Sim', 'Simulation', 'Loot']",Mostly Positive,Entheogen Studios LLC,1,1,2,2,negativo
sara_bear,76561198035054806,Zigfrak,"Horrible graphics. Difficult to near impossible to tell what's going on from the visuals. For a space flight sim, this is the worst I've seen in over a decade.","['Action', 'Indie', 'RPG', 'Space', 'Sci-fi', 'Open World', 'Space Sim', 'Simulation', 'Loot']",Mostly Positive,Entheogen Studios LLC,1,1,1,5,negativo
SnowSlaaMM,76561197970956777,Zigfrak,"One of the best indie tiltes out there. Flying with keyboard is easy like Freelancer was,is not the same layout. Fights can be intence and  a little crazy. The game feature a ""last stand on death mode"" kinda like Borderlands series. Oh and the game is a great value. Wins the Fun per dollar catagory hands down. This is not a space simulation. I'm not a ""space simulation"" guy BTW","['Action', 'Indie', 'RPG', 'Space', 'Sci-fi', 'Open World', 'Space Sim', 'Simulation', 'Loot']",Mostly Positive,Entheogen Studios LLC,3,4,4,3,positivo
